step,time_s,evidence_type,gda_query_latency_ms,gda_build_time_ms,gda_total_time_ms,gda_nodes,gda_edges,gda_query_count
0,0.000,replay,0.000000,0.035858,0.035858,9,13,0
1,0.100,replay,0.000000,0.020448,0.020448,9,13,0
2,0.200,replay,0.000000,0.015088,0.015088,9,13,0
3,0.300,replay,0.000000,0.015308,0.015308,9,13,0
4,0.400,replay,0.000000,0.026349,0.026349,9,13,0
5,0.500,replay,0.000000,0.014497,0.014497,9,13,0
6,0.600,replay,0.000000,0.019126,0.019126,9,13,0
7,0.700,replay,0.000000,0.030047,0.030047,9,13,0
8,0.800,replay,0.000000,0.025217,0.025217,9,13,0
9,0.900,replay,0.000000,0.030367,0.030367,9,13,0
10,1.000,replay,0.000000,0.023925,0.023925,9,13,0
11,1.100,replay,0.000000,0.015580,0.015580,9,13,0
12,1.200,replay,0.000000,0.013906,0.013906,9,13,0
13,1.300,replay,0.000000,0.014848,0.014848,9,13,0
14,1.400,replay,0.000000,0.018295,0.018295,9,13,0
15,1.500,replay,0.000000,0.023684,0.023684,9,13,0
16,1.600,replay,0.000000,0.022002,0.022002,9,13,0
17,1.700,replay,0.000000,0.035747,0.035747,9,13,0
18,1.800,replay,0.000000,0.018875,0.018875,9,13,0
19,1.900,replay,0.000000,0.021591,0.021591,9,13,0
20,2.000,replay,0.000000,0.031190,0.031190,9,13,0
21,2.100,replay,0.000000,0.016731,0.016731,9,13,0
22,2.200,replay,0.000000,0.018906,0.018906,9,13,0
23,2.300,replay,0.000000,0.014156,0.014156,9,13,0
24,2.400,replay,0.000000,0.014738,0.014738,9,13,0
25,2.500,replay,0.000000,0.013877,0.013877,9,13,0
26,2.600,replay,0.000000,0.017974,0.017974,9,13,0
27,2.700,replay,0.000000,0.020409,0.020409,9,13,0
28,2.800,replay,0.000000,0.015359,0.015359,9,13,0
29,2.900,replay,0.000000,0.014938,0.014938,9,13,0
30,3.000,replay,0.000000,0.023675,0.023675,9,13,0
31,3.100,replay,0.000000,0.014928,0.014928,9,13,0
32,3.200,replay,0.000000,0.013976,0.013976,9,13,0
33,3.300,replay,0.000000,0.017061,0.017061,9,13,0
34,3.400,replay,0.000000,0.013916,0.013916,9,13,0
35,3.500,replay,0.000000,0.018575,0.018575,9,13,0
36,3.600,replay,0.000000,0.026501,0.026501,9,13,0
37,3.700,replay,0.000000,0.015799,0.015799,9,13,0
38,3.800,replay,0.000000,0.014117,0.014117,9,13,0
39,3.900,replay,0.000000,0.035918,0.035918,9,13,0
40,4.000,replay,0.000000,0.041168,0.041168,9,13,0
41,4.100,replay,0.000000,0.014328,0.014328,9,13,0
42,4.200,replay,0.000000,0.013736,0.013736,9,13,0
43,4.300,replay,0.000000,0.023074,0.023074,9,13,0
44,4.400,replay,0.000000,0.027843,0.027843,9,13,0
45,4.500,replay,0.000000,0.017572,0.017572,9,13,0
46,4.600,replay,0.000000,0.018505,0.018505,9,13,0
47,4.700,replay,0.000000,0.016992,0.016992,9,13,0
48,4.800,replay,0.000000,0.015260,0.015260,9,13,0
49,4.900,replay,0.000000,0.016601,0.016601,9,13,0
50,5.000,replay,0.000000,0.023484,0.023484,9,13,0
51,5.100,replay,0.000000,0.022492,0.022492,9,13,0
52,5.200,replay,0.000000,0.023705,0.023705,9,13,0
53,5.300,replay,0.000000,0.022723,0.022723,9,13,0
54,5.400,replay,0.000000,0.014427,0.014427,9,13,0
55,5.500,replay,0.000000,0.013545,0.013545,9,13,0
56,5.600,replay,0.000000,0.013325,0.013325,9,13,0
57,5.700,replay,0.000000,0.013795,0.013795,9,13,0
58,5.800,replay,0.000000,0.017783,0.017783,9,13,0
59,5.900,replay,0.000000,0.017904,0.017904,9,13,0
60,6.000,replay,0.000000,0.018154,0.018154,9,13,0
61,6.100,replay,0.000000,0.017864,0.017864,9,13,0
62,6.200,replay,0.000000,0.013847,0.013847,9,13,0
63,6.300,replay,0.000000,0.022022,0.022022,9,13,0
64,6.400,replay,0.000000,0.013706,0.013706,9,13,0
65,6.500,replay,0.000000,0.013827,0.013827,9,13,0
66,6.600,replay,0.000000,0.021711,0.021711,9,13,0
67,6.700,replay,0.000000,0.018866,0.018866,9,13,0
68,6.800,replay,0.000000,0.013676,0.013676,9,13,0
69,6.900,replay,0.000000,0.014467,0.014467,9,13,0
70,7.000,replay,0.000000,0.014157,0.014157,9,13,0
71,7.100,replay,0.000000,0.013736,0.013736,9,13,0
72,7.200,replay,0.000000,0.013475,0.013475,9,13,0
73,7.300,replay,0.000000,0.022914,0.022914,9,13,0
74,7.400,replay,0.000000,0.021310,0.021310,9,13,0
75,7.500,replay,0.000000,0.021210,0.021210,9,13,0
76,7.600,replay,0.000000,0.014257,0.014257,9,13,0
77,7.700,replay,0.000000,0.016421,0.016421,9,13,0
78,7.800,replay,0.000000,0.043503,0.043503,9,13,0
79,7.900,replay,0.000000,0.013977,0.013977,9,13,0
80,8.000,replay,0.000000,0.014287,0.014287,9,13,0
81,8.100,replay,0.000000,0.015388,0.015388,9,13,0
82,8.200,replay,0.000000,0.027993,0.027993,9,13,0
83,8.300,replay,0.000000,0.013866,0.013866,9,13,0
84,8.400,replay,0.000000,0.013465,0.013465,9,13,0
85,8.500,replay,0.000000,0.013285,0.013285,9,13,0
86,8.600,replay,0.000000,0.019066,0.019066,9,13,0
87,8.700,replay,0.000000,0.018475,0.018475,9,13,0
88,8.800,replay,0.000000,0.013385,0.013385,9,13,0
89,8.900,replay,0.000000,0.014467,0.014467,9,13,0
90,9.000,replay,0.000000,0.016902,0.016902,9,13,0
91,9.100,replay,0.000000,0.017593,0.017593,9,13,0
92,9.200,replay,0.000000,0.013615,0.013615,9,13,0
93,9.300,replay,0.000000,0.013727,0.013727,9,13,0
94,9.400,replay,0.000000,0.019948,0.019948,9,13,0
95,9.500,replay,0.000000,0.013656,0.013656,9,13,0
96,9.600,replay,0.000000,0.013074,0.013074,9,13,0
97,9.700,replay,0.000000,0.013265,0.013265,9,13,0
98,9.800,replay,0.000000,0.013796,0.013796,9,13,0
99,9.900,replay,0.000000,0.017783,0.017783,9,13,0
100,10.000,replay,0.000000,0.041718,0.041718,9,13,0
101,10.100,replay,0.000000,0.022412,0.022412,9,13,0
102,10.200,replay,0.000000,0.014908,0.014908,9,13,0
103,10.300,replay,0.000000,0.014359,0.014359,9,13,0
104,10.400,replay,0.000000,0.018354,0.018354,9,13,0
105,10.500,replay,0.000000,0.013596,0.013596,9,13,0
106,10.600,replay,0.000000,0.013616,0.013616,9,13,0
107,10.700,replay,0.000000,0.013676,0.013676,9,13,0
108,10.800,replay,0.000000,0.023043,0.023043,9,13,0
109,10.900,replay,0.000000,0.025457,0.025457,9,13,0
110,11.000,replay,0.000000,0.015179,0.015179,9,13,0
111,11.100,replay,0.000000,0.014127,0.014127,9,13,0
112,11.200,replay,0.000000,0.016671,0.016671,9,13,0
113,11.300,replay,0.000000,0.016762,0.016762,9,13,0
114,11.400,replay,0.000000,0.017343,0.017343,9,13,0
115,11.500,replay,0.000000,0.013997,0.013997,9,13,0
116,11.600,replay,0.000000,0.014226,0.014226,9,13,0
117,11.700,replay,0.000000,0.016651,0.016651,9,13,0
118,11.800,replay,0.000000,0.014648,0.014648,9,13,0
119,11.900,replay,0.000000,0.014036,0.014036,9,13,0
120,12.000,replay,0.000000,0.013296,0.013296,9,13,0
121,12.100,replay,0.000000,0.020047,0.020047,9,13,0
122,12.200,replay,0.000000,0.017163,0.017163,9,13,0
123,12.300,replay,0.000000,0.014467,0.014467,9,13,0
124,12.400,replay,0.000000,0.014057,0.014057,9,13,0
125,12.500,replay,0.000000,0.013365,0.013365,9,13,0
126,12.600,replay,0.000000,0.031859,0.031859,9,13,0
127,12.700,replay,0.000000,0.043561,0.043561,9,13,0
128,12.800,replay,0.000000,0.014317,0.014317,9,13,0
129,12.900,replay,0.000000,0.013936,0.013936,9,13,0
130,13.000,replay,0.000000,0.017212,0.017212,9,13,0
131,13.100,replay,0.000000,0.030016,0.030016,9,13,0
132,13.200,replay,0.000000,0.013946,0.013946,9,13,0
133,13.300,replay,0.000000,0.014146,0.014146,9,13,0
134,13.400,replay,0.000000,0.013605,0.013605,9,13,0
135,13.500,replay,0.000000,0.015379,0.015379,9,13,0
136,13.600,replay,0.000000,0.014057,0.014057,9,13,0
137,13.700,replay,0.000000,0.013515,0.013515,9,13,0
138,13.800,replay,0.000000,0.013196,0.013196,9,13,0
139,13.900,replay,0.000000,0.019537,0.019537,9,13,0
140,14.000,replay,0.000000,0.022051,0.022051,9,13,0
141,14.100,replay,0.000000,0.013476,0.013476,9,13,0
142,14.200,replay,0.000000,0.017525,0.017525,9,13,0
143,14.300,replay,0.000000,0.013816,0.013816,9,13,0
144,14.400,replay,0.000000,0.016862,0.016862,9,13,0
145,14.500,replay,0.000000,0.016200,0.016200,9,13,0
146,14.600,replay,0.000000,0.013686,0.013686,9,13,0
147,14.700,replay,0.000000,0.013545,0.013545,9,13,0
148,14.800,replay,0.000000,0.017283,0.017283,9,13,0
149,14.900,replay,0.000000,0.014067,0.014067,9,13,0
150,15.000,replay,0.000000,0.013795,0.013795,9,13,0
151,15.100,replay,0.000000,0.013246,0.013246,9,13,0
152,15.200,replay,0.000000,0.016521,0.016521,9,13,0
153,15.300,replay,0.000000,0.018554,0.018554,9,13,0
154,15.400,replay,0.000000,0.013746,0.013746,9,13,0
155,15.500,replay,0.000000,0.014798,0.014798,9,13,0
156,15.600,replay,0.000000,0.013575,0.013575,9,13,0
157,15.700,replay,0.000000,0.014748,0.014748,9,13,0
158,15.800,replay,0.000000,0.016402,0.016402,9,13,0
159,15.900,replay,0.000000,0.013144,0.013144,9,13,0
160,16.000,replay,0.000000,0.013084,0.013084,9,13,0
161,16.100,replay,0.000000,0.014447,0.014447,9,13,0
162,16.200,replay,0.000000,0.014126,0.014126,9,13,0
163,16.300,replay,0.000000,0.016882,0.016882,9,13,0
164,16.400,replay,0.000000,0.013425,0.013425,9,13,0
165,16.500,replay,0.000000,0.016411,0.016411,9,13,0
166,16.600,replay,0.000000,0.018394,0.018394,9,13,0
167,16.700,replay,0.000000,0.017221,0.017221,9,13,0
168,16.800,replay,0.000000,0.017072,0.017072,9,13,0
169,16.900,replay,0.000000,0.013364,0.013364,9,13,0
170,17.000,replay,0.000000,0.014167,0.014167,9,13,0
171,17.100,replay,0.000000,0.014458,0.014458,9,13,0
172,17.200,replay,0.000000,0.022021,0.022021,9,13,0
173,17.300,replay,0.000000,0.013906,0.013906,9,13,0
174,17.400,replay,0.000000,0.013466,0.013466,9,13,0
175,17.500,replay,0.000000,0.016570,0.016570,9,13,0
176,17.600,replay,0.000000,0.015178,0.015178,9,13,0
177,17.700,replay,0.000000,0.013235,0.013235,9,13,0
178,17.800,replay,0.000000,0.033503,0.033503,9,13,0
179,17.900,replay,0.000000,0.019286,0.019286,9,13,0
180,18.000,replay,0.000000,0.018796,0.018796,9,13,0
181,18.100,replay,0.000000,0.013786,0.013786,9,13,0
182,18.200,replay,0.000000,0.013404,0.013404,9,13,0
183,18.300,replay,0.000000,0.013304,0.013304,9,13,0
184,18.400,replay,0.000000,0.014015,0.014015,9,13,0
185,18.500,replay,0.000000,0.017903,0.017903,9,13,0
186,18.600,replay,0.000000,0.013786,0.013786,9,13,0
187,18.700,replay,0.000000,0.013856,0.013856,9,13,0
188,18.800,replay,0.000000,0.026700,0.026700,9,13,0
189,18.900,replay,0.000000,0.013114,0.013114,9,13,0
190,19.000,replay,0.000000,0.016761,0.016761,9,13,0
191,19.100,replay,0.000000,0.022202,0.022202,9,13,0
192,19.200,replay,0.000000,0.017653,0.017653,9,13,0
193,19.300,replay,0.000000,0.015128,0.015128,9,13,0
194,19.400,replay,0.000000,0.022834,0.022834,9,13,0
195,19.500,replay,0.000000,0.022732,0.022732,9,13,0
196,19.600,replay,0.000000,0.023033,0.023033,9,13,0
197,19.700,replay,0.000000,0.023284,0.023284,9,13,0
198,19.800,replay,0.000000,0.027571,0.027571,9,13,0
199,19.900,replay,0.000000,0.023345,0.023345,9,13,0
200,20.000,replay,0.000000,0.022232,0.022232,9,13,0
201,20.100,replay,0.000000,0.024215,0.024215,9,13,0
202,20.200,replay,0.000000,0.027612,0.027612,9,13,0
203,20.300,replay,0.000000,0.022072,0.022072,9,13,0
204,20.400,replay,0.000000,0.021952,0.021952,9,13,0
205,20.500,replay,0.000000,0.036377,0.036377,9,13,0
206,20.600,replay,0.000000,0.033171,0.033171,9,13,0
207,20.700,replay,0.000000,0.022012,0.022012,9,13,0
208,20.800,replay,0.000000,0.045104,0.045104,9,13,0
209,20.900,replay,0.000000,0.022121,0.022121,9,13,0
210,21.000,replay,0.000000,0.036980,0.036980,9,13,0
211,21.100,replay,0.000000,0.040145,0.040145,9,13,0
212,21.200,replay,0.000000,0.023254,0.023254,9,13,0
213,21.300,replay,0.000000,0.021900,0.021900,9,13,0
214,21.400,replay,0.000000,0.022313,0.022313,9,13,0
215,21.500,replay,0.000000,0.025467,0.025467,9,13,0
216,21.600,replay,0.000000,0.028864,0.028864,9,13,0
217,21.700,replay,0.000000,0.021820,0.021820,9,13,0
218,21.800,replay,0.000000,0.021990,0.021990,9,13,0
219,21.900,replay,0.000000,0.026119,0.026119,9,13,0
220,22.000,replay,0.000000,0.030327,0.030327,9,13,0
221,22.100,replay,0.000000,0.023284,0.023284,9,13,0
222,22.200,replay,0.000000,0.021662,0.021662,9,13,0
223,22.300,replay,0.000000,0.023604,0.023604,9,13,0
224,22.400,replay,0.000000,0.027462,0.027462,9,13,0
225,22.500,replay,0.000000,0.025908,0.025908,9,13,0
226,22.600,replay,0.000000,0.015910,0.015910,9,13,0
227,22.700,replay,0.000000,0.013746,0.013746,9,13,0
228,22.800,replay,0.000000,0.013526,0.013526,9,12,0
229,22.900,replay,0.000000,0.018425,0.018425,9,12,0
230,23.000,replay,0.000000,0.018575,0.018575,9,12,0
231,23.100,replay,0.000000,0.013465,0.013465,9,13,0
232,23.200,replay,0.000000,0.016561,0.016561,9,12,0
233,23.300,replay,0.000000,0.014037,0.014037,9,12,0
234,23.400,replay,0.000000,0.019286,0.019286,9,12,0
235,23.500,replay,0.000000,0.013195,0.013195,9,12,0
236,23.600,replay,0.000000,0.014026,0.014026,9,12,0
237,23.700,replay,0.000000,0.017593,0.017593,9,13,0
238,23.800,replay,0.000000,0.018364,0.018364,9,12,0
239,23.900,replay,0.000000,0.016712,0.016712,9,12,0
240,24.000,replay,0.000000,0.013164,0.013164,9,12,0
241,24.100,replay,0.000000,0.022252,0.022252,9,12,0
242,24.200,replay,0.000000,0.025138,0.025138,9,12,0
243,24.300,replay,0.000000,0.030818,0.030818,9,12,0
244,24.400,replay,0.000000,0.015480,0.015480,9,12,0
245,24.500,replay,0.000000,0.017403,0.017403,9,12,0
246,24.600,replay,0.000000,0.013525,0.013525,9,12,0
247,24.700,replay,0.000000,0.013996,0.013996,9,12,0
248,24.800,replay,0.000000,0.017765,0.017765,9,12,0
249,24.900,replay,0.000000,0.013776,0.013776,9,12,0
250,25.000,replay,0.000000,0.014647,0.014647,9,12,0
251,25.100,replay,0.000000,0.021301,0.021301,9,12,0
252,25.200,replay,0.000000,0.017364,0.017364,9,12,0
253,25.300,replay,0.000000,0.013986,0.013986,9,12,0
254,25.400,replay,0.000000,0.013375,0.013375,9,12,0
255,25.500,replay,0.000000,0.013114,0.013114,9,12,0
256,25.600,replay,0.000000,0.018215,0.018215,9,12,0
257,25.700,replay,0.000000,0.020128,0.020128,9,12,0
258,25.800,replay,0.000000,0.013575,0.013575,9,12,0
259,25.900,replay,0.000000,0.016861,0.016861,9,12,0
260,26.000,replay,0.000000,0.014217,0.014217,9,12,0
261,26.100,replay,0.000000,0.017575,0.017575,9,12,0
262,26.200,replay,0.000000,0.013285,0.013285,9,12,0
263,26.300,replay,0.000000,0.013976,0.013976,9,12,0
264,26.400,replay,0.000000,0.023945,0.023945,9,12,0
265,26.500,replay,0.000000,0.014086,0.014086,9,12,0
266,26.600,replay,0.000000,0.016541,0.016541,9,12,0
267,26.700,replay,0.000000,0.014477,0.014477,9,12,0
268,26.800,replay,0.000000,0.016601,0.016601,9,12,0
269,26.900,replay,0.000000,0.014699,0.014699,9,12,0
270,27.000,replay,0.000000,0.044033,0.044033,9,12,0
271,27.100,replay,0.000000,0.013395,0.013395,9,12,0
272,27.200,replay,0.000000,0.016962,0.016962,9,12,0
273,27.300,replay,0.000000,0.018124,0.018124,9,12,0
274,27.400,replay,0.000000,0.030919,0.030919,9,12,0
275,27.500,replay,0.000000,0.026591,0.026591,9,12,0
276,27.600,replay,0.000000,0.015830,0.015830,9,12,0
277,27.700,replay,0.000000,0.014547,0.014547,9,12,0
278,27.800,replay,0.000000,0.013936,0.013936,9,12,0
279,27.900,replay,0.000000,0.018105,0.018105,9,12,0
280,28.000,replay,0.000000,0.017573,0.017573,9,12,0
281,28.100,replay,0.000000,0.013817,0.013817,9,12,0
282,28.200,replay,0.000000,0.014508,0.014508,9,12,0
283,28.300,replay,0.000000,0.013756,0.013756,9,12,0
284,28.400,replay,0.000000,0.013164,0.013164,9,12,0
285,28.500,replay,0.000000,0.016631,0.016631,9,12,0
286,28.600,replay,0.000000,0.014538,0.014538,9,12,0
287,28.700,replay,0.000000,0.018976,0.018976,9,12,0
288,28.800,replay,0.000000,0.014027,0.014027,9,12,0
289,28.900,replay,0.000000,0.013655,0.013655,9,12,0
290,29.000,replay,0.000000,0.013706,0.013706,9,12,0
291,29.100,replay,0.000000,0.023294,0.023294,9,12,0
292,29.200,replay,0.000000,0.016972,0.016972,9,12,0
293,29.300,replay,0.000000,0.015078,0.015078,9,12,0
294,29.400,replay,0.000000,0.013645,0.013645,9,12,0
295,29.500,replay,0.000000,0.016521,0.016521,9,12,0
296,29.600,replay,0.000000,0.014046,0.014046,9,12,0
297,29.700,replay,0.000000,0.016711,0.016711,9,11,0
298,29.800,replay,0.000000,0.017773,0.017773,9,12,0
299,29.900,replay,0.000000,0.014458,0.014458,9,11,0
300,30.000,replay,0.000000,0.020037,0.020037,9,12,0
301,30.100,replay,0.000000,0.021391,0.021391,9,11,0
302,30.200,replay,0.000000,0.021451,0.021451,9,11,0
303,30.300,replay,0.000000,0.014177,0.014177,9,11,0
304,30.400,replay,0.000000,0.014948,0.014948,9,11,0
305,30.500,replay,0.000000,0.015700,0.015700,9,12,0
306,30.600,replay,0.000000,0.013766,0.013766,9,11,0
307,30.700,replay,0.000000,0.016652,0.016652,9,11,0
308,30.800,replay,0.000000,0.013465,0.013465,9,11,0
309,30.900,replay,0.000000,0.015148,0.015148,9,11,0
310,31.000,replay,0.000000,0.014067,0.014067,9,11,0
311,31.100,replay,0.000000,0.013395,0.013395,9,11,0
312,31.200,replay,0.000000,0.016761,0.016761,9,11,0
313,31.300,replay,0.000000,0.014598,0.014598,9,11,0
314,31.400,replay,0.000000,0.013284,0.013284,9,11,0
315,31.500,replay,0.000000,0.017032,0.017032,9,11,0
316,31.600,replay,0.000000,0.014647,0.014647,9,11,0
317,31.700,replay,0.000000,0.013886,0.013886,9,11,0
318,31.800,replay,0.000000,0.013565,0.013565,9,11,0
319,31.900,replay,0.000000,0.013405,0.013405,9,11,0
320,32.000,replay,0.000000,0.013326,0.013326,9,10,0
321,32.100,replay,0.000000,0.021030,0.021030,9,11,0
322,32.200,replay,0.000000,0.016571,0.016571,9,11,0
323,32.300,replay,0.000000,0.017323,0.017323,9,11,0
324,32.400,replay,0.000000,0.024346,0.024346,9,11,0
325,32.500,replay,0.000000,0.025859,0.025859,8,9,0
326,32.600,replay,0.000000,0.016501,0.016501,8,9,0
327,32.700,replay,0.000000,0.013274,0.013274,9,11,0
328,32.800,replay,0.000000,0.019648,0.019648,8,9,0
329,32.900,replay,0.000000,0.014157,0.014157,8,9,0
330,33.000,replay,0.000000,0.017442,0.017442,8,9,0
331,33.100,replay,0.000000,0.022091,0.022091,8,9,0
332,33.200,replay,0.000000,0.024846,0.024846,8,9,0
333,33.300,replay,0.000000,0.026239,0.026239,8,9,0
334,33.400,replay,0.000000,0.027081,0.027081,8,9,0
335,33.500,replay,0.000000,0.020679,0.020679,8,9,0
336,33.600,replay,0.000000,0.021511,0.021511,8,9,0
337,33.700,replay,0.000000,0.013576,0.013576,8,9,0
338,33.800,replay,0.000000,0.016782,0.016782,8,9,0
339,33.900,replay,0.000000,0.013475,0.013475,8,9,0
340,34.000,replay,0.000000,0.013165,0.013165,8,9,0
341,34.100,replay,0.000000,0.022052,0.022052,8,9,0
342,34.200,replay,0.000000,0.013074,0.013074,8,9,0
343,34.300,replay,0.000000,0.013164,0.013164,8,9,0
344,34.400,replay,0.000000,0.013636,0.013636,8,9,0
345,34.500,replay,0.000000,0.016350,0.016350,8,9,0
346,34.600,replay,0.000000,0.012964,0.012964,8,9,0
347,34.700,replay,0.000000,0.012984,0.012984,8,9,0
348,34.800,replay,0.000000,0.013185,0.013185,8,9,0
349,34.900,replay,0.000000,0.038502,0.038502,8,9,0
350,35.000,replay,0.000000,0.016511,0.016511,8,9,0
351,35.100,replay,0.000000,0.019486,0.019486,8,9,0
352,35.200,replay,0.000000,0.017753,0.017753,8,9,0
353,35.300,replay,0.000000,0.016540,0.016540,8,9,0
354,35.400,replay,0.000000,0.014298,0.014298,8,9,0
355,35.500,replay,0.000000,0.021079,0.021079,8,9,0
356,35.600,replay,0.000000,0.015739,0.015739,8,9,0
357,35.700,replay,0.000000,0.013375,0.013375,8,9,0
358,35.800,replay,0.000000,0.016491,0.016491,8,9,0
359,35.900,replay,0.000000,0.013164,0.013164,8,9,0
360,36.000,replay,0.000000,0.013244,0.013244,8,9,0
361,36.100,replay,0.000000,0.013976,0.013976,8,9,0
362,36.200,replay,0.000000,0.013968,0.013968,8,9,0
363,36.300,replay,0.000000,0.013054,0.013054,8,9,0
364,36.400,replay,0.000000,0.013024,0.013024,8,9,0
365,36.500,replay,0.000000,0.029856,0.029856,8,9,0
366,36.600,replay,0.000000,0.016211,0.016211,8,9,0
367,36.700,replay,0.000000,0.014137,0.014137,8,9,0
368,36.800,replay,0.000000,0.013515,0.013515,8,9,0
369,36.900,replay,0.000000,0.023324,0.023324,8,9,0
370,37.000,replay,0.000000,0.018666,0.018666,8,9,0
371,37.100,replay,0.000000,0.016511,0.016511,8,9,0
372,37.200,replay,0.000000,0.019957,0.019957,8,9,0
373,37.300,replay,0.000000,0.013605,0.013605,8,9,0
374,37.400,replay,0.000000,0.014388,0.014388,8,9,0
375,37.500,replay,0.000000,0.022963,0.022963,8,9,0
376,37.600,replay,0.000000,0.014047,0.014047,8,9,0
377,37.700,replay,0.000000,0.013235,0.013235,8,9,0
378,37.800,replay,0.000000,0.030227,0.030227,8,9,0
379,37.900,replay,0.000000,0.015739,0.015739,8,9,0
380,38.000,replay,0.000000,0.029075,0.029075,7,8,0
381,38.100,replay,0.000000,0.013436,0.013436,8,9,0
382,38.200,replay,0.000000,0.013065,0.013065,7,8,0
383,38.300,replay,0.000000,0.013345,0.013345,8,9,0
384,38.400,replay,0.000000,0.013385,0.013385,8,9,0
385,38.500,replay,0.000000,0.016811,0.016811,8,9,0
386,38.600,replay,0.000000,0.013166,0.013166,8,9,0
387,38.700,replay,0.000000,0.016903,0.016903,8,9,0
388,38.800,replay,0.000000,0.016821,0.016821,8,9,0
389,38.900,replay,0.000000,0.013817,0.013817,8,9,0
390,39.000,replay,0.000000,0.013265,0.013265,7,8,0
391,39.100,replay,0.000000,0.016210,0.016210,7,8,0
392,39.200,replay,0.000000,0.020608,0.020608,7,8,0
393,39.300,replay,0.000000,0.013586,0.013586,8,9,0
394,39.400,replay,0.000000,0.017553,0.017553,8,9,0
395,39.500,replay,0.000000,0.014848,0.014848,7,8,0
396,39.600,replay,0.000000,0.013084,0.013084,7,8,0
397,39.700,replay,0.000000,0.012954,0.012954,8,9,0
398,39.800,replay,0.000000,0.016140,0.016140,7,8,0
399,39.900,replay,0.000000,0.012635,0.012635,7,8,0
400,40.000,replay,0.000000,0.012914,0.012914,7,8,0
401,40.100,replay,0.000000,0.022543,0.022543,7,8,0
402,40.200,replay,0.000000,0.014316,0.014316,7,8,0
403,40.300,replay,0.000000,0.013495,0.013495,7,8,0
404,40.400,replay,0.000000,0.013235,0.013235,7,8,0
405,40.500,replay,0.000000,0.026259,0.026259,7,8,0
406,40.600,replay,0.000000,0.013516,0.013516,7,8,0
407,40.700,replay,0.000000,0.015749,0.015749,7,8,0
408,40.800,replay,0.000000,0.017503,0.017503,7,8,0
409,40.900,replay,0.000000,0.013385,0.013385,7,8,0
410,41.000,replay,0.000000,0.023444,0.023444,7,8,0
411,41.100,replay,0.000000,0.020198,0.020198,7,8,0
412,41.200,replay,0.000000,0.013185,0.013185,7,8,0
413,41.300,replay,0.000000,0.021019,0.021019,7,8,0
414,41.400,replay,0.000000,0.023263,0.023263,7,8,0
415,41.500,replay,0.000000,0.023053,0.023053,7,8,0
416,41.600,replay,0.000000,0.022684,0.022684,7,8,0
417,41.700,replay,0.000000,0.023283,0.023283,7,8,0
418,41.800,replay,0.000000,0.030238,0.030238,7,8,0
419,41.900,replay,0.000000,0.021741,0.021741,7,8,0
420,42.000,replay,0.000000,0.023896,0.023896,7,8,0
421,42.100,replay,0.000000,0.015209,0.015209,7,8,0
422,42.200,replay,0.000000,0.024717,0.024717,7,8,0
423,42.300,replay,0.000000,0.018054,0.018054,7,8,0
424,42.400,replay,0.000000,0.018224,0.018224,7,8,0
425,42.500,replay,0.000000,0.031089,0.031089,7,8,0
426,42.600,replay,0.000000,0.024937,0.024937,7,8,0
427,42.700,replay,0.000000,0.014086,0.014086,7,8,0
428,42.800,replay,0.000000,0.014447,0.014447,7,8,0
429,42.900,replay,0.000000,0.013566,0.013566,7,8,0
430,43.000,replay,0.000000,0.013946,0.013946,7,8,0
431,43.100,replay,0.000000,0.017913,0.017913,7,8,0
432,43.200,replay,0.000000,0.016961,0.016961,7,8,0
433,43.300,replay,0.000000,0.013605,0.013605,7,8,0
434,43.400,replay,0.000000,0.013385,0.013385,7,8,0
435,43.500,replay,0.000000,0.013175,0.013175,7,8,0
436,43.600,replay,0.000000,0.013435,0.013435,7,8,0
437,43.700,replay,0.000000,0.013595,0.013595,7,8,0
438,43.800,replay,0.000000,0.020659,0.020659,7,8,0
439,43.900,replay,0.000000,0.013234,0.013234,7,8,0
440,44.000,replay,0.000000,0.017253,0.017253,7,8,0
441,44.100,replay,0.000000,0.020758,0.020758,7,8,0
442,44.200,replay,0.000000,0.016030,0.016030,7,8,0
443,44.300,replay,0.000000,0.014587,0.014587,7,8,0
444,44.400,replay,0.000000,0.016892,0.016892,7,8,0
445,44.500,replay,0.000000,0.013595,0.013595,7,8,0
446,44.600,replay,0.000000,0.015038,0.015038,7,8,0
447,44.700,replay,0.000000,0.013114,0.013114,7,8,0
448,44.800,replay,0.000000,0.014167,0.014167,7,8,0
449,44.900,replay,0.000000,0.014187,0.014187,7,8,0
450,45.000,replay,0.000000,0.013706,0.013706,7,8,0
451,45.100,replay,0.000000,0.019637,0.019637,7,8,0
452,45.200,replay,0.000000,0.015179,0.015179,7,8,0
453,45.300,replay,0.000000,0.014268,0.014268,7,8,0
454,45.400,replay,0.000000,0.013315,0.013315,7,8,0
455,45.500,replay,0.000000,0.013606,0.013606,7,8,0
456,45.600,replay,0.000000,0.013375,0.013375,7,8,0
457,45.700,replay,0.000000,0.014848,0.014848,7,8,0
458,45.800,replay,0.000000,0.017232,0.017232,7,8,0
459,45.900,replay,0.000000,0.013786,0.013786,7,8,0
460,46.000,replay,0.000000,0.013345,0.013345,7,8,0
461,46.100,replay,0.000000,0.014477,0.014477,7,8,0
462,46.200,replay,0.000000,0.012995,0.012995,7,8,0
463,46.300,replay,0.000000,0.013274,0.013274,7,8,0
464,46.400,replay,0.000000,0.018887,0.018887,7,8,0
465,46.500,replay,0.000000,0.017322,0.017322,7,8,0
466,46.600,replay,0.000000,0.012804,0.012804,7,8,0
467,46.700,replay,0.000000,0.012733,0.012733,7,8,0
468,46.800,replay,0.000000,0.012995,0.012995,7,8,0
469,46.900,replay,0.000000,0.013335,0.013335,7,8,0
470,47.000,replay,0.000000,0.013525,0.013525,7,8,0
471,47.100,replay,0.000000,0.016260,0.016260,7,8,0
472,47.200,replay,0.000000,0.012904,0.012904,7,8,0
473,47.300,replay,0.000000,0.016611,0.016611,7,8,0
474,47.400,replay,0.000000,0.016861,0.016861,7,8,0
475,47.500,replay,0.000000,0.013184,0.013184,7,8,0
476,47.600,replay,0.000000,0.012864,0.012864,7,8,0
477,47.700,replay,0.000000,0.013164,0.013164,7,8,0
478,47.800,replay,0.000000,0.017834,0.017834,7,8,0
479,47.900,replay,0.000000,0.013365,0.013365,7,8,0
480,48.000,replay,0.000000,0.013366,0.013366,7,8,0
481,48.100,replay,0.000000,0.013235,0.013235,7,8,0
482,48.200,replay,0.000000,0.013075,0.013075,7,8,0
483,48.300,replay,0.000000,0.018385,0.018385,7,8,0
484,48.400,replay,0.000000,0.017332,0.017332,7,8,0
485,48.500,replay,0.000000,0.013486,0.013486,7,8,0
486,48.600,replay,0.000000,0.018074,0.018074,7,8,0
487,48.700,replay,0.000000,0.013575,0.013575,7,8,0
488,48.800,replay,0.000000,0.013135,0.013135,7,8,0
489,48.900,replay,0.000000,0.014207,0.014207,7,8,0
490,49.000,replay,0.000000,0.016411,0.016411,7,8,0
491,49.100,replay,0.000000,0.030176,0.030176,7,8,0
492,49.200,replay,0.000000,0.019266,0.019266,8,9,0
493,49.300,replay,0.000000,0.013857,0.013857,8,9,0
494,49.400,replay,0.000000,0.015199,0.015199,7,8,0
495,49.500,replay,0.000000,0.021751,0.021751,7,8,0
496,49.600,replay,0.000000,0.025829,0.025829,7,8,0
497,49.700,replay,0.000000,0.016792,0.016792,8,9,0
498,49.800,replay,0.000000,0.022241,0.022241,8,9,0
499,49.900,replay,0.000000,0.020989,0.020989,8,9,0
500,50.000,replay,0.000000,0.019988,0.019988,8,9,0
501,50.100,replay,0.000000,0.022853,0.022853,8,9,0
502,50.200,replay,0.000000,0.021521,0.021521,8,9,0
503,50.300,replay,0.000000,0.022282,0.022282,8,9,0
504,50.400,replay,0.000000,0.026590,0.026590,7,8,0
505,50.500,replay,0.000000,0.021010,0.021010,8,9,0
506,50.600,replay,0.000000,0.021561,0.021561,8,9,0
507,50.700,replay,0.000000,0.017714,0.017714,8,9,0
508,50.800,replay,0.000000,0.017172,0.017172,8,9,0
509,50.900,replay,0.000000,0.015230,0.015230,8,9,0
510,51.000,replay,0.000000,0.016612,0.016612,8,9,0
511,51.100,replay,0.000000,0.017414,0.017414,8,9,0
512,51.200,replay,0.000000,0.014558,0.014558,8,9,0
513,51.300,replay,0.000000,0.013507,0.013507,8,9,0
514,51.400,replay,0.000000,0.013204,0.013204,8,9,0
515,51.500,replay,0.000000,0.013114,0.013114,8,9,0
516,51.600,replay,0.000000,0.013004,0.013004,8,9,0
517,51.700,replay,0.000000,0.016180,0.016180,8,9,0
518,51.800,replay,0.000000,0.013145,0.013145,8,9,0
519,51.900,replay,0.000000,0.015960,0.015960,8,9,0
520,52.000,replay,0.000000,0.013065,0.013065,8,9,0
521,52.100,replay,0.000000,0.014477,0.014477,8,9,0
522,52.200,replay,0.000000,0.014027,0.014027,8,9,0
523,52.300,replay,0.000000,0.018005,0.018005,8,9,0
524,52.400,replay,0.000000,0.016020,0.016020,8,9,0
525,52.500,replay,0.000000,0.013155,0.013155,8,9,0
526,52.600,replay,0.000000,0.012784,0.012784,8,9,0
527,52.700,replay,0.000000,0.012765,0.012765,8,9,0
528,52.800,replay,0.000000,0.038923,0.038923,8,9,0
529,52.900,replay,0.000000,0.022934,0.022934,8,9,0
530,53.000,replay,0.000000,0.013035,0.013035,8,9,0
531,53.100,replay,0.000000,0.016171,0.016171,8,9,0
532,53.200,replay,0.000000,0.012805,0.012805,8,9,0
533,53.300,replay,0.000000,0.017232,0.017232,8,9,0
534,53.400,replay,0.000000,0.015108,0.015108,8,9,0
535,53.500,replay,0.000000,0.013075,0.013075,8,9,0
536,53.600,replay,0.000000,0.012865,0.012865,8,9,0
537,53.700,replay,0.000000,0.022512,0.022512,8,9,0
538,53.800,replay,0.000000,0.018314,0.018314,8,9,0
539,53.900,replay,0.000000,0.020589,0.020589,8,9,0
540,54.000,replay,0.000000,0.013946,0.013946,8,9,0
541,54.100,replay,0.000000,0.014187,0.014187,8,9,0
542,54.200,replay,0.000000,0.013155,0.013155,8,9,0
543,54.300,replay,0.000000,0.013145,0.013145,8,9,0
544,54.400,replay,0.000000,0.023986,0.023986,8,9,0
545,54.500,replay,0.000000,0.021931,0.021931,8,9,0
546,54.600,replay,0.000000,0.013776,0.013776,8,9,0
547,54.700,replay,0.000000,0.013375,0.013375,8,9,0
548,54.800,replay,0.000000,0.013294,0.013294,8,9,0
549,54.900,replay,0.000000,0.014397,0.014397,8,9,0
550,55.000,replay,0.000000,0.020829,0.020829,8,9,0
551,55.100,replay,0.000000,0.013154,0.013154,8,9,0
552,55.200,replay,0.000000,0.013926,0.013926,8,9,0
553,55.300,replay,0.000000,0.012733,0.012733,8,9,0
554,55.400,replay,0.000000,0.016321,0.016321,8,9,0
555,55.500,replay,0.000000,0.017403,0.017403,8,9,0
556,55.600,replay,0.000000,0.020709,0.020709,8,9,0
557,55.700,replay,0.000000,0.021160,0.021160,8,9,0
558,55.800,replay,0.000000,0.013195,0.013195,8,9,0
559,55.900,replay,0.000000,0.013435,0.013435,8,9,0
560,56.000,replay,0.000000,0.012944,0.012944,8,9,0
561,56.100,replay,0.000000,0.012653,0.012653,8,9,0
562,56.200,replay,0.000000,0.012584,0.012584,8,9,0
563,56.300,replay,0.000000,0.013165,0.013165,8,9,0
564,56.400,replay,0.000000,0.016140,0.016140,8,9,0
565,56.500,replay,0.000000,0.012914,0.012914,8,9,0
566,56.600,replay,0.000000,0.013075,0.013075,8,9,0
567,56.700,replay,0.000000,0.013175,0.013175,8,9,0
568,56.800,replay,0.000000,0.012955,0.012955,8,9,0
569,56.900,replay,0.000000,0.013436,0.013436,8,9,0
570,57.000,replay,0.000000,0.016110,0.016110,8,9,0
571,57.100,replay,0.000000,0.017612,0.017612,8,9,0
572,57.200,replay,0.000000,0.016862,0.016862,8,9,0
573,57.300,replay,0.000000,0.016942,0.016942,8,9,0
574,57.400,replay,0.000000,0.023053,0.023053,8,9,0
575,57.500,replay,0.000000,0.023404,0.023404,8,9,0
576,57.600,replay,0.000000,0.014126,0.014126,8,9,0
577,57.700,replay,0.000000,0.022072,0.022072,8,9,0
578,57.800,replay,0.000000,0.017272,0.017272,8,9,0
579,57.900,replay,0.000000,0.013925,0.013925,8,9,0
580,58.000,replay,0.000000,0.013034,0.013034,8,9,0
581,58.100,replay,0.000000,0.015900,0.015900,8,9,0
582,58.200,replay,0.000000,0.013094,0.013094,8,9,0
583,58.300,replay,0.000000,0.013446,0.013446,8,9,0
584,58.400,replay,0.000000,0.016391,0.016391,8,9,0
585,58.500,replay,0.000000,0.013725,0.013725,8,9,0
586,58.600,replay,0.000000,0.013645,0.013645,8,9,0
587,58.700,replay,0.000000,0.013175,0.013175,8,9,0
588,58.800,replay,0.000000,0.012894,0.012894,8,9,0
589,58.900,replay,0.000000,0.012814,0.012814,8,9,0
590,59.000,replay,0.000000,0.016411,0.016411,8,9,0
591,59.100,replay,0.000000,0.014758,0.014758,8,9,0
592,59.200,replay,0.000000,0.013565,0.013565,8,9,0
593,59.300,replay,0.000000,0.014207,0.014207,8,9,0
594,59.400,replay,0.000000,0.012885,0.012885,8,9,0
595,59.500,replay,0.000000,0.013575,0.013575,8,9,0
596,59.600,replay,0.000000,0.013175,0.013175,8,9,0
597,59.700,replay,0.000000,0.018133,0.018133,8,9,0
598,59.800,replay,0.000000,0.012824,0.012824,8,9,0
599,59.900,replay,0.000000,0.012844,0.012844,8,9,0
600,60.000,replay,0.000000,0.013064,0.013064,8,9,0
601,60.100,replay,0.000000,0.012604,0.012604,8,9,0
602,60.200,replay,0.000000,0.017744,0.017744,8,9,0
603,60.300,replay,0.000000,0.019787,0.019787,8,9,0
604,60.400,replay,0.000000,0.018745,0.018745,8,9,0
605,60.500,replay,0.000000,0.016301,0.016301,8,9,0
606,60.600,replay,0.000000,0.013145,0.013145,8,9,0
607,60.700,replay,0.000000,0.013254,0.013254,8,9,0
608,60.800,replay,0.000000,0.016831,0.016831,8,9,0
609,60.900,replay,0.000000,0.014307,0.014307,8,9,0
610,61.000,replay,0.000000,0.016622,0.016622,8,9,0
611,61.100,replay,0.000000,0.013796,0.013796,8,9,0
612,61.200,replay,0.000000,0.012864,0.012864,8,9,0
613,61.300,replay,0.000000,0.013456,0.013456,8,9,0
614,61.400,replay,0.000000,0.012964,0.012964,8,9,0
615,61.500,replay,0.000000,0.012774,0.012774,8,9,0
616,61.600,replay,0.000000,0.013156,0.013156,8,9,0
617,61.700,replay,0.000000,0.015999,0.015999,8,9,0
618,61.800,replay,0.000000,0.012914,0.012914,8,9,0
619,61.900,replay,0.000000,0.013475,0.013475,8,9,0
620,62.000,replay,0.000000,0.015820,0.015820,8,9,0
621,62.100,replay,0.000000,0.017022,0.017022,8,9,0
622,62.200,replay,0.000000,0.015699,0.015699,8,9,0
623,62.300,replay,0.000000,0.015741,0.015741,8,9,0
624,62.400,replay,0.000000,0.016812,0.016812,8,9,0
625,62.500,replay,0.000000,0.019206,0.019206,8,9,0
626,62.600,replay,0.000000,0.013465,0.013465,8,9,0
627,62.700,replay,0.000000,0.012924,0.012924,8,9,0
628,62.800,replay,0.000000,0.013215,0.013215,8,9,0
629,62.900,replay,0.000000,0.023395,0.023395,8,9,0
630,63.000,replay,0.000000,0.025468,0.025468,8,9,0
631,63.100,replay,0.000000,0.016009,0.016009,8,9,0
632,63.200,replay,0.000000,0.014689,0.014689,8,9,0
633,63.300,replay,0.000000,0.022963,0.022963,8,9,0
634,63.400,replay,0.000000,0.015870,0.015870,8,9,0
635,63.500,replay,0.000000,0.021682,0.021682,8,9,0
636,63.600,replay,0.000000,0.013997,0.013997,8,9,0
637,63.700,replay,0.000000,0.031399,0.031399,8,9,0
638,63.800,replay,0.000000,0.022693,0.022693,8,9,0
639,63.900,replay,0.000000,0.016341,0.016341,8,9,0
640,64.000,replay,0.000000,0.028783,0.028783,8,9,0
641,64.100,replay,0.000000,0.019547,0.019547,8,9,0
642,64.200,replay,0.000000,0.014246,0.014246,8,9,0
643,64.300,replay,0.000000,0.024175,0.024175,8,9,0
644,64.400,replay,0.000000,0.014177,0.014177,8,9,0
645,64.500,replay,0.000000,0.014418,0.014418,8,9,0
646,64.600,replay,0.000000,0.013484,0.013484,8,9,0
647,64.700,replay,0.000000,0.013746,0.013746,8,9,0
648,64.800,replay,0.000000,0.017703,0.017703,8,9,0
649,64.900,replay,0.000000,0.014678,0.014678,8,9,0
650,65.000,replay,0.000000,0.022152,0.022152,8,9,0
651,65.100,replay,0.000000,0.013826,0.013826,8,9,0
652,65.200,replay,0.000000,0.019005,0.019005,8,9,0
653,65.300,replay,0.000000,0.014307,0.014307,8,9,0
654,65.400,replay,0.000000,0.013465,0.013465,8,9,0
655,65.500,replay,0.000000,0.013877,0.013877,8,9,0
656,65.600,replay,0.000000,0.030579,0.030579,8,9,0
657,65.700,replay,0.000000,0.013685,0.013685,8,9,0
658,65.800,replay,0.000000,0.017402,0.017402,8,9,0
659,65.900,replay,0.000000,0.016300,0.016300,8,9,0
660,66.000,replay,0.000000,0.014157,0.014157,8,9,0
661,66.100,replay,0.000000,0.013535,0.013535,8,9,0
662,66.200,replay,0.000000,0.024707,0.024707,8,9,0
663,66.300,replay,0.000000,0.031840,0.031840,8,9,0
664,66.400,replay,0.000000,0.013776,0.013776,8,9,0
665,66.500,replay,0.000000,0.013887,0.013887,8,9,0
666,66.600,replay,0.000000,0.014257,0.014257,8,9,0
667,66.700,replay,0.000000,0.023745,0.023745,8,9,0
668,66.800,replay,0.000000,0.013846,0.013846,8,9,0
669,66.900,replay,0.000000,0.014177,0.014177,8,9,0
670,67.000,replay,0.000000,0.019266,0.019266,8,9,0
671,67.100,replay,0.000000,0.014448,0.014448,8,9,0
672,67.200,replay,0.000000,0.014327,0.014327,8,9,0
673,67.300,replay,0.000000,0.014187,0.014187,8,9,0
674,67.400,replay,0.000000,0.014748,0.014748,8,9,0
675,67.500,replay,0.000000,0.014527,0.014527,8,9,0
676,67.600,replay,0.000000,0.030358,0.030358,8,9,0
677,67.700,replay,0.000000,0.014608,0.014608,8,9,0
678,67.800,replay,0.000000,0.014627,0.014627,8,9,0
679,67.900,replay,0.000000,0.014277,0.014277,8,9,0
680,68.000,replay,0.000000,0.013948,0.013948,8,9,0
681,68.100,replay,0.000000,0.014077,0.014077,8,9,0
682,68.200,replay,0.000000,0.021971,0.021971,8,9,0
683,68.300,replay,0.000000,0.031019,0.031019,8,9,0
684,68.400,replay,0.000000,0.021200,0.021200,8,9,0
685,68.500,replay,0.000000,0.014888,0.014888,8,9,0
686,68.600,replay,0.000000,0.013576,0.013576,8,9,0
687,68.700,replay,0.000000,0.023465,0.023465,8,9,0
688,68.800,replay,0.000000,0.022402,0.022402,8,9,0
689,68.900,replay,0.000000,0.026480,0.026480,8,9,0
690,69.000,replay,0.000000,0.019016,0.019016,8,9,0
691,69.100,replay,0.000000,0.014498,0.014498,8,10,0
692,69.200,replay,0.000000,0.014186,0.014186,8,9,0
693,69.300,replay,0.000000,0.022813,0.022813,8,9,0
694,69.400,replay,0.000000,0.016512,0.016512,8,9,0
695,69.500,replay,0.000000,0.013866,0.013866,8,9,0
696,69.600,replay,0.000000,0.027682,0.027682,8,9,0
697,69.700,replay,0.000000,0.014357,0.014357,8,9,0
698,69.800,replay,0.000000,0.022421,0.022421,8,10,0
699,69.900,replay,0.000000,0.028654,0.028654,8,9,0
700,70.000,replay,0.000000,0.039824,0.039824,8,10,0
701,70.100,replay,0.000000,0.039445,0.039445,8,9,0
702,70.200,replay,0.000000,0.025768,0.025768,8,9,0
703,70.300,replay,0.000000,0.023915,0.023915,8,9,0
704,70.400,replay,0.000000,0.018715,0.018715,8,10,0
705,70.500,replay,0.000000,0.015219,0.015219,8,10,0
706,70.600,replay,0.000000,0.014146,0.014146,8,10,0
707,70.700,replay,0.000000,0.014657,0.014657,8,9,0
708,70.800,replay,0.000000,0.016141,0.016141,8,10,0
709,70.900,replay,0.000000,0.023384,0.023384,8,10,0
710,71.000,replay,0.000000,0.013856,0.013856,8,10,0
711,71.100,replay,0.000000,0.013495,0.013495,8,10,0
712,71.200,replay,0.000000,0.014928,0.014928,8,10,0
713,71.300,replay,0.000000,0.015048,0.015048,8,10,0
714,71.400,replay,0.000000,0.014026,0.014026,8,10,0
715,71.500,replay,0.000000,0.015007,0.015007,8,10,0
716,71.600,replay,0.000000,0.026098,0.026098,8,10,0
717,71.700,replay,0.000000,0.020198,0.020198,8,9,0
718,71.800,replay,0.000000,0.023373,0.023373,8,9,0
719,71.900,replay,0.000000,0.014006,0.014006,8,10,0
720,72.000,replay,0.000000,0.018625,0.018625,8,10,0
721,72.100,replay,0.000000,0.013675,0.013675,8,10,0
722,72.200,replay,0.000000,0.015459,0.015459,8,10,0
723,72.300,replay,0.000000,0.023423,0.023423,8,10,0
724,72.400,replay,0.000000,0.013636,0.013636,8,10,0
725,72.500,replay,0.000000,0.015541,0.015541,8,10,0
726,72.600,replay,0.000000,0.014978,0.014978,8,10,0
727,72.700,replay,0.000000,0.014136,0.014136,8,10,0
728,72.800,replay,0.000000,0.014988,0.014988,8,10,0
729,72.900,replay,0.000000,0.021510,0.021510,8,10,0
730,73.000,replay,0.000000,0.014598,0.014598,8,10,0
731,73.100,replay,0.000000,0.013556,0.013556,8,10,0
732,73.200,replay,0.000000,0.013444,0.013444,8,10,0
733,73.300,replay,0.000000,0.015949,0.015949,8,10,0
734,73.400,replay,0.000000,0.013626,0.013626,8,10,0
735,73.500,replay,0.000000,0.014727,0.014727,8,10,0
736,73.600,replay,0.000000,0.016491,0.016491,8,10,0
737,73.700,replay,0.000000,0.013235,0.013235,8,10,0
738,73.800,replay,0.000000,0.013146,0.013146,8,10,0
739,73.900,replay,0.000000,0.019266,0.019266,8,10,0
740,74.000,replay,0.000000,0.024407,0.024407,8,10,0
741,74.100,replay,0.000000,0.013525,0.013525,8,10,0
742,74.200,replay,0.000000,0.013515,0.013515,8,10,0
743,74.300,replay,0.000000,0.016602,0.016602,8,10,0
744,74.400,replay,0.000000,0.013365,0.013365,8,10,0
745,74.500,replay,0.000000,0.024516,0.024516,8,10,0
746,74.600,replay,0.000000,0.038884,0.038884,8,10,0
747,74.700,replay,0.000000,0.026539,0.026539,8,10,0
748,74.800,replay,0.000000,0.022762,0.022762,8,10,0
749,74.900,replay,0.000000,0.022542,0.022542,8,10,0
750,75.000,replay,0.000000,0.014016,0.014016,8,10,0
751,75.100,replay,0.000000,0.024165,0.024165,8,10,0
752,75.200,replay,0.000000,0.027471,0.027471,8,10,0
753,75.300,replay,0.000000,0.014818,0.014818,8,10,0
754,75.400,replay,0.000000,0.013496,0.013496,8,10,0
755,75.500,replay,0.000000,0.013185,0.013185,8,10,0
756,75.600,replay,0.000000,0.023414,0.023414,8,10,0
757,75.700,replay,0.000000,0.014086,0.014086,8,10,0
758,75.800,replay,0.000000,0.014116,0.014116,8,10,0
759,75.900,replay,0.000000,0.013295,0.013295,8,10,0
760,76.000,replay,0.000000,0.015028,0.015028,8,10,0
761,76.100,replay,0.000000,0.013406,0.013406,8,10,0
762,76.200,replay,0.000000,0.032701,0.032701,8,10,0
763,76.300,replay,0.000000,0.013656,0.013656,8,10,0
764,76.400,replay,0.000000,0.023284,0.023284,8,10,0
765,76.500,replay,0.000000,0.036990,0.036990,8,10,0
766,76.600,replay,0.000000,0.020889,0.020889,8,10,0
767,76.700,replay,0.000000,0.022684,0.022684,8,10,0
768,76.800,replay,0.000000,0.014917,0.014917,8,10,0
769,76.900,replay,0.000000,0.046198,0.046198,8,10,0
770,77.000,replay,0.000000,0.014027,0.014027,8,10,0
771,77.100,replay,0.000000,0.015229,0.015229,8,10,0
772,77.200,replay,0.000000,0.013646,0.013646,8,10,0
773,77.300,replay,0.000000,0.014157,0.014157,8,10,0
774,77.400,replay,0.000000,0.021470,0.021470,8,10,0
775,77.500,replay,0.000000,0.013576,0.013576,8,10,0
776,77.600,replay,0.000000,0.044363,0.044363,8,10,0
777,77.700,replay,0.000000,0.045094,0.045094,9,11,0
778,77.800,replay,0.000000,0.022732,0.022732,8,10,0
779,77.900,replay,0.000000,0.014417,0.014417,9,11,0
780,78.000,replay,0.000000,0.014207,0.014207,8,10,0
781,78.100,replay,0.000000,0.014327,0.014327,8,10,0
782,78.200,replay,0.000000,0.013866,0.013866,9,11,0
783,78.300,replay,0.000000,0.026930,0.026930,9,11,0
784,78.400,replay,0.000000,0.034204,0.034204,8,10,0
785,78.500,replay,0.000000,0.024396,0.024396,8,10,0
786,78.600,replay,0.000000,0.025528,0.025528,8,10,0
787,78.700,replay,0.000000,0.016661,0.016661,9,11,0
788,78.800,replay,0.000000,0.013677,0.013677,8,10,0
789,78.900,replay,0.000000,0.014168,0.014168,9,11,0
790,79.000,replay,0.000000,0.014047,0.014047,9,11,0
791,79.100,replay,0.000000,0.032793,0.032793,9,11,0
792,79.200,replay,0.000000,0.022233,0.022233,8,10,0
793,79.300,replay,0.000000,0.022652,0.022652,9,11,0
794,79.400,replay,0.000000,0.013835,0.013835,9,11,0
795,79.500,replay,0.000000,0.013758,0.013758,9,11,0
796,79.600,replay,0.000000,0.013645,0.013645,9,11,0
797,79.700,replay,0.000000,0.023224,0.023224,9,11,0
798,79.800,replay,0.000000,0.013487,0.013487,9,11,0
799,79.900,replay,0.000000,0.013666,0.013666,9,11,0
800,80.000,replay,0.000000,0.013796,0.013796,9,11,0
801,80.100,replay,0.000000,0.014306,0.014306,9,11,0
802,80.200,replay,0.000000,0.021270,0.021270,9,11,0
803,80.300,replay,0.000000,0.013196,0.013196,9,11,0
804,80.400,replay,0.000000,0.022563,0.022563,9,11,0
805,80.500,replay,0.000000,0.023043,0.023043,9,12,0
806,80.600,replay,0.000000,0.024356,0.024356,9,11,0
807,80.700,replay,0.000000,0.023264,0.023264,9,11,0
808,80.800,replay,0.000000,0.014126,0.014126,9,12,0
809,80.900,replay,0.000000,0.024185,0.024185,9,12,0
810,81.000,replay,0.000000,0.013937,0.013937,9,11,0
811,81.100,replay,0.000000,0.013475,0.013475,9,12,0
812,81.200,replay,0.000000,0.022963,0.022963,9,11,0
813,81.300,replay,0.000000,0.013988,0.013988,9,11,0
814,81.400,replay,0.000000,0.015278,0.015278,9,12,0
815,81.500,replay,0.000000,0.014027,0.014027,9,12,0
816,81.600,replay,0.000000,0.023323,0.023323,9,12,0
817,81.700,replay,0.000000,0.023415,0.023415,9,12,0
818,81.800,replay,0.000000,0.022632,0.022632,9,12,0
819,81.900,replay,0.000000,0.019346,0.019346,9,11,0
820,82.000,replay,0.000000,0.014397,0.014397,9,12,0
821,82.100,replay,0.000000,0.022052,0.022052,9,12,0
822,82.200,replay,0.000000,0.022061,0.022061,9,12,0
823,82.300,replay,0.000000,0.014627,0.014627,9,12,0
824,82.400,replay,0.000000,0.014037,0.014037,9,12,0
825,82.500,replay,0.000000,0.015930,0.015930,9,12,0
826,82.600,replay,0.000000,0.015039,0.015039,9,12,0
827,82.700,replay,0.000000,0.014998,0.014998,9,12,0
828,82.800,replay,0.000000,0.014357,0.014357,9,12,0
829,82.900,replay,0.000000,0.015038,0.015038,9,12,0
830,83.000,replay,0.000000,0.014046,0.014046,9,12,0
831,83.100,replay,0.000000,0.013535,0.013535,9,12,0
832,83.200,replay,0.000000,0.024676,0.024676,9,12,0
833,83.300,replay,0.000000,0.015970,0.015970,9,12,0
834,83.400,replay,0.000000,0.014017,0.014017,9,12,0
835,83.500,replay,0.000000,0.015070,0.015070,9,12,0
836,83.600,replay,0.000000,0.023835,0.023835,9,12,0
837,83.700,replay,0.000000,0.021501,0.021501,9,12,0
838,83.800,replay,0.000000,0.014096,0.014096,9,12,0
839,83.900,replay,0.000000,0.014457,0.014457,9,12,0
840,84.000,replay,0.000000,0.013565,0.013565,9,12,0
841,84.100,replay,0.000000,0.023754,0.023754,9,12,0
842,84.200,replay,0.000000,0.033563,0.033563,9,12,0
843,84.300,replay,0.000000,0.014648,0.014648,9,12,0
844,84.400,replay,0.000000,0.013986,0.013986,9,12,0
845,84.500,replay,0.000000,0.024346,0.024346,9,12,0
846,84.600,replay,0.000000,0.023263,0.023263,9,12,0
847,84.700,replay,0.000000,0.017723,0.017723,9,12,0
848,84.800,replay,0.000000,0.013896,0.013896,9,12,0
849,84.900,replay,0.000000,0.014337,0.014337,9,12,0
850,85.000,replay,0.000000,0.029806,0.029806,9,12,0
851,85.100,replay,0.000000,0.022533,0.022533,9,12,0
852,85.200,replay,0.000000,0.013725,0.013725,9,12,0
853,85.300,replay,0.000000,0.022372,0.022372,9,12,0
854,85.400,replay,0.000000,0.052710,0.052710,9,12,0
855,85.500,replay,0.000000,0.022412,0.022412,9,12,0
856,85.600,replay,0.000000,0.034254,0.034254,9,12,0
857,85.700,replay,0.000000,0.021931,0.021931,9,12,0
858,85.800,replay,0.000000,0.014446,0.014446,9,12,0
859,85.900,replay,0.000000,0.029647,0.029647,9,12,0
860,86.000,replay,0.000000,0.014226,0.014226,9,12,0
861,86.100,replay,0.000000,0.014587,0.014587,9,12,0
862,86.200,replay,0.000000,0.014397,0.014397,9,12,0
863,86.300,replay,0.000000,0.024176,0.024176,9,12,0
864,86.400,replay,0.000000,0.013585,0.013585,9,12,0
865,86.500,replay,0.000000,0.013455,0.013455,9,12,0
866,86.600,replay,0.000000,0.013064,0.013064,9,12,0
867,86.700,replay,0.000000,0.024015,0.024015,9,12,0
868,86.800,replay,0.000000,0.021430,0.021430,9,12,0
869,86.900,replay,0.000000,0.015880,0.015880,9,12,0
870,87.000,replay,0.000000,0.013976,0.013976,9,12,0
871,87.100,replay,0.000000,0.013655,0.013655,9,12,0
872,87.200,replay,0.000000,0.032181,0.032181,9,12,0
873,87.300,replay,0.000000,0.036608,0.036608,9,12,0
874,87.400,replay,0.000000,0.014617,0.014617,9,12,0
875,87.500,replay,0.000000,0.013365,0.013365,9,12,0
876,87.600,replay,0.000000,0.013735,0.013735,9,12,0
877,87.700,replay,0.000000,0.016521,0.016521,9,12,0
878,87.800,replay,0.000000,0.032392,0.032392,9,12,0
879,87.900,replay,0.000000,0.014036,0.014036,9,12,0
880,88.000,replay,0.000000,0.013526,0.013526,9,12,0
881,88.100,replay,0.000000,0.013977,0.013977,9,12,0
882,88.200,replay,0.000000,0.016571,0.016571,9,12,0
883,88.300,replay,0.000000,0.022772,0.022772,9,12,0
884,88.400,replay,0.000000,0.013526,0.013526,9,12,0
885,88.500,replay,0.000000,0.023164,0.023164,9,12,0
886,88.600,replay,0.000000,0.014758,0.014758,9,12,0
887,88.700,replay,0.000000,0.021822,0.021822,9,12,0
888,88.800,replay,0.000000,0.013805,0.013805,9,12,0
889,88.900,replay,0.000000,0.013645,0.013645,9,12,0
890,89.000,replay,0.000000,0.026610,0.026610,9,12,0
891,89.100,replay,0.000000,0.013456,0.013456,9,12,0
892,89.200,replay,0.000000,0.017012,0.017012,9,12,0
893,89.300,replay,0.000000,0.014187,0.014187,9,12,0
894,89.400,replay,0.000000,0.013987,0.013987,9,12,0
895,89.500,replay,0.000000,0.014477,0.014477,9,12,0
896,89.600,replay,0.000000,0.013906,0.013906,9,12,0
897,89.700,replay,0.000000,0.040907,0.040907,9,12,0
898,89.800,replay,0.000000,0.022122,0.022122,9,12,0
899,89.900,replay,0.000000,0.014568,0.014568,9,12,0
900,90.000,replay,0.000000,0.014718,0.014718,9,12,0
901,90.100,replay,0.000000,0.023213,0.023213,9,12,0
902,90.200,replay,0.000000,0.025968,0.025968,9,12,0
903,90.300,replay,0.000000,0.014286,0.014286,9,12,0
904,90.400,replay,0.000000,0.013736,0.013736,9,12,0
905,90.500,replay,0.000000,0.014188,0.014188,9,12,0
906,90.600,replay,0.000000,0.013506,0.013506,9,12,0
907,90.700,replay,0.000000,0.022030,0.022030,9,12,0
908,90.800,replay,0.000000,0.013385,0.013385,9,12,0
909,90.900,replay,0.000000,0.014097,0.014097,9,12,0
910,91.000,replay,0.000000,0.020969,0.020969,9,12,0
911,91.100,replay,0.000000,0.014888,0.014888,9,12,0
912,91.200,replay,0.000000,0.044213,0.044213,9,12,0
913,91.300,replay,0.000000,0.015288,0.015288,9,12,0
914,91.400,replay,0.000000,0.023473,0.023473,9,12,0
915,91.500,replay,0.000000,0.014528,0.014528,9,12,0
916,91.600,replay,0.000000,0.013577,0.013577,9,12,0
917,91.700,replay,0.000000,0.048131,0.048131,9,12,0
918,91.800,replay,0.000000,0.014608,0.014608,9,12,0
919,91.900,replay,0.000000,0.014456,0.014456,9,12,0
920,92.000,replay,0.000000,0.014146,0.014146,9,12,0
921,92.100,replay,0.000000,0.013705,0.013705,9,12,0
922,92.200,replay,0.000000,0.024517,0.024517,9,12,0
923,92.300,replay,0.000000,0.015168,0.015168,9,12,0
924,92.400,replay,0.000000,0.021841,0.021841,9,12,0
925,92.500,replay,0.000000,0.037040,0.037040,9,12,0
926,92.600,replay,0.000000,0.025096,0.025096,9,12,0
927,92.700,replay,0.000000,0.024927,0.024927,9,12,0
928,92.800,replay,0.000000,0.013736,0.013736,9,12,0
929,92.900,replay,0.000000,0.023263,0.023263,9,12,0
930,93.000,replay,0.000000,0.022602,0.022602,9,12,0
931,93.100,replay,0.000000,0.022492,0.022492,9,12,0
932,93.200,replay,0.000000,0.014617,0.014617,9,12,0
933,93.300,replay,0.000000,0.022181,0.022181,9,12,0
934,93.400,replay,0.000000,0.013946,0.013946,9,12,0
935,93.500,replay,0.000000,0.019527,0.019527,9,12,0
936,93.600,replay,0.000000,0.015058,0.015058,9,12,0
937,93.700,replay,0.000000,0.016570,0.016570,9,12,0
938,93.800,replay,0.000000,0.017935,0.017935,9,12,0
939,93.900,replay,0.000000,0.015009,0.015009,9,12,0
940,94.000,replay,0.000000,0.017894,0.017894,9,12,0
941,94.100,replay,0.000000,0.018215,0.018215,9,12,0
942,94.200,replay,0.000000,0.014167,0.014167,9,12,0
943,94.300,replay,0.000000,0.015140,0.015140,9,12,0
944,94.400,replay,0.000000,0.027591,0.027591,9,12,0
945,94.500,replay,0.000000,0.023174,0.023174,9,12,0
946,94.600,replay,0.000000,0.042178,0.042178,9,12,0
947,94.700,replay,0.000000,0.014817,0.014817,9,12,0
948,94.800,replay,0.000000,0.028484,0.028484,9,12,0
949,94.900,replay,0.000000,0.015649,0.015649,9,12,0
950,95.000,replay,0.000000,0.017261,0.017261,9,12,0
951,95.100,replay,0.000000,0.022043,0.022043,9,12,0
952,95.200,replay,0.000000,0.014097,0.014097,9,12,0
953,95.300,replay,0.000000,0.013837,0.013837,9,12,0
954,95.400,replay,0.000000,0.013645,0.013645,9,12,0
955,95.500,replay,0.000000,0.049053,0.049053,9,12,0
956,95.600,replay,0.000000,0.022232,0.022232,9,13,0
957,95.700,replay,0.000000,0.015709,0.015709,9,13,0
958,95.800,replay,0.000000,0.014497,0.014497,9,12,0
959,95.900,replay,0.000000,0.014316,0.014316,9,12,0
960,96.000,replay,0.000000,0.038463,0.038463,9,12,0
961,96.100,replay,0.000000,0.014517,0.014517,9,12,0
962,96.200,replay,0.000000,0.030579,0.030579,9,12,0
963,96.300,replay,0.000000,0.014307,0.014307,9,13,0
964,96.400,replay,0.000000,0.013755,0.013755,9,13,0
965,96.500,replay,0.000000,0.029227,0.029227,9,13,0
966,96.600,replay,0.000000,0.013556,0.013556,9,13,0
967,96.700,replay,0.000000,0.033051,0.033051,9,13,0
968,96.800,replay,0.000000,0.013996,0.013996,9,13,0
969,96.900,replay,0.000000,0.022953,0.022953,9,13,0
970,97.000,replay,0.000000,0.041157,0.041157,9,13,0
971,97.100,replay,0.000000,0.014346,0.014346,9,13,0
972,97.200,replay,0.000000,0.046377,0.046377,9,13,0
973,97.300,replay,0.000000,0.024387,0.024387,9,13,0
974,97.400,replay,0.000000,0.022482,0.022482,9,13,0
975,97.500,replay,0.000000,0.040646,0.040646,9,13,0
976,97.600,replay,0.000000,0.026119,0.026119,9,13,0
977,97.700,replay,0.000000,0.022162,0.022162,9,13,0
978,97.800,replay,0.000000,0.033783,0.033783,9,13,0
979,97.900,replay,0.000000,0.023865,0.023865,9,13,0
980,98.000,replay,0.000000,0.040526,0.040526,9,13,0
981,98.100,replay,0.000000,0.028854,0.028854,9,13,0
982,98.200,replay,0.000000,0.022843,0.022843,9,13,0
983,98.300,replay,0.000000,0.024085,0.024085,9,13,0
984,98.400,replay,0.000000,0.025640,0.025640,9,13,0
985,98.500,replay,0.000000,0.029776,0.029776,9,13,0
986,98.600,replay,0.000000,0.022993,0.022993,9,13,0
987,98.700,replay,0.000000,0.025087,0.025087,9,13,0
988,98.800,replay,0.000000,0.024285,0.024285,9,13,0
989,98.900,replay,0.000000,0.025629,0.025629,9,13,0
990,99.000,replay,0.000000,0.029175,0.029175,9,13,0
991,99.100,replay,0.000000,0.025207,0.025207,9,13,0
992,99.200,replay,0.000000,0.024596,0.024596,9,13,0
993,99.300,replay,0.000000,0.039604,0.039604,9,13,0
994,99.400,replay,0.000000,0.023784,0.023784,9,13,0
995,99.500,replay,0.000000,0.022212,0.022212,9,13,0
996,99.600,replay,0.000000,0.023884,0.023884,9,13,0
997,99.700,replay,0.000000,0.024667,0.024667,9,13,0
998,99.800,replay,0.000000,0.024537,0.024537,9,13,0
999,99.900,replay,0.000000,0.021600,0.021600,9,13,0
