step,time_s,p_single_expert,p_multi_expert_top2,p_multi_expert_top4,p_cache_hit,p_cache_miss,p_payload_small,p_payload_large,p_batch_small,p_batch_large,qps_single_expert,qps_multi_expert_top2,qps_multi_expert_top4,qps_cache_hit,qps_cache_miss,qps_payload_small,qps_payload_large,qps_batch_small,qps_batch_large,traffic_stress,edge_jaccard_distance,weighted_edge_distance,hot_edge_rank_correlation,graph_change_rate_per_s,request_mix_entropy,top3_hotspot_churn,active_edge_count,traffic_stress_gini,traffic_stress_skew,migration_count,policy_decision_time_ms,latency_ms,sla_ms,sla_pressure,sla_violation_ratio
0,0.000,0.111111,0.162534,0.189896,0.180393,0.138473,0.083749,0.041829,0.032326,0.059688,10.000000,14.628071,17.090616,16.235383,12.462545,7.537455,3.764617,2.909384,5.371929,0.969300,0.000000,0.000000,1.000000,0.00000000,2.968011,0.000000,13,0.390394,0.537493,,,78.844257,132.125240,0.596739,0.000000
1,0.100,0.113624,0.164434,0.190293,0.179103,0.136098,0.081402,0.040607,0.032802,0.061638,10.226157,14.799034,17.126389,16.119227,12.248811,7.326152,3.654615,2.952155,5.547460,0.969753,0.000000,0.004285,1.000000,0.04285440,2.968015,0.000000,13,0.390242,0.538565,,,83.487607,132.245730,0.631307,0.000000
2,0.200,0.116134,0.166281,0.190613,0.177745,0.133698,0.079083,0.039454,0.033354,0.063638,10.452092,14.965261,17.155129,15.997033,12.032858,7.117487,3.550875,3.001881,5.727384,0.965329,0.000000,0.003531,1.000000,0.03531149,2.968018,0.000000,13,0.390146,0.539485,,,81.451734,132.373325,0.615318,0.000000
3,0.300,0.118640,0.168073,0.190853,0.176321,0.131277,0.076796,0.038372,0.033983,0.065684,10.677580,15.126588,17.176808,15.868920,11.814899,6.911667,3.453500,3.058513,5.911525,1.003365,0.000000,0.040341,1.000000,0.40340784,2.968021,0.000000,13,0.390107,0.540250,,,82.319744,132.507898,0.621244,0.000000
4,0.400,0.121138,0.169810,0.191016,0.174834,0.128835,0.074543,0.037362,0.034689,0.067774,10.902399,15.282855,17.191404,15.735015,11.595149,6.708895,3.362585,3.121996,6.099701,0.973969,0.000000,0.026832,1.000000,0.26832205,2.968023,0.000000,13,0.390124,0.540856,,,79.735685,132.649317,0.601101,0.000000
5,0.500,0.123626,0.171488,0.191099,0.173283,0.126376,0.072326,0.036425,0.035470,0.069908,11.126328,15.433909,17.198903,15.595451,11.373825,6.509371,3.278221,3.192266,6.291726,0.950293,0.000000,0.021828,1.000000,0.21828342,2.968024,0.000000,13,0.390197,0.541297,,,83.732712,132.797442,0.630530,0.000000
6,0.600,0.126102,0.173107,0.191103,0.171671,0.123902,0.070148,0.035561,0.036325,0.072082,11.349145,15.579600,17.199298,15.450364,11.151145,6.313291,3.200490,3.269255,6.487410,1.004494,0.000000,0.056357,1.000000,0.56357364,2.968024,0.000000,13,0.390325,0.541572,,,84.588475,132.952127,0.636233,0.000000
7,0.700,0.128563,0.174664,0.191029,0.169999,0.121415,0.068009,0.034772,0.037254,0.074295,11.570631,15.719785,17.192588,15.299899,10.927328,6.120850,3.129470,3.352886,6.686562,0.949689,0.000000,0.052159,1.000000,0.52159105,2.968023,0.000000,13,0.390507,0.541680,,,86.116873,133.113218,0.646945,0.000000
8,0.800,0.131006,0.176159,0.190875,0.168269,0.118918,0.065914,0.034058,0.038256,0.076544,11.790567,15.854325,17.178780,15.144203,10.702597,5.932238,3.065230,3.443078,6.888983,1.048635,0.000000,0.096645,1.000000,0.96645488,2.968021,0.000000,13,0.390744,0.541618,,,86.856205,133.280558,0.651679,0.000000
9,0.900,0.133430,0.177590,0.190643,0.166483,0.116413,0.063863,0.033420,0.039330,0.078827,12.008736,15.983088,17.157887,14.983431,10.477172,5.747639,3.007833,3.539740,7.094474,1.023562,0.000000,0.021444,1.000000,0.21444300,2.968019,0.000000,13,0.391034,0.541387,,,83.120438,133.453981,0.622840,0.000000
10,1.000,0.135832,0.178955,0.190333,0.164642,0.113903,0.061858,0.032859,0.040475,0.081143,12.224922,16.105946,17.129930,14.817740,10.251276,5.567237,2.957337,3.642777,7.302833,0.962021,0.000000,0.057760,0.994505,0.57759960,2.968015,0.000000,13,0.391404,0.540986,,,87.021010,133.633316,0.651192,0.000000
11,1.100,0.138210,0.180253,0.189944,0.162748,0.111390,0.059902,0.032375,0.041690,0.083487,12.438913,16.222779,17.094937,14.647295,10.025133,5.391210,2.913792,3.752089,7.513853,0.979831,0.000000,0.020629,0.994505,0.20628752,2.968012,0.000000,13,0.391967,0.540419,,,83.945550,133.818385,0.627310,0.000000
12,1.200,0.140561,0.181483,0.189477,0.160803,0.108877,0.057997,0.031969,0.042973,0.085859,12.650497,16.333470,17.052942,14.472264,9.798964,5.219731,2.877239,3.867566,7.727327,1.060473,0.000000,0.078337,1.000000,0.78336701,2.968008,0.000000,13,0.392613,0.539687,,,91.966985,134.009007,0.686275,0.000000
13,1.300,0.142883,0.182643,0.188933,0.158809,0.106367,0.056144,0.031641,0.044323,0.088256,12.859465,16.437911,17.003986,14.292819,9.572994,5.052970,2.847716,3.989095,7.943044,1.045542,0.000000,0.011644,1.000000,0.11643650,2.968004,0.000000,13,0.393308,0.538792,,,79.807874,134.204993,0.594671,0.000000
14,1.400,0.145173,0.183733,0.188312,0.156768,0.103861,0.054345,0.031392,0.045740,0.090675,13.065611,16.535998,16.948119,14.109138,9.347445,4.891091,2.825251,4.116557,8.160791,1.031876,0.000000,0.010652,1.000000,0.10652363,2.968002,0.000000,13,0.394053,0.537739,,,82.265156,134.406150,0.612064,0.000000
15,1.500,0.147430,0.184751,0.187615,0.154682,0.101362,0.052603,0.031221,0.047220,0.093115,13.268732,16.627635,16.885394,13.921401,9.122541,4.734253,2.809867,4.249824,8.380352,1.013258,0.000000,0.015657,0.994505,0.15656864,2.967999,0.000000,13,0.394854,0.536531,,,80.476648,134.612279,0.597840,0.000000
16,1.600,0.149651,0.185697,0.186843,0.152553,0.098872,0.050918,0.031129,0.048764,0.095572,13.468626,16.712731,16.815875,13.729794,8.898502,4.582613,2.801579,4.388767,8.601513,1.057042,0.000000,0.043721,1.000000,0.43720997,2.967998,0.000000,13,0.395855,0.535175,,,88.748708,134.823176,0.658260,0.000000
17,1.700,0.151834,0.186569,0.185996,0.150383,0.096395,0.049292,0.031115,0.050369,0.098045,13.665098,16.791203,16.739629,13.534507,8.675550,4.436318,2.800395,4.533247,8.824053,1.055676,0.000000,0.003726,1.000000,0.03726467,2.967998,0.000000,13,0.396901,0.533675,,,83.678782,135.038634,0.619665,0.000000
18,1.800,0.153977,0.187366,0.185075,0.148175,0.093932,0.047728,0.031181,0.052035,0.100531,13.857953,16.862973,16.656731,13.335731,8.453906,4.295515,2.806316,4.683122,9.047754,0.987041,0.000000,0.062819,1.000000,0.62818686,2.967999,0.000000,13,0.397991,0.532037,,,84.002231,135.258441,0.621050,0.000000
19,1.900,0.156078,0.188089,0.184081,0.145930,0.091487,0.046226,0.031326,0.053758,0.103027,14.047000,16.927970,16.567265,13.133664,8.233787,4.160341,2.819336,4.838244,9.272395,1.058129,0.000000,0.069342,1.000000,0.69341563,2.968001,0.000000,13,0.399122,0.530269,,,87.569067,135.482378,0.646350,0.000000
20,2.000,0.158134,0.188735,0.183015,0.143650,0.089060,0.044788,0.031549,0.055538,0.105531,14.232054,16.986129,16.471317,12.928504,8.015411,4.030929,2.839442,4.998460,9.497753,1.009508,0.000000,0.043768,1.000000,0.43768429,2.968003,0.000000,13,0.400294,0.528377,,,84.809569,135.710225,0.624931,0.000000
21,2.100,0.160144,0.189304,0.181878,0.141338,0.086655,0.043416,0.031851,0.057373,0.108040,14.412931,17.037394,16.368983,12.720454,7.798994,3.907409,2.866616,5.163612,9.723608,1.061507,0.000000,0.051123,1.000000,0.51122711,2.968007,0.000000,13,0.401506,0.526370,,,94.174705,135.941758,0.692758,0.000000
22,2.200,0.162105,0.189797,0.180671,0.138997,0.084275,0.042110,0.032231,0.059262,0.110553,14.589453,17.081715,16.260363,12.509719,7.584749,3.789902,2.900829,5.333537,9.949735,0.989571,0.000000,0.065703,1.000000,0.65703455,2.968010,0.000000,13,0.402757,0.524254,,,84.300871,136.176747,0.619055,0.000000
23,2.300,0.164016,0.190212,0.179395,0.136628,0.081921,0.040872,0.032689,0.061201,0.113066,14.761445,17.119046,16.145566,12.296507,7.372887,3.678523,2.942048,5.508067,10.175912,1.066518,0.000000,0.074163,1.000000,0.74162699,2.968014,0.000000,13,0.404044,0.522038,,,93.429777,136.414962,0.684894,0.000000
24,2.400,0.165875,0.190548,0.178052,0.134234,0.079596,0.039704,0.033225,0.063189,0.115577,14.928739,17.149352,16.024703,12.081029,7.163618,3.573382,2.990232,5.687030,10.401915,1.006385,0.000000,0.054367,1.000000,0.54366893,2.968017,0.000000,13,0.405366,0.519730,,,83.557933,136.656165,0.611446,0.000000
25,2.500,0.167680,0.190807,0.176643,0.131817,0.077302,0.038606,0.033837,0.065225,0.118084,15.091169,17.172602,15.897895,11.863497,6.957149,3.474584,3.045334,5.870250,10.627521,1.077849,0.000000,0.068252,1.000000,0.68252010,2.968020,0.000000,13,0.406723,0.517339,,,90.808456,136.900121,0.663319,0.000000
26,2.600,0.169429,0.190986,0.175170,0.129379,0.075041,0.037580,0.034526,0.067306,0.120583,15.248574,17.188774,15.765266,11.644126,6.753682,3.382226,3.107300,6.057545,10.852509,1.085278,0.000000,0.010339,1.000000,0.10339185,2.968023,0.000000,13,0.408112,0.514874,,,80.145271,137.146588,0.584377,0.000000
27,2.700,0.171120,0.191087,0.173633,0.126924,0.072816,0.036627,0.035290,0.069430,0.123074,15.400800,17.197851,15.626947,11.423133,6.553419,3.296398,3.176067,6.248731,11.076654,1.041070,0.000000,0.038813,0.994505,0.38813446,2.968024,0.000000,13,0.409583,0.512342,,,85.273880,137.395322,0.620646,0.000000
28,2.800,0.172752,0.191109,0.172034,0.124453,0.070628,0.035747,0.036129,0.071596,0.125553,15.547695,17.199825,15.483076,11.200735,6.356557,3.217186,3.251570,6.443619,11.299738,1.010416,0.000000,0.027547,1.000000,0.27546904,2.968024,0.000000,13,0.411097,0.509754,,,83.030173,137.646078,0.603215,0.000000
29,2.900,0.174324,0.191052,0.170375,0.121968,0.068481,0.034941,0.037041,0.073800,0.128017,15.689116,17.194693,15.333793,10.977152,6.163291,3.144668,3.333732,6.642016,11.521539,1.015355,0.000000,0.008726,1.000000,0.08725573,2.968023,0.000000,13,0.412638,0.507117,,,86.330931,137.898610,0.626046,0.000000
30,3.000,0.175832,0.190916,0.168658,0.119473,0.066376,0.034210,0.038027,0.076041,0.130465,15.824922,17.182461,15.179247,10.752605,5.973811,3.078916,3.422473,6.843728,11.741838,1.076920,0.000000,0.058913,1.000000,0.58912745,2.968022,0.000000,13,0.414206,0.504440,,,86.118013,138.152667,0.623354,0.000000
31,3.100,0.177278,0.190702,0.166884,0.116970,0.064314,0.033555,0.039086,0.078317,0.132894,15.954980,17.163141,15.019589,10.527315,5.788305,3.019993,3.517705,7.048554,11.960418,1.055617,0.000000,0.018015,1.000000,0.18015474,2.968019,0.000000,13,0.415798,0.501732,,,90.084594,138.407998,0.650863,0.000000
32,3.200,0.178657,0.190408,0.165055,0.114461,0.062299,0.032977,0.040215,0.080625,0.135301,16.079161,17.136752,14.854977,10.301505,5.606955,2.967960,3.619334,7.256293,12.177063,1.062638,0.000000,0.010118,1.000000,0.10117634,2.968016,0.000000,13,0.417413,0.499001,,,88.341497,138.664353,0.637089,0.000000
33,3.300,0.179970,0.190037,0.163173,0.111949,0.060333,0.032476,0.041414,0.082964,0.137684,16.197343,17.103320,14.685574,10.075397,5.429940,2.922865,3.727261,7.466740,12.391560,1.068063,0.000000,0.008828,1.000000,0.08828450,2.968012,0.000000,13,0.419049,0.496255,,,93.191112,138.921477,0.670819,0.000000
34,3.400,0.181216,0.189588,0.161239,0.109436,0.058416,0.032053,0.042682,0.085330,0.140041,16.309408,17.062877,14.511547,9.849215,5.257436,2.884756,3.841377,7.679687,12.603697,1.011892,0.000000,0.051042,1.000000,0.51042224,2.968009,0.000000,13,0.420706,0.493503,,,90.823399,139.179117,0.652565,0.000000
35,3.500,0.182392,0.189061,0.159256,0.106924,0.056551,0.031707,0.044017,0.087721,0.142370,16.415247,17.015464,14.333068,9.623181,5.089612,2.853668,3.961572,7.894924,12.813264,1.048180,0.000000,0.036141,1.000000,0.36140681,2.968005,0.000000,13,0.422382,0.490751,,,87.719999,139.437020,0.629101,0.000000
36,3.600,0.183497,0.188457,0.157226,0.104417,0.054740,0.031440,0.045419,0.090136,0.144667,16.514755,16.961128,14.150313,9.397520,4.926634,2.829632,4.087726,8.112238,13.020055,0.988865,0.000000,0.055157,1.000000,0.55156727,2.968002,0.000000,13,0.424075,0.488009,,,88.811877,139.694929,0.635756,0.000000
37,3.700,0.184531,0.187777,0.155150,0.101916,0.052985,0.031252,0.046886,0.092571,0.146932,16.607833,16.899923,13.963461,9.172453,4.768662,2.812673,4.219714,8.331415,13.223865,1.034256,0.000000,0.045278,1.000000,0.45278283,2.968000,0.000000,13,0.425784,0.485282,,,89.293981,139.952592,0.638030,0.000000
38,3.800,0.185493,0.187021,0.153030,0.099424,0.051287,0.031142,0.048416,0.095025,0.149161,16.694391,16.831907,13.772699,8.948202,4.615854,2.802807,4.357407,8.552239,13.424494,1.032812,0.000000,0.003191,0.994505,0.03191493,2.967998,0.000000,13,0.427545,0.482577,,,85.483366,140.209753,0.609682,0.000000
39,3.900,0.186382,0.186191,0.150869,0.096944,0.049648,0.031112,0.050007,0.097494,0.151353,16.774342,16.757150,13.578213,8.724990,4.468359,2.800044,4.500669,8.774492,13.621744,0.978712,0.000000,0.051120,1.000000,0.51119503,2.967998,0.000000,13,0.429319,0.479902,,,89.343796,140.466158,0.636052,0.000000
40,4.000,0.187196,0.185286,0.148669,0.094478,0.048070,0.031160,0.051660,0.099977,0.153505,16.847607,16.675724,13.380195,8.503036,4.326323,2.804386,4.649357,8.997954,13.815419,1.026541,0.000000,0.047800,1.000000,0.47800256,2.967999,0.000000,13,0.431104,0.477263,,,93.841786,140.721556,0.666861,0.000000
41,4.100,0.187935,0.184308,0.146432,0.092028,0.046554,0.031287,0.053370,0.102471,0.155615,16.914115,16.587710,13.178842,8.282559,4.189886,2.815829,4.803326,9.222405,14.005328,1.036085,0.000000,0.012027,1.000000,0.12026613,2.968000,0.000000,13,0.432899,0.474665,,,87.566285,140.975693,0.621145,0.000000
42,4.200,0.188598,0.183258,0.144159,0.089598,0.045102,0.031493,0.055138,0.104974,0.157681,16.973799,16.493194,12.974352,8.063777,4.059183,2.834363,4.962424,9.447623,14.191285,0.992743,0.000000,0.040744,1.000000,0.40743566,2.968003,0.000000,13,0.434702,0.472114,,,88.488708,141.228319,0.626565,0.000000
43,4.300,0.189184,0.182136,0.141855,0.087188,0.043715,0.031777,0.056961,0.107482,0.159701,17.026601,16.392271,12.766926,7.846906,3.934343,2.859968,5.126493,9.673386,14.373106,0.998988,0.000000,0.009375,1.000000,0.09374756,2.968006,0.000000,13,0.436511,0.469616,,,89.646090,141.479184,0.633634,0.000000
44,4.400,0.189694,0.180945,0.139520,0.084802,0.042394,0.032140,0.058837,0.109994,0.161673,17.072468,16.285039,12.556770,7.632160,3.815489,2.892619,5.295372,9.899472,14.550611,1.035066,0.000000,0.035822,1.000000,0.35821968,2.968009,0.000000,13,0.438326,0.467175,,,94.466061,141.728042,0.666530,0.000000
45,4.500,0.190126,0.179684,0.137157,0.082442,0.041142,0.032581,0.060765,0.112507,0.163596,17.111356,16.171605,12.344091,7.419751,3.702738,2.932284,5.468893,10.125657,14.723625,1.049326,0.000000,0.015623,1.000000,0.15623102,2.968013,0.000000,13,0.440144,0.464797,,,87.675770,141.974645,0.617545,0.000000
46,4.600,0.190480,0.178356,0.134768,0.080110,0.039958,0.033099,0.062743,0.115019,0.165466,17.143226,16.052080,12.129098,7.209888,3.596202,2.978925,5.646886,10.351718,14.891977,0.969583,0.076923,0.084894,1.000000,0.84894488,2.968017,0.000000,12,0.411135,0.353432,,,91.195313,142.218752,0.641233,0.000000
47,4.700,0.190756,0.176962,0.132356,0.077809,0.038844,0.033694,0.064769,0.117527,0.167283,17.168046,15.926582,11.912004,7.002778,3.495986,3.032494,5.829176,10.577432,15.055502,0.951842,0.000000,0.017211,1.000000,0.17210882,2.968020,0.000000,12,0.412661,0.351029,,,88.195448,142.460121,0.619089,0.000000
48,4.800,0.190953,0.175503,0.129922,0.075540,0.037802,0.034366,0.066840,0.120029,0.169045,17.185792,15.795235,11.693023,6.798627,3.402188,3.092939,6.015581,10.802576,15.214037,1.014821,0.000000,0.063026,0.993007,0.63025707,2.968022,0.000000,12,0.414216,0.348688,,,96.335511,142.698513,0.675098,0.000000
49,4.900,0.191072,0.173980,0.127471,0.073307,0.036832,0.035113,0.068955,0.122521,0.170749,17.196447,15.658170,11.472372,6.597634,3.314902,3.160201,6.205918,11.026928,15.367427,0.989394,0.000000,0.024126,1.000000,0.24125676,2.968024,0.000000,12,0.415798,0.346412,,,91.440260,142.933695,0.639739,0.000000
50,5.000,0.191111,0.172395,0.125003,0.071111,0.035936,0.035936,0.071111,0.125003,0.172395,17.200000,15.515520,11.250267,6.400000,3.234213,3.234213,6.400000,11.250267,15.515520,0.947055,0.000000,0.041954,0.993007,0.41954360,2.968024,0.000000,12,0.417440,0.344205,,,91.210578,143.165433,0.637099,0.000000
51,5.100,0.191072,0.170749,0.122521,0.068955,0.035113,0.036832,0.073307,0.127471,0.173980,17.196447,15.367427,11.026928,6.205918,3.160201,3.314902,6.597634,11.472372,15.658170,1.030280,0.000000,0.081511,1.000000,0.81511427,2.968024,0.000000,12,0.419095,0.342070,,,94.494324,143.393498,0.658986,0.000000
52,5.200,0.190953,0.169045,0.120029,0.066840,0.034366,0.037802,0.075540,0.129922,0.175503,17.185792,15.214037,10.802576,6.015581,3.092939,3.402188,6.798627,11.693023,15.795235,0.951406,0.000000,0.075891,1.000000,0.75891311,2.968022,0.000000,12,0.420747,0.340011,,,91.104984,143.617667,0.634358,0.000000
53,5.300,0.190756,0.167283,0.117527,0.064769,0.033694,0.038844,0.077809,0.132356,0.176962,17.168046,15.055502,10.577432,5.829176,3.032494,3.495986,7.002778,11.912004,15.926582,0.987303,0.000000,0.036974,0.993007,0.36974353,2.968020,0.000000,12,0.422417,0.338030,,,94.114354,143.837717,0.654309,0.000000
54,5.400,0.190480,0.165466,0.115019,0.062743,0.033099,0.039958,0.080110,0.134768,0.178356,17.143226,14.891977,10.351718,5.646886,2.978925,3.596202,7.209888,12.129098,16.052080,0.938690,0.000000,0.048706,1.000000,0.48706257,2.968017,0.000000,12,0.424078,0.336129,,,94.670817,144.053431,0.657192,0.000000
55,5.500,0.190126,0.163596,0.112507,0.060765,0.032581,0.041142,0.082442,0.137157,0.179684,17.111356,14.723625,10.125657,5.468893,2.932284,3.702738,7.419751,12.344091,16.171605,1.009642,0.000000,0.070719,1.000000,0.70719443,2.968013,0.000000,12,0.425731,0.334311,,,93.733556,144.264597,0.649734,0.000000
56,5.600,0.189694,0.161673,0.109994,0.058837,0.032140,0.042394,0.084802,0.139520,0.180945,17.072468,14.550611,9.899472,5.295372,2.892619,3.815489,7.632160,12.556770,16.285039,0.955367,0.000000,0.053379,1.000000,0.53379478,2.968009,0.000000,12,0.427373,0.332577,,,92.271781,144.471006,0.638687,0.000000
57,5.700,0.189184,0.159701,0.107482,0.056961,0.031777,0.043715,0.087188,0.141855,0.182136,17.026601,14.373106,9.673386,5.126493,2.859968,3.934343,7.846906,12.766926,16.392271,0.927286,0.000000,0.029085,1.000000,0.29085496,2.968006,0.000000,12,0.429005,0.330930,,,93.902437,144.672454,0.649069,0.000000
58,5.800,0.188598,0.157681,0.104974,0.055138,0.031493,0.045102,0.089598,0.144159,0.183258,16.973799,14.191285,9.447623,4.962424,2.834363,4.059183,8.063777,12.974352,16.493194,0.979394,0.000000,0.053428,1.000000,0.53428390,2.968003,0.000000,12,0.430623,0.329369,,,93.307449,144.868743,0.644083,0.000000
59,5.900,0.187935,0.155615,0.102471,0.053370,0.031287,0.046554,0.092028,0.146432,0.184308,16.914115,14.005328,9.222405,4.803326,2.815829,4.189886,8.282559,13.178842,16.587710,0.922468,0.000000,0.057978,1.000000,0.57978001,2.968000,0.000000,12,0.432228,0.327897,,,93.139045,145.059679,0.642074,0.000000
60,6.000,0.187196,0.153505,0.099977,0.051660,0.031160,0.048070,0.094478,0.148669,0.185286,16.847607,13.815419,8.997954,4.649357,2.804386,4.326323,8.503036,13.380195,16.675724,0.899475,0.083333,0.035818,1.000000,0.35818351,2.967999,0.000000,11,0.399099,0.196721,,,90.536295,145.245073,0.623335,0.000000
61,6.100,0.186382,0.151353,0.097494,0.050007,0.031112,0.049648,0.096944,0.150869,0.186191,16.774342,13.621744,8.774492,4.500669,2.800044,4.468359,8.724990,13.578213,16.757150,0.920572,0.000000,0.023286,0.990909,0.23286483,2.967998,0.500000,11,0.400418,0.195308,,,86.710028,145.424743,0.596254,0.000000
62,6.200,0.185493,0.149161,0.095025,0.048416,0.031142,0.051287,0.099424,0.153030,0.187021,16.694391,13.424494,8.552239,4.357407,2.802807,4.615854,8.948202,13.772699,16.831907,0.967906,0.000000,0.049084,1.000000,0.49083759,2.967998,0.000000,11,0.401736,0.193994,,,93.307690,145.598511,0.640856,0.000000
63,6.300,0.184531,0.146932,0.092571,0.046886,0.031252,0.052985,0.101916,0.155150,0.187777,16.607833,13.223865,8.331415,4.219714,2.812673,4.768662,9.172453,13.963461,16.899923,0.882787,0.090909,0.098648,1.000000,0.98647705,2.968000,0.000000,10,0.360639,0.054040,,,93.674914,145.766205,0.642638,0.000000
64,6.400,0.183497,0.144667,0.090136,0.045419,0.031440,0.054740,0.104417,0.157226,0.188457,16.514755,13.020055,8.112238,4.087726,2.829632,4.926634,9.397520,14.150313,16.961128,0.942329,0.090909,0.074301,1.000000,0.74300543,2.968002,0.000000,11,0.404319,0.191665,,,91.652856,145.927661,0.628070,0.000000
65,6.500,0.182392,0.142370,0.087721,0.044017,0.031707,0.056551,0.106924,0.159256,0.189061,16.415247,12.813264,7.894924,3.961572,2.853668,5.089612,9.623181,14.333068,17.015464,0.902726,0.181818,0.064097,0.997725,0.64096557,2.968005,0.000000,9,0.308630,-0.069115,,,87.996656,146.082719,0.602376,0.000000
66,6.600,0.181216,0.140041,0.085330,0.042682,0.032053,0.058416,0.109436,0.161239,0.189588,16.309408,12.603697,7.679687,3.841377,2.884756,5.257436,9.849215,14.511547,17.062877,0.943392,0.100000,0.054436,1.000000,0.54436166,2.968009,0.000000,10,0.363788,0.050245,,,90.409156,146.231225,0.618262,0.000000
67,6.700,0.179970,0.137684,0.082964,0.041414,0.032476,0.060333,0.111949,0.163173,0.190037,16.197343,12.391560,7.466740,3.727261,2.922865,5.429940,10.075397,14.685574,17.103320,0.891963,0.100000,0.065067,1.000000,0.65066708,2.968012,0.000000,9,0.310096,-0.071309,,,93.994412,146.373034,0.642157,0.000000
68,6.800,0.178657,0.135301,0.080625,0.040215,0.032977,0.062299,0.114461,0.165055,0.190408,16.079161,12.177063,7.256293,3.619334,2.967960,5.606955,10.301505,14.854977,17.136752,0.871918,0.000000,0.022297,1.000000,0.22297314,2.968016,0.000000,9,0.310849,-0.072434,,,90.773642,146.508005,0.619581,0.000000
69,6.900,0.177278,0.132894,0.078317,0.039086,0.033555,0.064314,0.116970,0.166884,0.190702,15.954980,11.960418,7.048554,3.517705,3.019993,5.788305,10.527315,15.019589,17.163141,0.904008,0.000000,0.035563,1.000000,0.35562759,2.968019,0.000000,9,0.311614,-0.073577,,,90.534698,146.636005,0.617411,0.000000
70,7.000,0.175832,0.130465,0.076041,0.038027,0.034210,0.066376,0.119473,0.168658,0.190916,15.824922,11.741838,6.843728,3.422473,3.078916,5.973811,10.752605,15.179247,17.182461,0.877641,0.000000,0.029208,1.000000,0.29207506,2.968022,0.000000,9,0.312391,-0.074738,,,88.817326,146.756908,0.605200,0.000000
71,7.100,0.174324,0.128017,0.073800,0.037041,0.034941,0.068481,0.121968,0.170375,0.191052,15.689116,11.521539,6.642016,3.333732,3.144668,6.163291,10.977152,15.333793,17.194693,0.822898,0.000000,0.062518,1.000000,0.62517820,2.968023,0.000000,9,0.313180,-0.075917,,,90.546038,146.870594,0.616502,0.000000
72,7.200,0.172752,0.125553,0.071596,0.036129,0.035747,0.070628,0.124453,0.172034,0.191109,15.547695,11.299738,6.443619,3.251570,3.217186,6.356557,11.200735,15.483076,17.199825,0.889112,0.000000,0.074228,1.000000,0.74228059,2.968024,0.000000,9,0.313981,-0.077113,,,97.520609,146.976952,0.663510,0.000000
73,7.300,0.171120,0.123074,0.069430,0.035290,0.036627,0.072816,0.126924,0.173633,0.191087,15.400800,11.076654,6.248731,3.176067,3.296398,6.553419,11.423133,15.626947,17.197851,0.883297,0.000000,0.006911,1.000000,0.06910994,2.968024,0.000000,9,0.314791,-0.078328,,,87.265378,147.075876,0.593336,0.000000
74,7.400,0.169429,0.120583,0.067306,0.034526,0.037580,0.075041,0.129379,0.175170,0.190986,15.248574,10.852509,6.057545,3.107300,3.382226,6.753682,11.644126,15.765266,17.188774,0.883761,0.000000,0.001485,1.000000,0.01484690,2.968023,0.000000,9,0.315612,-0.079559,,,86.657338,147.167269,0.588836,0.000000
75,7.500,0.167680,0.118084,0.065225,0.033837,0.038606,0.077302,0.131817,0.176643,0.190807,15.091169,10.627521,5.870250,3.045334,3.474584,6.957149,11.863497,15.897895,17.172602,0.880190,0.000000,0.004632,1.000000,0.04631877,2.968020,0.000000,9,0.316442,-0.080808,,,85.428088,147.251040,0.580153,0.000000
76,7.600,0.165875,0.115577,0.063189,0.033225,0.039704,0.079596,0.134234,0.178052,0.190548,14.928739,10.401915,5.687030,2.990232,3.573382,7.163618,12.081029,16.024703,17.149352,0.829598,0.000000,0.058141,1.000000,0.58140511,2.968017,0.000000,9,0.317281,-0.082074,,,89.998116,147.327107,0.610873,0.000000
77,7.700,0.164016,0.113066,0.061201,0.032689,0.040872,0.081921,0.136628,0.179395,0.190212,14.761445,10.175912,5.508067,2.942048,3.678523,7.372887,12.296507,16.145566,17.119046,0.794941,0.111111,0.055446,1.000000,0.55446168,2.968014,0.000000,8,0.251429,-0.115385,,,83.015321,147.395395,0.563215,0.000000
78,7.800,0.162105,0.110553,0.059262,0.032231,0.042110,0.084275,0.138997,0.180671,0.189797,14.589453,9.949735,5.333537,2.900829,3.789902,7.584749,12.509719,16.260363,17.081715,0.850148,0.111111,0.076681,1.000000,0.76681211,2.968010,0.000000,9,0.318983,-0.084655,,,88.100199,147.455836,0.597468,0.000000
79,7.900,0.160144,0.108040,0.057373,0.031851,0.043416,0.086655,0.141338,0.181878,0.189304,14.412931,9.723608,5.163612,2.866616,3.907409,7.798994,12.720454,16.368983,17.037394,0.819663,0.111111,0.049426,1.000000,0.49426232,2.968007,0.000000,8,0.252819,-0.122142,,,87.101455,147.508371,0.590485,0.000000
80,8.000,0.158134,0.105531,0.055538,0.031549,0.044788,0.089060,0.143650,0.183015,0.188735,14.232054,9.497753,4.998460,2.839442,4.030929,8.015411,12.928504,16.471317,16.986129,0.762127,0.000000,0.071056,1.000000,0.71056012,2.968003,0.000000,8,0.253523,-0.125573,,,88.678593,147.552948,0.600995,0.000000
81,8.100,0.156078,0.103027,0.053758,0.031326,0.046226,0.091487,0.145930,0.184081,0.188089,14.047000,9.272395,4.838244,2.819336,4.160341,8.233787,13.133664,16.567265,16.927970,0.796691,0.000000,0.042397,1.000000,0.42397484,2.968001,0.000000,8,0.254232,-0.129036,,,83.692570,147.589522,0.567063,0.000000
82,8.200,0.153977,0.100531,0.052035,0.031181,0.047728,0.093932,0.148175,0.185075,0.187366,13.857953,9.047754,4.683122,2.806316,4.295515,8.453906,13.335731,16.656731,16.862973,0.745394,0.000000,0.065450,1.000000,0.65449897,2.967999,0.000000,8,0.254946,-0.132530,,,86.527629,147.618059,0.586159,0.000000
83,8.300,0.151834,0.098045,0.050369,0.031115,0.049292,0.096395,0.150383,0.185996,0.186569,13.665098,8.824053,4.533247,2.800395,4.436318,8.675550,13.534507,16.739629,16.791203,0.791730,0.000000,0.057357,1.000000,0.57357225,2.967998,0.000000,8,0.255664,-0.136053,,,84.772733,147.638529,0.574191,0.000000
84,8.400,0.149651,0.095572,0.048764,0.031129,0.050918,0.098872,0.152553,0.186843,0.185697,13.468626,8.601513,4.388767,2.801579,4.582613,8.898502,13.729794,16.815875,16.712731,0.745131,0.000000,0.060120,1.000000,0.60120472,2.967998,0.000000,8,0.256386,-0.139604,,,86.024957,147.650912,0.582624,0.000000
85,8.500,0.147430,0.093115,0.047220,0.031221,0.052603,0.101362,0.154682,0.187615,0.184751,13.268732,8.380352,4.249824,2.809867,4.734253,9.122541,13.921401,16.885394,16.627635,0.790986,0.000000,0.056610,1.000000,0.56609763,2.967999,0.000000,8,0.257111,-0.143179,,,87.073047,147.655197,0.589705,0.000000
86,8.600,0.145173,0.090675,0.045740,0.031392,0.054345,0.103861,0.156768,0.188312,0.183733,13.065611,8.160791,4.116557,2.825251,4.891091,9.347445,14.109138,16.948119,16.535998,0.770502,0.000000,0.027400,1.000000,0.27400382,2.968002,0.000000,8,0.257838,-0.146778,,,84.671261,147.651379,0.573454,0.000000
87,8.700,0.142883,0.088256,0.044323,0.031641,0.056144,0.106367,0.158809,0.188933,0.182643,12.859465,7.943044,3.989095,2.847716,5.052970,9.572994,14.292819,17.003986,16.437911,0.712318,0.000000,0.077035,1.000000,0.77034912,2.968004,0.000000,8,0.258569,-0.150398,,,79.526242,147.639461,0.538652,0.000000
88,8.800,0.140561,0.085859,0.042973,0.031969,0.057997,0.108877,0.160803,0.189477,0.181483,12.650497,7.727327,3.867566,2.877239,5.219731,9.798964,14.472264,17.052942,16.333470,0.742064,0.000000,0.038410,1.000000,0.38409619,2.968008,0.000000,8,0.259301,-0.154038,,,85.502809,147.619456,0.579211,0.000000
89,8.900,0.138210,0.083487,0.041690,0.032375,0.059902,0.111390,0.162748,0.189944,0.180253,12.438913,7.513853,3.752089,2.913792,5.391210,10.025133,14.647295,17.094937,16.222779,0.780849,0.000000,0.047919,1.000000,0.47918885,2.968012,0.000000,8,0.260034,-0.157695,,,89.148679,147.591383,0.604024,0.000000
90,9.000,0.135832,0.081143,0.040475,0.032859,0.061858,0.113903,0.164642,0.190333,0.178955,12.224922,7.302833,3.642777,2.957337,5.567237,10.251276,14.817740,17.129930,16.105946,0.715025,0.000000,0.086070,1.000000,0.86070283,2.968015,0.000000,8,0.260768,-0.161367,,,82.727688,147.555270,0.560656,0.000000
91,9.100,0.133430,0.078827,0.039330,0.033420,0.063863,0.116413,0.166483,0.190643,0.177590,12.008736,7.094474,3.539740,3.007833,5.747639,10.477172,14.983431,17.157887,15.983088,0.774145,0.000000,0.074488,1.000000,0.74487719,2.968019,0.000000,8,0.261502,-0.165052,,,87.497355,147.511153,0.593158,0.000000
92,9.200,0.131006,0.076544,0.038256,0.034058,0.065914,0.118918,0.168269,0.190875,0.176159,11.790567,6.888983,3.443078,3.065230,5.932238,10.702597,15.144203,17.178780,15.854325,0.697473,0.000000,0.100954,1.000000,1.00953895,2.968021,0.000000,8,0.262236,-0.168749,,,88.267020,147.459075,0.598587,0.000000
93,9.300,0.128563,0.074295,0.037254,0.034772,0.068009,0.121415,0.169999,0.191029,0.174664,11.570631,6.686562,3.352886,3.129470,6.120850,10.927328,15.299899,17.192588,15.719785,0.751082,0.000000,0.069314,1.000000,0.69313732,2.968023,0.000000,8,0.262970,-0.172453,,,88.332622,147.399088,0.599275,0.000000
94,9.400,0.126102,0.072082,0.036325,0.035561,0.070148,0.123902,0.171671,0.191103,0.173107,11.349145,6.487410,3.269255,3.200490,6.313291,11.151145,15.450364,17.199298,15.579600,0.727866,0.000000,0.033145,1.000000,0.33144826,2.968024,0.000000,8,0.263702,-0.176165,,,87.516638,147.331250,0.594013,0.000000
95,9.500,0.123626,0.069908,0.035470,0.036425,0.072326,0.126376,0.173283,0.191099,0.171488,11.126328,6.291726,3.192266,3.278221,6.509371,11.373825,15.595451,17.198903,15.433909,0.692553,0.000000,0.050795,1.000000,0.50794974,2.968024,0.000000,8,0.264432,-0.179880,,,79.931154,147.255628,0.542805,0.000000
96,9.600,0.121138,0.067774,0.034689,0.037362,0.074543,0.128835,0.174834,0.191016,0.169810,10.902399,6.099701,3.121996,3.362585,6.708895,11.595149,15.735015,17.191404,15.282855,0.745522,0.111111,0.082654,1.000000,0.82654334,2.968023,0.000000,9,0.328344,-0.077713,,,86.285681,147.172299,0.586290,0.000000
97,9.700,0.118640,0.065684,0.033983,0.038372,0.076796,0.131277,0.176321,0.190853,0.168073,10.677580,5.911525,3.058513,3.453500,6.911667,11.814899,15.868920,17.176808,15.126588,0.733886,0.000000,0.018047,1.000000,0.18046956,2.968021,0.000000,9,0.328410,-0.075689,,,86.897665,147.081342,0.590814,0.000000
98,9.800,0.116134,0.063638,0.033354,0.039454,0.079083,0.133698,0.177745,0.190613,0.166281,10.452092,5.727384,3.001881,3.550875,7.117487,12.032858,15.997033,17.155129,14.965261,0.692694,0.111111,0.073128,1.000000,0.73128138,2.968018,0.000000,8,0.266605,-0.191025,,,79.963501,146.982849,0.544033,0.000000
99,9.900,0.113624,0.061638,0.032802,0.040607,0.081402,0.136098,0.179103,0.190293,0.164434,10.226157,5.547460,2.952155,3.654615,7.326152,12.248811,16.119227,17.126389,14.799034,0.714346,0.111111,0.043587,1.000000,0.43587109,2.968015,0.000000,9,0.328453,-0.071632,,,86.250752,146.876917,0.587231,0.000000
100,10.000,0.111111,0.059688,0.032326,0.041829,0.083749,0.138473,0.180393,0.189896,0.162534,10.000000,5.371929,2.909384,3.764617,7.537455,12.462545,16.235383,17.090616,14.628071,0.682004,0.000000,0.047452,1.000000,0.47451741,2.968011,0.000000,9,0.328430,-0.069613,,,79.468939,146.763649,0.541476,0.000000
101,10.100,0.108598,0.057789,0.031929,0.043120,0.086124,0.140821,0.181615,0.189421,0.160584,9.773843,5.200966,2.873611,3.880773,7.751189,12.673848,16.345385,17.047845,14.452540,0.669217,0.000000,0.021386,1.000000,0.21386213,2.968007,0.000000,9,0.328378,-0.067609,,,78.003932,146.643159,0.531930,0.000000
102,10.200,0.106088,0.055942,0.031610,0.044477,0.088524,0.143139,0.182768,0.188868,0.158585,9.547908,5.034739,2.844871,4.002967,7.967142,12.882513,16.449125,16.998119,14.272616,0.619869,0.111111,0.092595,1.000000,0.92594833,2.968004,0.000000,8,0.269442,-0.205789,,,82.655733,146.515564,0.564143,0.000000
103,10.300,0.103582,0.054149,0.031369,0.045901,0.090946,0.145426,0.183850,0.188239,0.156539,9.322420,4.873412,2.823192,4.131080,8.185101,13.088333,16.546500,16.941487,14.088475,0.710195,0.111111,0.140803,1.000000,1.40803406,2.968001,0.000000,9,0.328182,-0.063673,,,88.692772,146.380990,0.605904,0.000000
104,10.400,0.101084,0.052413,0.031207,0.047389,0.093387,0.147679,0.184860,0.187533,0.154448,9.097601,4.717145,2.808596,4.264985,8.404851,13.291105,16.637415,16.878004,13.900299,0.627921,0.000000,0.118053,1.000000,1.18052801,2.967999,0.000000,9,0.328038,-0.061754,,,84.561718,146.239572,0.578241,0.000000
105,10.500,0.098596,0.050734,0.031123,0.048939,0.095846,0.149896,0.185798,0.186753,0.152314,8.873672,4.566091,2.801097,4.404549,8.626175,13.490629,16.721779,16.807734,13.708274,0.673035,0.000000,0.064653,1.000000,0.64652908,2.967998,0.000000,9,0.327864,-0.059877,,,80.352095,146.091447,0.550012,0.000000
106,10.600,0.096121,0.049116,0.031119,0.050552,0.098321,0.152075,0.186661,0.185897,0.150140,8.650855,4.420400,2.800702,4.549636,8.848855,13.686709,16.799510,16.730745,13.512590,0.607466,0.000000,0.099759,0.983333,0.99758891,2.967998,0.500000,9,0.327679,-0.058046,,,85.952349,145.936762,0.588970,0.000000
107,10.700,0.093660,0.047558,0.031193,0.052223,0.100807,0.154213,0.187450,0.184968,0.147927,8.429369,4.280215,2.807412,4.700101,9.072672,13.879150,16.870530,16.647114,13.313438,0.665985,0.000000,0.085461,1.000000,0.85460898,2.967999,0.000000,9,0.327472,-0.056269,,,78.926969,145.775671,0.541428,0.000000
108,10.800,0.091216,0.046063,0.031347,0.053953,0.103304,0.156308,0.188164,0.183966,0.145678,8.209433,4.145675,2.821220,4.855797,9.297403,14.067762,16.934770,16.556922,13.111017,0.676411,0.000000,0.012774,1.000000,0.12774442,2.968001,0.000000,9,0.327236,-0.054550,,,77.871670,145.608331,0.534802,0.000000
109,10.900,0.088792,0.044632,0.031579,0.055740,0.105809,0.158360,0.188802,0.182892,0.143395,7.991264,4.016912,2.842113,5.016569,9.522828,14.252361,16.992167,16.460260,12.905526,0.635199,0.000000,0.063476,1.000000,0.63475850,2.968004,0.000000,9,0.326970,-0.052895,,,81.412564,145.434908,0.559787,0.000000
110,11.000,0.086390,0.043267,0.031890,0.057581,0.108319,0.160364,0.189363,0.181747,0.141080,7.775078,3.894054,2.870070,5.182260,9.748724,14.432763,17.042663,16.357223,12.697167,0.619364,0.000000,0.027737,1.000000,0.27736918,2.968007,0.000000,9,0.326674,-0.051310,,,79.138296,145.255573,0.544821,0.000000
111,11.100,0.084012,0.041969,0.032278,0.059474,0.110832,0.162320,0.189847,0.180532,0.138735,7.561087,3.777221,2.905063,5.352705,9.974867,14.608790,17.086208,16.247911,12.486147,0.632520,0.000000,0.018065,1.000000,0.18065416,2.968011,0.000000,9,0.326349,-0.049799,,,78.377039,145.070504,0.540269,0.000000
112,11.200,0.081661,0.040739,0.032745,0.061419,0.113345,0.164225,0.190253,0.179249,0.136363,7.349503,3.666530,2.947058,5.527736,10.201036,14.780269,17.122761,16.132434,12.272673,0.670369,0.000000,0.053796,1.000000,0.53795549,2.968014,0.000000,9,0.325994,-0.048366,,,83.033108,144.879882,0.573117,0.000000
113,11.300,0.079339,0.039579,0.033289,0.063413,0.115856,0.166078,0.190581,0.177899,0.133966,7.140535,3.562089,2.996014,5.707181,10.427006,14.947030,17.152284,16.010905,12.056956,0.625424,0.000000,0.069701,1.000000,0.69701356,2.968018,0.000000,9,0.325610,-0.047016,,,78.314795,144.683896,0.541282,0.000000
114,11.400,0.077049,0.038489,0.033910,0.065454,0.118362,0.167877,0.190831,0.176483,0.131547,6.934389,3.464002,3.051881,5.890862,10.652555,15.108909,17.174749,15.883443,11.839209,0.644725,0.000000,0.027142,1.000000,0.27142484,2.968021,0.000000,9,0.325196,-0.045753,,,75.662527,144.482739,0.523679,0.000000
115,11.500,0.074792,0.037471,0.034607,0.067540,0.120861,0.169619,0.191001,0.175002,0.129107,6.731268,3.372365,3.114606,6.078599,10.877459,15.265747,17.190133,15.750176,11.619648,0.647538,0.000000,0.002637,1.000000,0.02636835,2.968023,0.000000,9,0.324754,-0.044580,,,76.132086,144.276610,0.527681,0.000000
116,11.600,0.072571,0.036525,0.035379,0.069669,0.123350,0.171304,0.191094,0.173458,0.126650,6.531374,3.287269,3.184125,6.270206,11.101498,15.417387,17.198421,15.611233,11.398487,0.642293,0.000000,0.011960,1.000000,0.11959513,2.968024,0.000000,9,0.324282,-0.043500,,,78.729169,144.065713,0.546481,0.000000
117,11.700,0.070388,0.035653,0.036226,0.071839,0.125827,0.172930,0.191107,0.171853,0.124177,6.334902,3.208797,3.260371,6.465493,11.324450,15.563682,17.199605,15.466753,11.175947,0.658606,0.000000,0.021894,1.000000,0.21894493,2.968024,0.000000,9,0.323782,-0.042516,,,79.592889,143.850254,0.553304,0.000000
118,11.800,0.068245,0.034856,0.037147,0.074047,0.128290,0.174494,0.191041,0.170188,0.121692,6.142047,3.137027,3.343269,6.664269,11.546094,15.704485,17.193684,15.316878,10.952246,0.635226,0.000000,0.038347,1.000000,0.38347239,2.968023,0.000000,9,0.323253,-0.041629,,,79.790921,143.630448,0.555529,0.000000
119,11.900,0.066144,0.034134,0.038142,0.076293,0.130736,0.175996,0.190896,0.168464,0.119196,5.953000,3.072030,3.432735,6.866336,11.766213,15.839659,17.180664,15.161756,10.727605,0.568623,0.000000,0.107505,1.000000,1.07504679,2.968022,0.000000,9,0.322695,-0.040842,,,78.041053,143.406511,0.544195,0.000000
120,12.000,0.064088,0.033487,0.039208,0.078572,0.133162,0.177434,0.190673,0.166684,0.116692,5.767946,3.013871,3.528683,7.071496,11.984589,15.969071,17.160558,15.001540,10.502247,0.582931,0.000000,0.021632,0.983333,0.21631839,2.968019,0.000000,9,0.322344,-0.040156,,,73.539931,143.178664,0.513624,0.000000
121,12.100,0.062079,0.032918,0.040345,0.080884,0.135567,0.178807,0.190371,0.164849,0.114182,5.587069,2.962606,3.631017,7.279546,12.201006,16.092591,17.133384,14.836388,10.276392,0.606609,0.000000,0.036156,1.000000,0.36156252,2.968016,0.000000,9,0.321986,-0.039571,,,73.535389,142.947131,0.514424,0.000000
122,12.200,0.060117,0.032425,0.041552,0.083225,0.137947,0.180112,0.189991,0.162961,0.111670,5.410547,2.918285,3.739637,7.490281,12.415251,16.210098,17.099171,14.666463,10.050265,0.613857,0.000000,0.008953,0.983333,0.08952937,2.968012,0.000000,9,0.321614,-0.039087,,,72.086262,142.712142,0.505117,0.000000
123,12.300,0.058206,0.032011,0.042827,0.085594,0.140301,0.181350,0.189533,0.161021,0.109157,5.238555,2.880954,3.854434,7.703493,12.627113,16.321477,17.057952,14.491933,9.824088,0.594104,0.000000,0.035074,1.000000,0.35073547,2.968008,0.000000,9,0.321461,-0.038704,,,75.486284,142.473927,0.529825,0.000000
124,12.400,0.056347,0.031674,0.044170,0.087989,0.142626,0.182518,0.188997,0.159033,0.106645,5.071261,2.850648,3.975297,7.918971,12.836382,16.426618,17.009768,14.312970,9.598085,0.622718,0.000000,0.043089,1.000000,0.43089375,2.968005,0.000000,9,0.321281,-0.038421,,,80.966739,142.232723,0.569255,0.000000
125,12.500,0.054543,0.031416,0.045579,0.090406,0.144921,0.183616,0.188385,0.156997,0.104139,4.908831,2.827398,4.102105,8.136503,13.042851,16.525416,16.954666,14.129750,9.372479,0.617342,0.000000,0.012518,1.000000,0.12518316,2.968002,0.000000,9,0.321075,-0.038236,,,76.793855,141.988768,0.540845,0.000000
126,12.600,0.052794,0.031236,0.047053,0.092843,0.147181,0.184642,0.187697,0.154916,0.101639,4.751426,2.811226,4.234734,8.355874,13.246318,16.617774,16.892700,13.942455,9.147491,0.586059,0.000000,0.053502,1.000000,0.53501852,2.968000,0.000000,9,0.320842,-0.038148,,,76.958762,141.742301,0.542948,0.000000
127,12.700,0.051102,0.031135,0.048589,0.095299,0.149406,0.185596,0.186933,0.152792,0.099148,4.599200,2.802149,4.373053,8.576867,13.446581,16.703602,16.823933,13.751269,8.923346,0.581591,0.000000,0.011551,1.000000,0.11550895,2.967998,0.000000,9,0.320581,-0.038153,,,77.177147,141.493567,0.545446,0.000000
128,12.800,0.049470,0.031113,0.050188,0.097770,0.151594,0.186476,0.186094,0.150626,0.096670,4.452305,2.800175,4.516924,8.799265,13.643443,16.782814,16.748430,13.556381,8.700262,0.565720,0.000000,0.030163,1.000000,0.30162778,2.967998,0.000000,9,0.320294,-0.038248,,,74.786396,141.242810,0.529488,0.000000
129,12.900,0.047899,0.031170,0.051847,0.100254,0.153741,0.187281,0.185181,0.148422,0.094205,4.310884,2.805307,4.666207,9.022848,13.836709,16.855332,16.666268,13.357984,8.478461,0.642610,0.000000,0.117059,1.000000,1.17058957,2.967999,0.000000,9,0.319981,-0.038429,,,80.010896,140.990279,0.567492,0.000000
130,13.000,0.046390,0.031306,0.053564,0.102749,0.155847,0.188012,0.184195,0.146181,0.091757,4.175078,2.817539,4.820753,9.247395,14.026189,16.921084,16.577527,13.156272,8.258162,0.570877,0.000000,0.114221,1.000000,1.14220925,2.968000,0.000000,9,0.319640,-0.038692,,,78.413076,140.736222,0.557163,0.000000
131,13.100,0.044945,0.031521,0.055338,0.105252,0.157908,0.188667,0.183137,0.143905,0.089329,4.045020,2.836859,4.980411,9.472685,14.211695,16.980007,16.482295,12.951446,8.039582,0.609380,0.000000,0.060463,1.000000,0.60462881,2.968003,0.000000,9,0.319273,-0.039032,,,75.711347,140.480891,0.538944,0.000000
132,13.200,0.043565,0.031814,0.057167,0.107761,0.159923,0.189245,0.182007,0.141597,0.086922,3.920839,2.863248,5.145023,9.698495,14.393045,17.032040,16.380666,12.743707,7.822937,0.635921,0.000000,0.038979,1.000000,0.38978814,2.968006,0.000000,9,0.318880,-0.039443,,,76.692106,140.224536,0.546924,0.000000
133,13.300,0.042252,0.032185,0.059049,0.110273,0.161890,0.189746,0.180808,0.139258,0.084538,3.802657,2.896680,5.314426,9.924603,14.570060,17.077135,16.272739,12.533260,7.608440,0.608456,0.000000,0.045909,1.000000,0.45908617,2.968010,0.000000,9,0.318461,-0.039919,,,73.872660,139.967412,0.527785,0.000000
134,13.400,0.041007,0.032635,0.060983,0.112787,0.163806,0.190169,0.179540,0.136892,0.082181,3.690592,2.937123,5.488453,10.150785,14.742564,17.115244,16.158623,12.320313,7.396303,0.596544,0.000000,0.022332,1.000000,0.22331970,2.968014,0.000000,9,0.318015,-0.040452,,,73.379174,139.709771,0.525226,0.000000
135,13.500,0.039831,0.033162,0.062966,0.115298,0.165671,0.190515,0.178205,0.134501,0.079853,3.584753,2.984536,5.666932,10.376819,14.910388,17.146332,16.038428,12.105076,7.186736,0.643561,0.000000,0.070478,1.000000,0.70477666,2.968017,0.000000,9,0.317544,-0.041037,,,81.080991,139.451869,0.581426,0.000000
136,13.600,0.038725,0.033765,0.064997,0.117805,0.167482,0.190782,0.176803,0.132086,0.077555,3.485245,3.038872,5.849687,10.602480,15.073366,17.170368,15.912274,11.887762,6.979945,0.564850,0.000000,0.124706,1.000000,1.24706210,2.968020,0.000000,9,0.317048,-0.041664,,,76.783078,139.193959,0.551627,0.000000
137,13.700,0.037691,0.034445,0.067073,0.120306,0.169237,0.190970,0.175337,0.129651,0.075290,3.392167,3.100077,6.036539,10.827547,15.231338,17.187327,15.780286,11.668585,6.776135,0.599598,0.000000,0.055405,1.000000,0.55404531,2.968022,0.000000,9,0.316526,-0.042326,,,77.665216,138.936297,0.558999,0.000000
138,13.800,0.036729,0.035201,0.069192,0.122798,0.170935,0.191080,0.173807,0.127197,0.073061,3.305609,3.168093,6.227301,11.051798,15.384146,17.197193,15.642593,11.447761,6.575506,0.607973,0.000000,0.011154,1.000000,0.11153938,2.968024,0.000000,9,0.315980,-0.043014,,,69.795729,138.679136,0.503289,0.000000
139,13.900,0.035841,0.036032,0.071353,0.125278,0.172574,0.191111,0.172215,0.124728,0.070870,3.225658,3.242850,6.421787,11.275010,15.531641,17.199956,15.499331,11.225508,6.378256,0.654115,0.100000,0.086168,1.000000,0.86168132,2.968024,0.000000,10,0.358996,0.112763,,,82.715038,138.422730,0.597554,0.000000
140,14.000,0.035027,0.036936,0.073553,0.127744,0.174152,0.191062,0.170563,0.122245,0.068718,3.152393,3.324276,6.619805,11.496964,15.673677,17.195614,15.350643,11.002046,6.184581,0.570181,0.100000,0.147388,1.000000,1.47388087,2.968024,0.000000,9,0.314816,-0.044431,,,78.552625,138.167333,0.568533,0.000000
141,14.100,0.034288,0.037914,0.075791,0.130194,0.175668,0.190935,0.168852,0.119751,0.066607,3.085885,3.412290,6.821158,11.717441,15.810114,17.184171,15.196674,10.777595,5.994672,0.651696,0.100000,0.140622,1.000000,1.40621976,2.968022,0.000000,10,0.356843,0.113292,,,86.928350,137.913196,0.630312,0.000000
142,14.200,0.033624,0.038965,0.078063,0.132625,0.177120,0.190729,0.167084,0.117249,0.064541,3.026201,3.506806,7.025648,11.936223,15.940817,17.165637,15.037576,10.552377,5.808715,0.596361,0.100000,0.105603,1.000000,1.05603233,2.968019,0.000000,9,0.313560,-0.045837,,,82.723442,137.660570,0.600923,0.000000
143,14.300,0.033038,0.040086,0.080367,0.135034,0.178507,0.190445,0.165261,0.114740,0.062521,2.973399,3.607729,7.233074,12.153094,16.065657,17.140032,14.873507,10.326614,5.626894,0.670401,0.100000,0.127086,1.000000,1.27085985,2.968016,0.000000,10,0.354625,0.113761,,,85.769231,137.409705,0.624186,0.000000
144,14.400,0.032528,0.041277,0.082703,0.137420,0.179828,0.190082,0.163385,0.112228,0.060549,2.927532,3.714961,7.443230,12.367840,16.184511,17.107381,14.704628,10.100528,5.449389,0.599096,0.000000,0.108063,1.000000,1.08062771,2.968013,0.000000,10,0.353494,0.113991,,,76.269859,137.160847,0.556061,0.000000
145,14.500,0.032096,0.042538,0.085066,0.139781,0.181081,0.189641,0.161457,0.109715,0.058626,2.888644,3.828395,7.655909,12.580249,16.297262,17.067716,14.531107,9.874343,5.276375,0.635537,0.000000,0.055597,1.000000,0.55597052,2.968009,0.000000,10,0.352351,0.114229,,,83.938616,136.914244,0.613074,0.000000
146,14.600,0.031742,0.043866,0.087454,0.142112,0.182264,0.189123,0.159479,0.107203,0.056756,2.856774,3.947920,7.870902,12.790112,16.403798,17.021075,14.353114,9.648282,5.108023,0.591069,0.000000,0.071625,1.000000,0.71625392,2.968006,0.000000,10,0.351196,0.114481,,,74.069729,136.670137,0.541960,0.000000
147,14.700,0.031466,0.045260,0.089867,0.144414,0.183378,0.188528,0.157454,0.104695,0.054939,2.831954,4.073418,8.087996,12.997222,16.504014,16.967506,14.170824,9.422568,4.944498,0.679763,0.000000,0.128984,1.000000,1.28983679,2.968002,0.000000,10,0.350030,0.114756,,,80.239967,136.428768,0.588146,0.000000
148,14.800,0.031269,0.046720,0.092300,0.146682,0.184420,0.187856,0.155382,0.102194,0.053177,2.814208,4.204765,8.306977,13.201373,16.597812,16.907061,13.984419,9.197424,4.785963,0.687260,0.000000,0.009274,1.000000,0.09274112,2.968000,0.000000,10,0.348856,0.115063,,,76.129265,136.190375,0.558992,0.000000
149,14.900,0.031151,0.048243,0.094751,0.148915,0.185390,0.187109,0.153268,0.099701,0.051473,2.803553,4.341830,8.527628,13.402366,16.685098,16.839799,13.794082,8.973072,4.632573,0.634736,0.000000,0.077885,1.000000,0.77884750,2.967998,0.000000,10,0.347675,0.115407,,,74.299136,135.955194,0.546497,0.000000
150,15.000,0.031111,0.049828,0.097219,0.151111,0.186287,0.186287,0.151111,0.097219,0.049828,2.800000,4.484480,8.749733,13.600000,16.765787,16.765787,13.600000,8.749733,4.484480,0.696699,0.000000,0.087559,1.000000,0.87559489,2.967998,0.000000,10,0.346487,0.115799,,,73.927797,135.723456,0.544694,0.000000
151,15.100,0.031151,0.051473,0.099701,0.153268,0.187109,0.185390,0.148915,0.094751,0.048243,2.803553,4.632573,8.973072,13.794082,16.839799,16.685098,13.402366,8.527628,4.341830,0.656694,0.000000,0.058775,1.000000,0.58775218,2.967998,0.000000,10,0.345295,0.116245,,,73.078069,135.495391,0.539340,0.000000
152,15.200,0.031269,0.053177,0.102194,0.155382,0.187856,0.184420,0.146682,0.092300,0.046720,2.814208,4.785963,9.197424,13.984419,16.907061,16.597812,13.201373,8.306977,4.204765,0.659863,0.000000,0.003445,0.987879,0.03444911,2.968000,0.000000,10,0.344133,0.116753,,,79.456568,135.271222,0.587387,0.000000
153,15.300,0.031466,0.054939,0.104695,0.157454,0.188528,0.183378,0.144414,0.089867,0.045260,2.831954,4.944498,9.422568,14.170824,16.967506,16.504014,12.997222,8.087996,4.073418,0.711108,0.000000,0.070868,1.000000,0.70867780,2.968002,0.000000,10,0.342999,0.117330,,,77.566851,135.051172,0.574352,0.000000
154,15.400,0.031742,0.056756,0.107203,0.159479,0.189123,0.182264,0.142112,0.087454,0.043866,2.856774,5.108023,9.648282,14.353114,17.021075,16.403798,12.790112,7.870902,3.947920,0.621967,0.000000,0.126414,1.000000,1.26413809,2.968006,0.000000,10,0.341861,0.117984,,,74.873420,134.835458,0.555295,0.000000
155,15.500,0.032096,0.058626,0.109715,0.161457,0.189641,0.181081,0.139781,0.085066,0.042538,2.888644,5.276375,9.874343,14.531107,17.067716,16.297262,12.580249,7.655909,3.828395,0.626449,0.000000,0.006031,1.000000,0.06031353,2.968009,0.000000,10,0.340720,0.118721,,,71.739390,134.624292,0.532886,0.000000
156,15.600,0.032528,0.060549,0.112228,0.163385,0.190082,0.179828,0.137420,0.082703,0.041277,2.927532,5.449389,10.100528,14.704628,17.107381,16.184511,12.367840,7.443230,3.714961,0.723266,0.090909,0.148149,1.000000,1.48149418,2.968013,0.000000,11,0.376673,0.251713,,,74.189247,134.417883,0.551930,0.000000
157,15.700,0.033038,0.062521,0.114740,0.165261,0.190445,0.178507,0.135034,0.080367,0.040086,2.973399,5.626894,10.326614,14.873507,17.140032,16.065657,12.153094,7.233074,3.607729,0.725124,0.000000,0.002481,1.000000,0.02481285,2.968016,0.000000,11,0.375125,0.252928,,,76.240443,134.216435,0.568041,0.000000
158,15.800,0.033624,0.064541,0.117249,0.167084,0.190729,0.177120,0.132625,0.078063,0.038965,3.026201,5.808715,10.552377,15.037576,17.165637,15.940817,11.936223,7.025648,3.506806,0.734031,0.000000,0.011661,1.000000,0.11661396,2.968019,0.000000,11,0.373581,0.254229,,,72.949429,134.020146,0.544317,0.000000
159,15.900,0.034288,0.066607,0.119751,0.168852,0.190935,0.175668,0.130194,0.075791,0.037914,3.085885,5.994672,10.777595,15.196674,17.184171,15.810114,11.717441,6.821158,3.412290,0.732197,0.000000,0.004744,1.000000,0.04744392,2.968022,0.000000,11,0.372042,0.255619,,,79.412586,133.829210,0.593388,0.000000
160,16.000,0.035027,0.068718,0.122245,0.170563,0.191062,0.174152,0.127744,0.073553,0.036936,3.152393,6.184581,11.002046,15.350643,17.195614,15.673677,11.496964,6.619805,3.324276,0.661998,0.000000,0.096158,1.000000,0.96158463,2.968024,0.000000,11,0.370511,0.257100,,,73.498647,133.643816,0.549959,0.000000
161,16.100,0.035841,0.070870,0.124728,0.172215,0.191111,0.172574,0.125278,0.071353,0.036032,3.225658,6.378256,11.225508,15.499331,17.199956,15.531641,11.275010,6.421787,3.242850,0.693359,0.000000,0.045011,1.000000,0.45011341,2.968024,0.000000,11,0.368989,0.258674,,,75.181916,133.464146,0.563312,0.000000
162,16.200,0.036729,0.073061,0.127197,0.173807,0.191080,0.170935,0.122798,0.069192,0.035201,3.305609,6.575506,11.447761,15.642593,17.197193,15.384146,11.051798,6.227301,3.168093,0.686178,0.000000,0.010862,1.000000,0.10862080,2.968024,0.000000,11,0.367478,0.260344,,,73.626029,133.290378,0.552373,0.000000
163,16.300,0.037691,0.075290,0.129651,0.175337,0.190970,0.169237,0.120306,0.067073,0.034445,3.392167,6.776135,11.668585,15.780286,17.187327,15.231338,10.827547,6.036539,3.100077,0.751207,0.083333,0.102128,1.000000,1.02128215,2.968022,0.000000,12,0.395981,0.383693,,,81.220703,133.122684,0.610119,0.000000
164,16.400,0.038725,0.077555,0.132086,0.176803,0.190782,0.167482,0.117805,0.064997,0.033765,3.485245,6.979945,11.887762,15.912274,17.170368,15.073366,10.602480,5.849687,3.038872,0.724483,0.000000,0.035246,1.000000,0.35245856,2.968020,0.000000,12,0.394225,0.385420,,,73.793091,132.961228,0.554997,0.000000
165,16.500,0.039831,0.079853,0.134501,0.178205,0.190515,0.165671,0.115298,0.062966,0.033162,3.584753,7.186736,12.105076,16.038428,17.146332,14.910388,10.376819,5.666932,2.984536,0.700172,0.000000,0.033152,1.000000,0.33151528,2.968017,0.000000,12,0.392490,0.387230,,,71.436409,132.806170,0.537900,0.000000
166,16.600,0.041007,0.082181,0.136892,0.179540,0.190169,0.163806,0.112787,0.060983,0.032635,3.690592,7.396303,12.320313,16.158623,17.115244,14.742564,10.150785,5.488453,2.937123,0.713166,0.000000,0.018709,1.000000,0.18709395,2.968014,0.000000,12,0.390780,0.389123,,,76.007900,132.657664,0.572963,0.000000
167,16.700,0.042252,0.084538,0.139258,0.180808,0.189746,0.161890,0.110273,0.059049,0.032185,3.802657,7.608440,12.533260,16.272739,17.077135,14.570060,9.924603,5.314426,2.896680,0.771453,0.000000,0.076088,1.000000,0.76087590,2.968010,0.000000,12,0.389096,0.391098,,,76.794090,132.515855,0.579509,0.000000
168,16.800,0.043565,0.086922,0.141597,0.182007,0.189245,0.159923,0.107761,0.057167,0.031814,3.920839,7.822937,12.743707,16.380666,17.032040,14.393045,9.698495,5.145023,2.863248,0.712828,0.000000,0.075389,1.000000,0.75388520,2.968006,0.000000,12,0.387439,0.393152,,,72.422503,132.380884,0.547077,0.000000
169,16.900,0.044945,0.089329,0.143905,0.183137,0.188667,0.157908,0.105252,0.055338,0.031521,4.045020,8.039582,12.951446,16.482295,16.980007,14.211695,9.472685,4.980411,2.836859,0.722436,0.000000,0.014019,1.000000,0.14019132,2.968003,0.000000,12,0.385813,0.395282,,,71.820961,132.252884,0.543058,0.000000
170,17.000,0.046390,0.091757,0.146181,0.184195,0.188012,0.155847,0.102749,0.053564,0.031306,4.175078,8.258162,13.156272,16.577527,16.921084,14.026189,9.247395,4.820753,2.817539,0.787924,0.000000,0.083854,1.000000,0.83854190,2.968000,0.000000,12,0.384219,0.397484,,,81.007531,132.131981,0.613080,0.000000
171,17.100,0.047899,0.094205,0.148422,0.185181,0.187281,0.153741,0.100254,0.051847,0.031170,4.310884,8.478461,13.357984,16.666268,16.855332,13.836709,9.022848,4.666207,2.805307,0.782203,0.000000,0.007375,1.000000,0.07374706,2.967999,0.000000,12,0.382658,0.399756,,,78.104444,132.018295,0.591618,0.000000
172,17.200,0.049470,0.096670,0.150626,0.186094,0.186476,0.151594,0.097770,0.050188,0.031113,4.452305,8.700262,13.556381,16.748430,16.782814,13.643443,8.799265,4.516924,2.800175,0.772157,0.000000,0.012053,1.000000,0.12052948,2.967998,0.000000,12,0.381133,0.402091,,,74.881449,131.911937,0.567662,0.000000
173,17.300,0.051102,0.099148,0.152792,0.186933,0.185596,0.149406,0.095299,0.048589,0.031135,4.599200,8.923346,13.751269,16.823933,16.703602,13.446581,8.576867,4.373053,2.802149,0.803120,0.000000,0.039540,1.000000,0.39540036,2.967998,0.000000,12,0.379645,0.404485,,,76.957718,131.813013,0.583840,0.000000
174,17.400,0.052794,0.101639,0.154916,0.187697,0.184642,0.147181,0.092843,0.047053,0.031236,4.751426,9.147491,13.942455,16.892700,16.617774,13.246318,8.355874,4.234734,2.811226,0.753781,0.000000,0.060404,1.000000,0.60404344,2.968000,0.000000,12,0.378195,0.406932,,,72.761586,131.721620,0.552389,0.000000
175,17.500,0.054543,0.104139,0.156997,0.188385,0.183616,0.144921,0.090406,0.045579,0.031416,4.908831,9.372479,14.129750,16.954666,16.525416,13.042851,8.136503,4.102105,2.827398,0.761396,0.000000,0.011157,1.000000,0.11157382,2.968002,0.000000,12,0.376787,0.409424,,,75.501136,131.637849,0.573552,0.000000
176,17.600,0.056347,0.106645,0.159033,0.188997,0.182518,0.142626,0.087989,0.044170,0.031674,5.071261,9.598085,14.312970,17.009768,16.426618,12.836382,7.918971,3.975297,2.850648,0.847127,0.000000,0.102313,1.000000,1.02312694,2.968005,0.000000,12,0.375421,0.411955,,,81.171473,131.561782,0.616984,0.000000
177,17.700,0.058206,0.109157,0.161021,0.189533,0.181350,0.140301,0.085594,0.042827,0.032011,5.238555,9.824088,14.491933,17.057952,16.321477,12.627113,7.703493,3.854434,2.880954,0.859174,0.000000,0.015305,1.000000,0.15305197,2.968008,0.000000,12,0.374098,0.414515,,,83.260006,131.493494,0.633187,0.000000
178,17.800,0.060117,0.111670,0.162961,0.189991,0.180112,0.137947,0.083225,0.041552,0.032425,5.410547,10.050265,14.666463,17.099171,16.210098,12.415251,7.490281,3.739637,2.918285,0.844903,0.000000,0.015264,1.000000,0.15263539,2.968012,0.000000,12,0.372820,0.417098,,,75.180218,131.433053,0.572004,0.000000
179,17.900,0.062079,0.114182,0.164849,0.190371,0.178807,0.135567,0.080884,0.040345,0.032918,5.587069,10.276392,14.836388,17.133384,16.092591,12.201006,7.279546,3.631017,2.962606,0.850103,0.000000,0.007539,1.000000,0.07539450,2.968016,0.000000,12,0.371588,0.419694,,,76.714238,131.380518,0.583909,0.000000
180,18.000,0.064088,0.116692,0.166684,0.190673,0.177434,0.133162,0.078572,0.039208,0.033487,5.767946,10.502247,15.001540,17.160558,15.969071,11.984589,7.071496,3.528683,3.013871,0.841361,0.000000,0.009143,0.993007,0.09142628,2.968019,0.000000,12,0.370405,0.422292,,,77.996918,131.335941,0.593873,0.000000
181,18.100,0.066144,0.119196,0.168464,0.190896,0.175996,0.130736,0.076293,0.038142,0.034134,5.953000,10.727605,15.161756,17.180664,15.839659,11.766213,6.866336,3.432735,3.072030,0.892313,0.000000,0.058567,1.000000,0.58566807,2.968022,0.000000,12,0.369326,0.424884,,,81.740312,131.299367,0.622549,0.000000
182,18.200,0.068245,0.121692,0.170188,0.191041,0.174494,0.128290,0.074047,0.037147,0.034856,6.142047,10.952246,15.316878,17.193684,15.704485,11.546094,6.664269,3.343269,3.137027,0.811905,0.000000,0.088643,1.000000,0.88643113,2.968023,0.000000,12,0.368300,0.427459,,,80.090894,131.270830,0.610120,0.000000
183,18.300,0.070388,0.124177,0.171853,0.191107,0.172930,0.125827,0.071839,0.036226,0.035653,6.334902,11.175947,15.466753,17.199605,15.563682,11.324450,6.465493,3.260371,3.208797,0.816394,0.000000,0.007159,1.000000,0.07158744,2.968024,0.000000,12,0.367328,0.430005,,,76.423756,131.250360,0.582275,0.000000
184,18.400,0.072571,0.126650,0.173458,0.191094,0.171304,0.123350,0.069669,0.035379,0.036525,6.531374,11.398487,15.611233,17.198421,15.417387,11.101498,6.270206,3.184125,3.287269,0.866666,0.000000,0.059630,1.000000,0.59630463,2.968024,0.000000,12,0.366411,0.432513,,,84.657740,131.237977,0.645070,0.000000
185,18.500,0.074792,0.129107,0.175002,0.191001,0.169619,0.120861,0.067540,0.034607,0.037471,6.731268,11.619648,15.750176,17.190133,15.265747,10.877459,6.078599,3.114606,3.372365,0.830601,0.000000,0.039908,1.000000,0.39907836,2.968023,0.000000,12,0.365550,0.434970,,,74.599934,131.233692,0.568451,0.000000
186,18.600,0.077049,0.131547,0.176483,0.190831,0.167877,0.118362,0.065454,0.033910,0.038489,6.934389,11.839209,15.883443,17.174749,15.108909,10.652555,5.890862,3.051881,3.464002,0.834256,0.000000,0.006200,1.000000,0.06199817,2.968021,0.000000,12,0.364745,0.437365,,,76.303522,131.237510,0.581415,0.000000
187,18.700,0.079339,0.133966,0.177899,0.190581,0.166078,0.115856,0.063413,0.033289,0.039579,7.140535,12.056956,16.010905,17.152284,14.947030,10.427006,5.707181,2.996014,3.562089,0.866645,0.000000,0.039179,1.000000,0.39178754,2.968018,0.000000,12,0.363997,0.439687,,,77.309237,131.249428,0.589025,0.000000
188,18.800,0.081661,0.136363,0.179249,0.190253,0.164225,0.113345,0.061419,0.032745,0.040739,7.349503,12.272673,16.132434,17.122761,14.780269,10.201036,5.527736,2.947058,3.666530,0.886966,0.000000,0.024788,1.000000,0.24788317,2.968014,0.000000,12,0.363307,0.441924,,,82.116957,131.269433,0.625560,0.000000
189,18.900,0.084012,0.138735,0.180532,0.189847,0.162320,0.110832,0.059474,0.032278,0.041969,7.561087,12.486147,16.247911,17.086208,14.608790,9.974867,5.352705,2.905063,3.777221,0.875360,0.000000,0.011154,1.000000,0.11154313,2.968011,0.000000,12,0.362674,0.444064,,,79.578929,131.297506,0.606096,0.000000
190,19.000,0.086390,0.141080,0.181747,0.189363,0.160364,0.108319,0.057581,0.031890,0.043267,7.775078,12.697167,16.357223,17.042663,14.432763,9.748724,5.182260,2.870070,3.894054,0.877242,0.000000,0.004545,1.000000,0.04545341,2.968007,0.000000,12,0.362100,0.446097,,,79.851386,131.333618,0.608004,0.000000
191,19.100,0.088792,0.143395,0.182892,0.188802,0.158360,0.105809,0.055740,0.031579,0.044632,7.991264,12.905526,16.460260,16.992167,14.252361,9.522828,5.016569,2.842113,4.016912,0.906350,0.000000,0.034099,1.000000,0.34098874,2.968004,0.000000,12,0.361585,0.448012,,,84.002346,131.377736,0.639396,0.000000
192,19.200,0.091216,0.145678,0.183966,0.188164,0.156308,0.103304,0.053953,0.031347,0.046063,8.209433,13.111017,16.556922,16.934770,14.067762,9.297403,4.855797,2.821220,4.145675,0.932234,0.000000,0.029794,1.000000,0.29793693,2.968001,0.000000,12,0.361128,0.449797,,,82.667389,131.429814,0.628985,0.000000
193,19.300,0.093660,0.147927,0.184968,0.187450,0.154213,0.100807,0.052223,0.031193,0.047558,8.429369,13.313438,16.647114,16.870530,13.879150,9.072672,4.700101,2.807412,4.280215,0.942940,0.076923,0.025873,1.000000,0.25872827,2.967999,0.000000,13,0.393121,0.526346,,,83.184358,131.489801,0.632630,0.000000
194,19.400,0.096121,0.150140,0.185897,0.186661,0.152075,0.098321,0.050552,0.031119,0.049116,8.650855,13.512590,16.730745,16.799510,13.686709,8.848855,4.549636,2.800702,4.420400,0.878652,0.076923,0.077925,1.000000,0.77925003,2.967998,0.000000,12,0.360393,0.452939,,,84.828015,131.557639,0.644797,0.000000
195,19.500,0.098596,0.152314,0.186753,0.185798,0.149896,0.095846,0.048939,0.031123,0.050734,8.873672,13.708274,16.807734,16.721779,13.490629,8.626175,4.404549,2.801097,4.566091,0.921841,0.076923,0.061312,0.994505,0.61312370,2.967998,0.000000,13,0.392015,0.530104,,,82.222190,131.633260,0.624631,0.000000
196,19.600,0.101084,0.154448,0.187533,0.184860,0.147679,0.093387,0.047389,0.031207,0.052413,9.097601,13.900299,16.878004,16.637415,13.291105,8.404851,4.264985,2.808596,4.717145,0.968599,0.000000,0.050579,1.000000,0.50579396,2.967999,0.000000,13,0.391576,0.531828,,,81.354904,131.716590,0.617651,0.000000
197,19.700,0.103582,0.156539,0.188239,0.183850,0.145426,0.090946,0.045901,0.031369,0.054149,9.322420,14.088475,16.941487,16.546500,13.088333,8.185101,4.131080,2.823192,4.873412,0.914510,0.000000,0.053527,1.000000,0.53526937,2.968001,0.000000,13,0.391194,0.533437,,,81.212638,131.807547,0.616146,0.000000
198,19.800,0.106088,0.158585,0.188868,0.182768,0.143139,0.088524,0.044477,0.031610,0.055942,9.547908,14.272616,16.998119,16.449125,12.882513,7.967142,4.002967,2.844871,5.034739,0.915847,0.000000,0.004917,1.000000,0.04917112,2.968004,0.000000,13,0.390870,0.534923,,,76.207161,131.906040,0.577738,0.000000
199,19.900,0.108598,0.160584,0.189421,0.181615,0.140821,0.086124,0.043120,0.031929,0.057789,9.773843,14.452540,17.047845,16.345385,12.673848,7.751189,3.880773,2.873611,5.200966,0.926442,0.000000,0.013892,1.000000,0.13891716,2.968007,0.000000,13,0.390603,0.536277,,,78.425114,132.011972,0.594076,0.000000
