service_count,repetition,mode,scenario,vertex_count,active_edges,graph_edges,replicas,scrape_interval_seconds,query_count,prometheus_query_latency_ms,graph_build_wall_ms,graph_build_cpu_ms,peak_python_memory_mib,dense_pairwise_enabled,dense_skipped_reason
50,0,sparse-aggregate,synthetic_control_plane,50,200,200,1,15.0,2,0.0,2.133929,2.126137,0.118752,True,
50,0,dense-pairwise,synthetic_control_plane,50,200,200,1,15.0,4900,0.0,0.265791,0.258144,0.000961,True,
50,1,sparse-aggregate,synthetic_control_plane,50,200,200,1,15.0,2,0.0,1.266555,1.263309,0.116074,True,
50,1,dense-pairwise,synthetic_control_plane,50,200,200,1,15.0,4900,0.0,0.254759,0.251902,0.000114,True,
50,2,sparse-aggregate,synthetic_control_plane,50,200,200,1,15.0,2,0.0,1.16773,1.164604,0.101135,True,
50,2,dense-pairwise,synthetic_control_plane,50,200,200,1,15.0,4900,0.0,0.229132,0.226865,0.000114,True,
50,3,sparse-aggregate,synthetic_control_plane,50,200,200,1,15.0,2,0.0,1.307462,1.304416,0.115982,True,
50,3,dense-pairwise,synthetic_control_plane,50,200,200,1,15.0,4900,0.0,0.298332,0.295234,0.000114,True,
50,4,sparse-aggregate,synthetic_control_plane,50,200,200,1,15.0,2,0.0,1.853491,1.85067,0.101242,True,
50,4,dense-pairwise,synthetic_control_plane,50,200,200,1,15.0,4900,0.0,0.258588,0.255719,0.000114,True,
50,5,sparse-aggregate,synthetic_control_plane,50,200,200,1,15.0,2,0.0,1.18905,1.185864,0.116514,True,
50,5,dense-pairwise,synthetic_control_plane,50,200,200,1,15.0,4900,0.0,0.227538,0.225292,0.000114,True,
50,6,sparse-aggregate,synthetic_control_plane,50,200,200,1,15.0,2,0.0,1.432659,1.428239,0.101196,True,
50,6,dense-pairwise,synthetic_control_plane,50,200,200,1,15.0,4900,0.0,0.381739,0.375935,0.000114,True,
100,0,sparse-aggregate,synthetic_control_plane,100,400,400,1,15.0,2,0.0,2.703063,2.698199,0.240623,True,
100,0,dense-pairwise,synthetic_control_plane,100,400,400,1,15.0,19800,0.0,0.926375,0.917731,0.000168,True,
100,1,sparse-aggregate,synthetic_control_plane,100,400,400,1,15.0,2,0.0,2.56964,2.566052,0.240807,True,
100,1,dense-pairwise,synthetic_control_plane,100,400,400,1,15.0,19800,0.0,0.918299,0.915296,0.000168,True,
100,2,sparse-aggregate,synthetic_control_plane,100,400,400,1,15.0,2,0.0,2.437953,2.435016,0.240807,True,
100,2,dense-pairwise,synthetic_control_plane,100,400,400,1,15.0,19800,0.0,0.987751,0.984066,0.000168,True,
100,3,sparse-aggregate,synthetic_control_plane,100,400,400,1,15.0,2,0.0,2.478318,2.4745,0.240807,True,
100,3,dense-pairwise,synthetic_control_plane,100,400,400,1,15.0,19800,0.0,0.886078,0.882905,0.000168,True,
100,4,sparse-aggregate,synthetic_control_plane,100,400,400,1,15.0,2,0.0,3.044045,3.041222,0.238815,True,
100,4,dense-pairwise,synthetic_control_plane,100,400,400,1,15.0,19800,0.0,1.458827,1.455268,0.000145,True,
100,5,sparse-aggregate,synthetic_control_plane,100,400,400,1,15.0,2,0.0,3.486678,3.483162,0.228172,True,
100,5,dense-pairwise,synthetic_control_plane,100,400,400,1,15.0,19800,0.0,1.455972,1.451672,0.000168,True,
100,6,sparse-aggregate,synthetic_control_plane,100,400,400,1,15.0,2,0.0,3.728282,3.724092,0.241075,True,
100,6,dense-pairwise,synthetic_control_plane,100,400,400,1,15.0,19800,0.0,0.861031,0.858039,0.000168,True,
250,0,sparse-aggregate,synthetic_control_plane,250,1000,1000,1,15.0,2,0.0,6.52465,6.520888,0.583237,True,
250,0,dense-pairwise,synthetic_control_plane,250,1000,1000,1,15.0,124500,0.0,6.04703,6.04248,0.000168,True,
250,1,sparse-aggregate,synthetic_control_plane,250,1000,1000,1,15.0,2,0.0,6.246456,6.242465,0.576714,True,
250,1,dense-pairwise,synthetic_control_plane,250,1000,1000,1,15.0,124500,0.0,6.293745,6.289633,0.000168,True,
250,2,sparse-aggregate,synthetic_control_plane,250,1000,1000,1,15.0,2,0.0,6.52417,6.520907,0.587448,True,
250,2,dense-pairwise,synthetic_control_plane,250,1000,1000,1,15.0,124500,0.0,5.999149,5.995241,0.000168,True,
250,3,sparse-aggregate,synthetic_control_plane,250,1000,1000,1,15.0,2,0.0,17.903122,17.899443,0.583092,True,
250,3,dense-pairwise,synthetic_control_plane,250,1000,1000,1,15.0,124500,0.0,5.979503,5.975685,0.000168,True,
250,4,sparse-aggregate,synthetic_control_plane,250,1000,1000,1,15.0,2,0.0,5.54786,5.544385,0.587448,True,
250,4,dense-pairwise,synthetic_control_plane,250,1000,1000,1,15.0,124500,0.0,5.905543,5.901957,0.000168,True,
250,5,sparse-aggregate,synthetic_control_plane,250,1000,1000,1,15.0,2,0.0,5.99914,5.995562,0.58342,True,
250,5,dense-pairwise,synthetic_control_plane,250,1000,1000,1,15.0,124500,0.0,6.155455,6.151755,0.000168,True,
250,6,sparse-aggregate,synthetic_control_plane,250,1000,1000,1,15.0,2,0.0,5.543652,5.540198,0.576714,True,
250,6,dense-pairwise,synthetic_control_plane,250,1000,1000,1,15.0,124500,0.0,6.051959,6.047631,0.000168,True,
500,0,sparse-aggregate,synthetic_control_plane,500,2000,2000,1,15.0,2,0.0,11.756705,11.752196,1.180305,True,
500,0,dense-pairwise,synthetic_control_plane,500,2000,2000,1,15.0,499000,0.0,22.81815,22.813257,0.000168,True,
500,1,sparse-aggregate,synthetic_control_plane,500,2000,2000,1,15.0,2,0.0,11.63225,11.627683,1.175644,True,
500,1,dense-pairwise,synthetic_control_plane,500,2000,2000,1,15.0,499000,0.0,20.635428,20.631606,0.000168,True,
500,2,sparse-aggregate,synthetic_control_plane,500,2000,2000,1,15.0,2,0.0,11.402809,11.399295,1.175644,True,
500,2,dense-pairwise,synthetic_control_plane,500,2000,2000,1,15.0,499000,0.0,27.612682,27.591136,0.000168,True,
500,3,sparse-aggregate,synthetic_control_plane,500,2000,2000,1,15.0,2,0.0,13.379582,13.374378,1.175644,True,
500,3,dense-pairwise,synthetic_control_plane,500,2000,2000,1,15.0,499000,0.0,22.823009,22.797958,0.000168,True,
500,4,sparse-aggregate,synthetic_control_plane,500,2000,2000,1,15.0,2,0.0,12.430044,12.425469,1.180466,True,
500,4,dense-pairwise,synthetic_control_plane,500,2000,2000,1,15.0,499000,0.0,23.56147,23.556311,0.000168,True,
500,5,sparse-aggregate,synthetic_control_plane,500,2000,2000,1,15.0,2,0.0,15.824126,15.818782,1.194931,True,
500,5,dense-pairwise,synthetic_control_plane,500,2000,2000,1,15.0,499000,0.0,20.504681,20.498817,0.000168,True,
500,6,sparse-aggregate,synthetic_control_plane,500,2000,2000,1,15.0,2,0.0,14.085691,14.081634,1.194931,True,
500,6,dense-pairwise,synthetic_control_plane,500,2000,2000,1,15.0,499000,0.0,24.66592,24.661504,0.000168,True,
1000,0,sparse-aggregate,synthetic_control_plane,1000,4000,4000,1,15.0,2,0.0,47.639103,47.630632,2.351242,True,
1000,0,dense-pairwise,synthetic_control_plane,1000,4000,4000,1,15.0,1998000,0.0,93.277988,93.256806,0.000168,True,
1000,1,sparse-aggregate,synthetic_control_plane,1000,4000,4000,1,15.0,2,0.0,25.097784,25.093151,2.364731,True,
1000,1,dense-pairwise,synthetic_control_plane,1000,4000,4000,1,15.0,1998000,0.0,91.053576,91.045188,0.000168,True,
1000,2,sparse-aggregate,synthetic_control_plane,1000,4000,4000,1,15.0,2,0.0,24.756701,24.751482,2.346451,True,
1000,2,dense-pairwise,synthetic_control_plane,1000,4000,4000,1,15.0,1998000,0.0,90.046059,90.036237,0.000168,True,
1000,3,sparse-aggregate,synthetic_control_plane,1000,4000,4000,1,15.0,2,0.0,24.748575,24.743998,2.364677,True,
1000,3,dense-pairwise,synthetic_control_plane,1000,4000,4000,1,15.0,1998000,0.0,116.696317,116.68704,0.000168,True,
1000,4,sparse-aggregate,synthetic_control_plane,1000,4000,4000,1,15.0,2,0.0,24.655701,24.651344,2.364677,True,
1000,4,dense-pairwise,synthetic_control_plane,1000,4000,4000,1,15.0,1998000,0.0,90.66756,90.647484,0.000168,True,
1000,5,sparse-aggregate,synthetic_control_plane,1000,4000,4000,1,15.0,2,0.0,23.743012,23.738582,2.364677,True,
1000,5,dense-pairwise,synthetic_control_plane,1000,4000,4000,1,15.0,1998000,0.0,91.99004,91.982777,0.000168,True,
1000,6,sparse-aggregate,synthetic_control_plane,1000,4000,4000,1,15.0,2,0.0,22.979844,22.976022,2.346451,True,
1000,6,dense-pairwise,synthetic_control_plane,1000,4000,4000,1,15.0,1998000,0.0,91.963751,91.955927,0.000168,True,
5000,0,sparse-aggregate,synthetic_control_plane,5000,20000,20000,1,15.0,2,0.0,165.481548,165.464052,12.086334,True,
5000,1,sparse-aggregate,synthetic_control_plane,5000,20000,20000,1,15.0,2,0.0,166.186696,166.164686,12.08625,True,
5000,2,sparse-aggregate,synthetic_control_plane,5000,20000,20000,1,15.0,2,0.0,169.362667,169.352594,12.086197,True,
5000,3,sparse-aggregate,synthetic_control_plane,5000,20000,20000,1,15.0,2,0.0,146.530381,146.521282,12.086205,True,
5000,4,sparse-aggregate,synthetic_control_plane,5000,20000,20000,1,15.0,2,0.0,166.904848,166.894595,12.08625,True,
5000,5,sparse-aggregate,synthetic_control_plane,5000,20000,20000,1,15.0,2,0.0,191.197796,191.171316,12.086433,True,
5000,6,sparse-aggregate,synthetic_control_plane,5000,20000,20000,1,15.0,2,0.0,174.717826,174.689361,12.086357,True,
10000,0,sparse-aggregate,synthetic_control_plane,10000,40000,40000,1,15.0,2,0.0,369.282924,369.262836,23.679993,True,
10000,1,sparse-aggregate,synthetic_control_plane,10000,40000,40000,1,15.0,2,0.0,384.912854,384.898513,23.674995,True,
10000,2,sparse-aggregate,synthetic_control_plane,10000,40000,40000,1,15.0,2,0.0,367.605655,367.560103,23.675232,True,
10000,3,sparse-aggregate,synthetic_control_plane,10000,40000,40000,1,15.0,2,0.0,352.926545,352.893351,23.675209,True,
10000,4,sparse-aggregate,synthetic_control_plane,10000,40000,40000,1,15.0,2,0.0,378.480759,378.446204,23.674995,True,
10000,5,sparse-aggregate,synthetic_control_plane,10000,40000,40000,1,15.0,2,0.0,360.924299,360.833981,23.675209,True,
10000,6,sparse-aggregate,synthetic_control_plane,10000,40000,40000,1,15.0,2,0.0,411.007193,410.955815,23.674995,True,
20000,0,sparse-aggregate,synthetic_control_plane,20000,80000,80000,1,15.0,2,0.0,931.438587,931.340558,48.354103,True,
20000,1,sparse-aggregate,synthetic_control_plane,20000,80000,80000,1,15.0,2,0.0,871.408905,871.284637,48.353966,True,
20000,2,sparse-aggregate,synthetic_control_plane,20000,80000,80000,1,15.0,2,0.0,777.192812,777.087097,48.354202,True,
20000,3,sparse-aggregate,synthetic_control_plane,20000,80000,80000,1,15.0,2,0.0,913.1356,913.05418,48.353966,True,
20000,4,sparse-aggregate,synthetic_control_plane,20000,80000,80000,1,15.0,2,0.0,807.234456,807.138846,48.354179,True,
20000,5,sparse-aggregate,synthetic_control_plane,20000,80000,80000,1,15.0,2,0.0,904.64756,904.476876,48.353966,True,
20000,6,sparse-aggregate,synthetic_control_plane,20000,80000,80000,1,15.0,2,0.0,766.718612,766.642833,48.353966,True,
50000,0,sparse-aggregate,synthetic_control_plane,50000,200000,200000,1,15.0,2,0.0,2476.198098,2475.829082,121.0383,True,
50000,1,sparse-aggregate,synthetic_control_plane,50000,200000,200000,1,15.0,2,0.0,2567.950046,2567.770579,121.038399,True,
50000,2,sparse-aggregate,synthetic_control_plane,50000,200000,200000,1,15.0,2,0.0,2338.674175,2338.380761,121.038399,True,
50000,3,sparse-aggregate,synthetic_control_plane,50000,200000,200000,1,15.0,2,0.0,2592.545193,2592.298353,121.038399,True,
50000,4,sparse-aggregate,synthetic_control_plane,50000,200000,200000,1,15.0,2,0.0,2372.342413,2372.097103,121.038399,True,
50000,5,sparse-aggregate,synthetic_control_plane,50000,200000,200000,1,15.0,2,0.0,2202.648771,2202.48341,121.038635,True,
50000,6,sparse-aggregate,synthetic_control_plane,50000,200000,200000,1,15.0,2,0.0,2414.547081,2414.147093,121.038399,True,
