policy,policy_display_name,step,time_s,evidence_type,traffic_stress,weighted_edge_distance,active_edge_count,request_mix_entropy,top3_hotspot_churn,traffic_stress_gini,traffic_stress_skew,migration_count,policy_decision_time_ms,latency_ms,sla_ms,sla_pressure,sla_violation_ratio
kubernetes-default,K8s default,0,0.000,replay/model/control-plane,0.912956,0.000000,14,1.181291,0.000000,0.451198,1.237382,,,94.125462,127.500000,0.738239,0.000000
cga,CGA,0,0.000,replay/model/control-plane,0.912956,0.000000,14,1.181291,0.000000,0.451198,1.237382,,,91.025996,127.500000,0.713929,0.000000
hda,HDA,0,0.000,replay/model/control-plane,0.912956,0.000000,14,1.181291,0.000000,0.451198,1.237382,,,82.772183,127.500000,0.649194,0.000000
kubernetes-default,K8s default,1,5.000,replay/model/control-plane,0.928183,0.016406,14,1.181291,0.000000,0.451198,1.237382,,,96.081033,127.500000,0.753577,0.000000
cga,CGA,1,5.000,replay/model/control-plane,0.928183,0.016406,14,1.181291,0.000000,0.451198,1.237382,,,91.305484,127.500000,0.716121,0.000000
hda,HDA,1,5.000,replay/model/control-plane,0.928183,0.016406,14,1.181291,0.000000,0.451198,1.237382,,,86.638320,127.500000,0.679516,0.000000
kubernetes-default,K8s default,2,10.000,replay/model/control-plane,0.961297,0.034447,14,1.181291,0.000000,0.451198,1.237382,,,100.171227,127.500000,0.785657,0.000000
cga,CGA,2,10.000,replay/model/control-plane,0.961297,0.034447,14,1.181291,0.000000,0.451198,1.237382,,,92.396112,127.500000,0.724675,0.000000
hda,HDA,2,10.000,replay/model/control-plane,0.961297,0.034447,14,1.181291,0.000000,0.451198,1.237382,,,91.023397,127.500000,0.713909,0.000000
kubernetes-default,K8s default,3,15.000,replay/model/control-plane,0.995320,0.034183,14,1.181291,0.000000,0.451198,1.237382,,,100.915608,127.500000,0.791495,0.000000
cga,CGA,3,15.000,replay/model/control-plane,0.995320,0.034183,14,1.181291,0.000000,0.451198,1.237382,,,97.821994,127.500000,0.767231,0.000000
hda,HDA,3,15.000,replay/model/control-plane,0.995320,0.034183,14,1.181291,0.000000,0.451198,1.237382,,,87.798711,127.500000,0.688617,0.000000
kubernetes-default,K8s default,4,20.000,replay/model/control-plane,0.945569,0.049986,14,1.181291,0.000000,0.451198,1.237382,,,100.042787,127.500000,0.784649,0.000000
cga,CGA,4,20.000,replay/model/control-plane,0.945569,0.049986,14,1.181291,0.000000,0.451198,1.237382,,,93.402715,127.500000,0.732570,0.000000
hda,HDA,4,20.000,replay/model/control-plane,0.945569,0.049986,14,1.181291,0.000000,0.451198,1.237382,,,89.353991,127.500000,0.700816,0.000000
kubernetes-default,K8s default,5,25.000,replay/model/control-plane,0.947550,0.002091,14,1.181291,0.000000,0.451198,1.237382,,,100.522532,127.500000,0.788412,0.000000
cga,CGA,5,25.000,replay/model/control-plane,0.947550,0.002091,14,1.181291,0.000000,0.451198,1.237382,,,92.404816,127.500000,0.724744,0.000000
hda,HDA,5,25.000,replay/model/control-plane,0.947550,0.002091,14,1.181291,0.000000,0.451198,1.237382,,,88.343257,127.500000,0.692888,0.000000
kubernetes-default,K8s default,6,30.000,replay/model/control-plane,0.963928,0.016991,14,1.181291,0.000000,0.451198,1.237382,,,98.020078,127.500000,0.768785,0.000000
cga,CGA,6,30.000,replay/model/control-plane,0.963928,0.016991,14,1.181291,0.000000,0.451198,1.237382,,,96.746941,127.500000,0.758800,0.000000
hda,HDA,6,30.000,replay/model/control-plane,0.963928,0.016991,14,1.181291,0.000000,0.451198,1.237382,,,87.432334,127.500000,0.685744,0.000000
kubernetes-default,K8s default,7,35.000,replay/model/control-plane,1.020780,0.055695,14,1.181291,0.000000,0.451198,1.237382,,,100.792019,127.500000,0.790526,0.000000
cga,CGA,7,35.000,replay/model/control-plane,1.020780,0.055695,14,1.181291,0.000000,0.451198,1.237382,,,97.035438,127.500000,0.761062,0.000000
hda,HDA,7,35.000,replay/model/control-plane,1.020780,0.055695,14,1.181291,0.000000,0.451198,1.237382,,,95.306699,127.500000,0.747504,0.000000
kubernetes-default,K8s default,8,40.000,replay/model/control-plane,0.963861,0.055760,14,1.181291,0.000000,0.451198,1.237382,,,101.613522,127.500000,0.796969,0.000000
cga,CGA,8,40.000,replay/model/control-plane,0.963861,0.055760,14,1.181291,0.000000,0.451198,1.237382,,,92.895937,127.500000,0.728596,0.000000
hda,HDA,8,40.000,replay/model/control-plane,0.963861,0.055760,14,1.181291,0.000000,0.451198,1.237382,,,89.851726,127.500000,0.704719,0.000000
kubernetes-default,K8s default,9,45.000,replay/model/control-plane,1.027110,0.061580,14,1.181291,0.000000,0.451198,1.237382,,,104.774480,127.500000,0.821761,0.000000
cga,CGA,9,45.000,replay/model/control-plane,1.027110,0.061580,14,1.181291,0.000000,0.451198,1.237382,,,93.120349,127.500000,0.730356,0.000000
hda,HDA,9,45.000,replay/model/control-plane,1.027110,0.061580,14,1.181291,0.000000,0.451198,1.237382,,,92.845975,127.500000,0.728204,0.000000
kubernetes-default,K8s default,10,50.000,replay/model/control-plane,1.023005,0.003997,14,1.181291,0.000000,0.451198,1.237382,,,99.176708,127.500000,0.777857,0.000000
cga,CGA,10,50.000,replay/model/control-plane,1.023005,0.003997,14,1.181291,0.000000,0.451198,1.237382,,,92.599718,127.500000,0.726272,0.000000
hda,HDA,10,50.000,replay/model/control-plane,1.023005,0.003997,14,1.181291,0.000000,0.451198,1.237382,,,89.599889,127.500000,0.702744,0.000000
kubernetes-default,K8s default,11,55.000,replay/model/control-plane,0.974005,0.047898,14,1.181291,0.000000,0.451198,1.237382,,,100.098986,127.500000,0.785090,0.000000
cga,CGA,11,55.000,replay/model/control-plane,0.974005,0.047898,14,1.181291,0.000000,0.451198,1.237382,,,95.013252,127.500000,0.745202,0.000000
hda,HDA,11,55.000,replay/model/control-plane,0.974005,0.047898,14,1.181291,0.000000,0.451198,1.237382,,,90.414486,127.500000,0.709133,0.000000
kubernetes-default,K8s default,12,60.000,replay/model/control-plane,1.017284,0.042544,14,1.181291,0.000000,0.451198,1.237382,,,98.363701,127.500000,0.771480,0.000000
cga,CGA,12,60.000,replay/model/control-plane,1.017284,0.042544,14,1.181291,0.000000,0.451198,1.237382,,,94.122367,127.500000,0.738215,0.000000
hda,HDA,12,60.000,replay/model/control-plane,1.017284,0.042544,14,1.181291,0.000000,0.451198,1.237382,,,90.594814,127.500000,0.710548,0.000000
kubernetes-default,K8s default,13,65.000,replay/model/control-plane,1.011673,0.005516,14,1.181291,0.000000,0.451198,1.237382,,,98.403141,127.500000,0.771789,0.000000
cga,CGA,13,65.000,replay/model/control-plane,1.011673,0.005516,14,1.181291,0.000000,0.451198,1.237382,,,91.819253,127.500000,0.720151,0.000000
hda,HDA,13,65.000,replay/model/control-plane,1.011673,0.005516,14,1.181291,0.000000,0.451198,1.237382,,,86.659341,127.500000,0.679681,0.000000
kubernetes-default,K8s default,14,70.000,replay/model/control-plane,1.011140,0.000526,14,1.181291,0.000000,0.451198,1.237382,,,100.303211,127.500000,0.786692,0.000000
cga,CGA,14,70.000,replay/model/control-plane,1.011140,0.000526,14,1.181291,0.000000,0.451198,1.237382,,,94.307836,127.500000,0.739669,0.000000
hda,HDA,14,70.000,replay/model/control-plane,1.011140,0.000526,14,1.181291,0.000000,0.451198,1.237382,,,89.183993,127.500000,0.699482,0.000000
kubernetes-default,K8s default,15,75.000,replay/model/control-plane,1.072306,0.072169,15,1.181291,0.000000,0.464986,1.324936,,,101.613393,127.500000,0.796968,0.000000
cga,CGA,15,75.000,replay/model/control-plane,1.072306,0.072169,15,1.181291,0.000000,0.464986,1.324936,,,93.712662,127.500000,0.735001,0.000000
hda,HDA,15,75.000,replay/model/control-plane,1.072306,0.072169,15,1.181291,0.000000,0.464986,1.324936,,,93.614980,127.500000,0.734235,0.000000
kubernetes-default,K8s default,16,80.000,replay/model/control-plane,0.984571,0.096549,14,1.181291,0.000000,0.451198,1.237382,,,103.847710,127.500000,0.814492,0.000000
cga,CGA,16,80.000,replay/model/control-plane,0.984571,0.096549,14,1.181291,0.000000,0.451198,1.237382,,,97.500006,127.500000,0.764706,0.000000
hda,HDA,16,80.000,replay/model/control-plane,0.984571,0.096549,14,1.181291,0.000000,0.451198,1.237382,,,92.807681,127.500000,0.727903,0.000000
kubernetes-default,K8s default,17,85.000,replay/model/control-plane,0.979682,0.004965,14,1.181291,0.000000,0.451198,1.237382,,,97.348799,127.500000,0.763520,0.000000
cga,CGA,17,85.000,replay/model/control-plane,0.979682,0.004965,14,1.181291,0.000000,0.451198,1.237382,,,94.011610,127.500000,0.737346,0.000000
hda,HDA,17,85.000,replay/model/control-plane,0.979682,0.004965,14,1.181291,0.000000,0.451198,1.237382,,,93.175110,127.500000,0.730785,0.000000
kubernetes-default,K8s default,18,90.000,replay/model/control-plane,1.073806,0.102291,15,1.181291,0.000000,0.464986,1.324936,,,106.641844,127.500000,0.836407,0.000000
cga,CGA,18,90.000,replay/model/control-plane,1.073806,0.102291,15,1.181291,0.000000,0.464986,1.324936,,,103.814365,127.500000,0.814230,0.000000
hda,HDA,18,90.000,replay/model/control-plane,1.073806,0.102291,15,1.181291,0.000000,0.464986,1.324936,,,97.242070,127.500000,0.762683,0.000000
kubernetes-default,K8s default,19,95.000,replay/model/control-plane,1.022094,0.063428,14,1.181291,0.000000,0.451198,1.237382,,,101.172372,127.500000,0.793509,0.000000
cga,CGA,19,95.000,replay/model/control-plane,1.022094,0.063428,14,1.181291,0.000000,0.451198,1.237382,,,95.456134,127.500000,0.748676,0.000000
hda,HDA,19,95.000,replay/model/control-plane,1.022094,0.063428,14,1.181291,0.000000,0.451198,1.237382,,,94.022383,127.500000,0.737430,0.000000
kubernetes-default,K8s default,20,100.000,replay/model/control-plane,1.003414,0.018276,14,1.181291,0.000000,0.451198,1.237382,,,101.718575,127.500000,0.797793,0.000000
cga,CGA,20,100.000,replay/model/control-plane,1.003414,0.018276,14,1.181291,0.000000,0.451198,1.237382,,,96.051243,127.500000,0.753343,0.000000
hda,HDA,20,100.000,replay/model/control-plane,1.003414,0.018276,14,1.181291,0.000000,0.451198,1.237382,,,88.415581,127.500000,0.693456,0.000000
kubernetes-default,K8s default,21,105.000,replay/model/control-plane,1.018149,0.014472,14,1.181291,0.000000,0.451198,1.237382,,,95.553107,127.500000,0.749436,0.000000
cga,CGA,21,105.000,replay/model/control-plane,1.018149,0.014472,14,1.181291,0.000000,0.451198,1.237382,,,95.265298,127.500000,0.747179,0.000000
hda,HDA,21,105.000,replay/model/control-plane,1.018149,0.014472,14,1.181291,0.000000,0.451198,1.237382,,,90.002282,127.500000,0.705900,0.000000
kubernetes-default,K8s default,22,110.000,replay/model/control-plane,1.022949,0.004692,14,1.181291,0.000000,0.451198,1.237382,,,97.996464,127.500000,0.768600,0.000000
cga,CGA,22,110.000,replay/model/control-plane,1.022949,0.004692,14,1.181291,0.000000,0.451198,1.237382,,,90.101946,127.500000,0.706682,0.000000
hda,HDA,22,110.000,replay/model/control-plane,1.022949,0.004692,14,1.181291,0.000000,0.451198,1.237382,,,89.201034,127.500000,0.699616,0.000000
kubernetes-default,K8s default,23,115.000,replay/model/control-plane,1.083099,0.070687,15,1.181291,0.000000,0.464986,1.324936,,,102.990142,127.500000,0.807766,0.000000
cga,CGA,23,115.000,replay/model/control-plane,1.083099,0.070687,15,1.181291,0.000000,0.464986,1.324936,,,98.356429,127.500000,0.771423,0.000000
hda,HDA,23,115.000,replay/model/control-plane,1.083099,0.070687,15,1.181291,0.000000,0.464986,1.324936,,,94.588638,127.500000,0.741872,0.000000
kubernetes-default,K8s default,24,120.000,replay/model/control-plane,1.009534,0.082874,14,1.181291,0.000000,0.451198,1.237382,,,105.167714,127.500000,0.824845,0.000000
cga,CGA,24,120.000,replay/model/control-plane,1.009534,0.082874,14,1.181291,0.000000,0.451198,1.237382,,,99.125949,127.500000,0.777458,0.000000
hda,HDA,24,120.000,replay/model/control-plane,1.009534,0.082874,14,1.181291,0.000000,0.451198,1.237382,,,91.074196,127.500000,0.714307,0.000000
kubernetes-default,K8s default,25,125.000,replay/model/control-plane,1.010891,0.001342,14,1.181291,0.000000,0.451198,1.237382,,,96.281469,127.500000,0.755149,0.000000
cga,CGA,25,125.000,replay/model/control-plane,1.010891,0.001342,14,1.181291,0.000000,0.451198,1.237382,,,93.260550,127.500000,0.731455,0.000000
hda,HDA,25,125.000,replay/model/control-plane,1.010891,0.001342,14,1.181291,0.000000,0.451198,1.237382,,,90.702854,127.500000,0.711395,0.000000
kubernetes-default,K8s default,26,130.000,replay/model/control-plane,1.048170,0.035566,14,1.181291,0.000000,0.451198,1.237382,,,105.940695,127.500000,0.830907,0.000000
cga,CGA,26,130.000,replay/model/control-plane,1.048170,0.035566,14,1.181291,0.000000,0.451198,1.237382,,,100.240726,127.500000,0.786202,0.000000
hda,HDA,26,130.000,replay/model/control-plane,1.048170,0.035566,14,1.181291,0.000000,0.451198,1.237382,,,97.100822,127.500000,0.761575,0.000000
kubernetes-default,K8s default,27,135.000,replay/model/control-plane,1.044682,0.003327,14,1.181291,0.000000,0.451198,1.237382,,,97.985205,127.500000,0.768511,0.000000
cga,CGA,27,135.000,replay/model/control-plane,1.044682,0.003327,14,1.181291,0.000000,0.451198,1.237382,,,92.281898,127.500000,0.723780,0.000000
hda,HDA,27,135.000,replay/model/control-plane,1.044682,0.003327,14,1.181291,0.000000,0.451198,1.237382,,,89.380362,127.500000,0.701022,0.000000
kubernetes-default,K8s default,28,140.000,replay/model/control-plane,1.085366,0.052925,15,1.181291,0.000000,0.464986,1.324936,,,104.196964,127.500000,0.817231,0.000000
cga,CGA,28,140.000,replay/model/control-plane,1.085366,0.052925,15,1.181291,0.000000,0.464986,1.324936,,,95.997150,127.500000,0.752919,0.000000
hda,HDA,28,140.000,replay/model/control-plane,1.085366,0.052925,15,1.181291,0.000000,0.464986,1.324936,,,93.690203,127.500000,0.734825,0.000000
kubernetes-default,K8s default,29,145.000,replay/model/control-plane,1.073690,0.010757,15,1.181291,0.000000,0.464986,1.324936,,,104.259005,127.500000,0.817718,0.000000
cga,CGA,29,145.000,replay/model/control-plane,1.073690,0.010757,15,1.181291,0.000000,0.464986,1.324936,,,97.670472,127.500000,0.766043,0.000000
hda,HDA,29,145.000,replay/model/control-plane,1.073690,0.010757,15,1.181291,0.000000,0.464986,1.324936,,,93.105181,127.500000,0.730237,0.000000
kubernetes-default,K8s default,30,150.000,replay/model/control-plane,1.024985,0.060677,14,1.181291,0.000000,0.451198,1.237382,,,103.458178,127.500000,0.811437,0.000000
cga,CGA,30,150.000,replay/model/control-plane,1.024985,0.060677,14,1.181291,0.000000,0.451198,1.237382,,,93.915430,127.500000,0.736592,0.000000
hda,HDA,30,150.000,replay/model/control-plane,1.024985,0.060677,14,1.181291,0.000000,0.451198,1.237382,,,91.357938,127.500000,0.716533,0.000000
kubernetes-default,K8s default,31,155.000,replay/model/control-plane,1.009218,0.015383,14,1.181291,0.000000,0.451198,1.237382,,,97.429502,127.500000,0.764153,0.000000
cga,CGA,31,155.000,replay/model/control-plane,1.009218,0.015383,14,1.181291,0.000000,0.451198,1.237382,,,96.177727,127.500000,0.754335,0.000000
hda,HDA,31,155.000,replay/model/control-plane,1.009218,0.015383,14,1.181291,0.000000,0.451198,1.237382,,,92.938200,127.500000,0.728927,0.000000
kubernetes-default,K8s default,32,160.000,replay/model/control-plane,1.071654,0.073370,15,1.181291,0.000000,0.464986,1.324936,,,104.461552,127.500000,0.819306,0.000000
cga,CGA,32,160.000,replay/model/control-plane,1.071654,0.073370,15,1.181291,0.000000,0.464986,1.324936,,,101.139735,127.500000,0.793253,0.000000
hda,HDA,32,160.000,replay/model/control-plane,1.071654,0.073370,15,1.181291,0.000000,0.464986,1.324936,,,94.920933,127.500000,0.744478,0.000000
kubernetes-default,K8s default,33,165.000,replay/model/control-plane,1.085876,0.013097,15,1.181291,0.000000,0.464986,1.324936,,,102.076211,127.500000,0.800598,0.000000
cga,CGA,33,165.000,replay/model/control-plane,1.085876,0.013097,15,1.181291,0.000000,0.464986,1.324936,,,100.784126,127.500000,0.790464,0.000000
hda,HDA,33,165.000,replay/model/control-plane,1.085876,0.013097,15,1.181291,0.000000,0.464986,1.324936,,,90.709874,127.500000,0.711450,0.000000
kubernetes-default,K8s default,34,170.000,replay/model/control-plane,0.988767,0.104037,14,1.181291,0.000000,0.451198,1.237382,,,104.155828,127.500000,0.816908,0.000000
cga,CGA,34,170.000,replay/model/control-plane,0.988767,0.104037,14,1.181291,0.000000,0.451198,1.237382,,,98.818633,127.500000,0.775048,0.000000
hda,HDA,34,170.000,replay/model/control-plane,0.988767,0.104037,14,1.181291,0.000000,0.451198,1.237382,,,91.965511,127.500000,0.721298,0.000000
kubernetes-default,K8s default,35,175.000,replay/model/control-plane,1.057773,0.065237,14,1.181291,0.000000,0.451198,1.237382,,,104.354911,127.500000,0.818470,0.000000
cga,CGA,35,175.000,replay/model/control-plane,1.057773,0.065237,14,1.181291,0.000000,0.451198,1.237382,,,95.308032,127.500000,0.747514,0.000000
hda,HDA,35,175.000,replay/model/control-plane,1.057773,0.065237,14,1.181291,0.000000,0.451198,1.237382,,,89.532516,127.500000,0.702216,0.000000
kubernetes-default,K8s default,36,180.000,replay/model/control-plane,1.069431,0.026769,15,1.181291,0.000000,0.464986,1.324936,,,102.368988,127.500000,0.802894,0.000000
cga,CGA,36,180.000,replay/model/control-plane,1.069431,0.026769,15,1.181291,0.000000,0.464986,1.324936,,,97.012310,127.500000,0.760881,0.000000
hda,HDA,36,180.000,replay/model/control-plane,1.069431,0.026769,15,1.181291,0.000000,0.464986,1.324936,,,91.464410,127.500000,0.717368,0.000000
kubernetes-default,K8s default,37,185.000,replay/model/control-plane,1.045828,0.037759,14,1.181291,0.000000,0.451198,1.237382,,,103.007549,127.500000,0.807902,0.000000
cga,CGA,37,185.000,replay/model/control-plane,1.045828,0.037759,14,1.181291,0.000000,0.451198,1.237382,,,98.595396,127.500000,0.773297,0.000000
hda,HDA,37,185.000,replay/model/control-plane,1.045828,0.037759,14,1.181291,0.000000,0.451198,1.237382,,,90.599323,127.500000,0.710583,0.000000
kubernetes-default,K8s default,38,190.000,replay/model/control-plane,1.000459,0.043382,14,1.181291,0.000000,0.451198,1.237382,,,104.709040,127.500000,0.821247,0.000000
cga,CGA,38,190.000,replay/model/control-plane,1.000459,0.043382,14,1.181291,0.000000,0.451198,1.237382,,,96.194364,127.500000,0.754466,0.000000
hda,HDA,38,190.000,replay/model/control-plane,1.000459,0.043382,14,1.181291,0.000000,0.451198,1.237382,,,88.502769,127.500000,0.694139,0.000000
kubernetes-default,K8s default,39,195.000,replay/model/control-plane,1.055986,0.052583,14,1.181291,0.000000,0.451198,1.237382,,,99.855062,127.500000,0.783177,0.000000
cga,CGA,39,195.000,replay/model/control-plane,1.055986,0.052583,14,1.181291,0.000000,0.451198,1.237382,,,95.168093,127.500000,0.746416,0.000000
hda,HDA,39,195.000,replay/model/control-plane,1.055986,0.052583,14,1.181291,0.000000,0.451198,1.237382,,,89.849435,127.500000,0.704701,0.000000
kubernetes-default,K8s default,40,200.000,replay/model/control-plane,1.046808,0.008691,14,1.181291,0.000000,0.451198,1.237382,,,98.503679,127.500000,0.772578,0.000000
cga,CGA,40,200.000,replay/model/control-plane,1.046808,0.008691,14,1.181291,0.000000,0.451198,1.237382,,,95.663306,127.500000,0.750300,0.000000
hda,HDA,40,200.000,replay/model/control-plane,1.046808,0.008691,14,1.181291,0.000000,0.451198,1.237382,,,86.948348,127.500000,0.681948,0.000000
kubernetes-default,K8s default,41,205.000,replay/model/control-plane,0.990506,0.053784,14,1.181291,0.000000,0.451198,1.237382,,,99.080904,127.500000,0.777105,0.000000
cga,CGA,41,205.000,replay/model/control-plane,0.990506,0.053784,14,1.181291,0.000000,0.451198,1.237382,,,97.953958,127.500000,0.768266,0.000000
hda,HDA,41,205.000,replay/model/control-plane,0.990506,0.053784,14,1.181291,0.000000,0.451198,1.237382,,,92.318075,127.500000,0.724063,0.000000
kubernetes-default,K8s default,42,210.000,replay/model/control-plane,1.032314,0.040499,14,1.181291,0.000000,0.451198,1.237382,,,102.967953,127.500000,0.807592,0.000000
cga,CGA,42,210.000,replay/model/control-plane,1.032314,0.040499,14,1.181291,0.000000,0.451198,1.237382,,,93.058406,127.500000,0.729870,0.000000
hda,HDA,42,210.000,replay/model/control-plane,1.032314,0.040499,14,1.181291,0.000000,0.451198,1.237382,,,94.407973,127.500000,0.740455,0.000000
kubernetes-default,K8s default,43,215.000,replay/model/control-plane,0.987048,0.043849,14,1.181291,0.000000,0.451198,1.237382,,,99.576822,127.500000,0.780995,0.000000
cga,CGA,43,215.000,replay/model/control-plane,0.987048,0.043849,14,1.181291,0.000000,0.451198,1.237382,,,100.873168,127.500000,0.791162,0.000000
hda,HDA,43,215.000,replay/model/control-plane,0.987048,0.043849,14,1.181291,0.000000,0.451198,1.237382,,,85.654798,127.500000,0.671802,0.000000
kubernetes-default,K8s default,44,220.000,replay/model/control-plane,0.965983,0.021341,14,1.181291,0.000000,0.451198,1.237382,,,100.581904,127.500000,0.788878,0.000000
cga,CGA,44,220.000,replay/model/control-plane,0.965983,0.021341,14,1.181291,0.000000,0.451198,1.237382,,,94.969251,127.500000,0.744857,0.000000
hda,HDA,44,220.000,replay/model/control-plane,0.965983,0.021341,14,1.181291,0.000000,0.451198,1.237382,,,92.399522,127.500000,0.724702,0.000000
kubernetes-default,K8s default,45,225.000,replay/model/control-plane,0.991966,0.026193,14,1.181291,0.000000,0.451198,1.237382,,,100.425489,127.500000,0.787651,0.000000
cga,CGA,45,225.000,replay/model/control-plane,0.991966,0.026193,14,1.181291,0.000000,0.451198,1.237382,,,90.197149,127.500000,0.707429,0.000000
hda,HDA,45,225.000,replay/model/control-plane,0.991966,0.026193,14,1.181291,0.000000,0.451198,1.237382,,,91.529786,127.500000,0.717881,0.000000
kubernetes-default,K8s default,46,230.000,replay/model/control-plane,0.988136,0.003861,14,1.181291,0.000000,0.451198,1.237382,,,98.957844,127.500000,0.776140,0.000000
cga,CGA,46,230.000,replay/model/control-plane,0.988136,0.003861,14,1.181291,0.000000,0.451198,1.237382,,,93.834715,127.500000,0.735959,0.000000
hda,HDA,46,230.000,replay/model/control-plane,0.988136,0.003861,14,1.181291,0.000000,0.451198,1.237382,,,88.808122,127.500000,0.696534,0.000000
kubernetes-default,K8s default,47,235.000,replay/model/control-plane,0.990473,0.002359,14,1.181291,0.000000,0.451198,1.237382,,,96.574025,127.500000,0.757443,0.000000
cga,CGA,47,235.000,replay/model/control-plane,0.990473,0.002359,14,1.181291,0.000000,0.451198,1.237382,,,93.418698,127.500000,0.732696,0.000000
hda,HDA,47,235.000,replay/model/control-plane,0.990473,0.002359,14,1.181291,0.000000,0.451198,1.237382,,,92.121411,127.500000,0.722521,0.000000
kubernetes-default,K8s default,48,240.000,replay/model/control-plane,1.011509,0.020797,14,1.181291,0.000000,0.451198,1.237382,,,96.849974,127.500000,0.759608,0.000000
cga,CGA,48,240.000,replay/model/control-plane,1.011509,0.020797,14,1.181291,0.000000,0.451198,1.237382,,,98.849639,127.500000,0.775291,0.000000
hda,HDA,48,240.000,replay/model/control-plane,1.011509,0.020797,14,1.181291,0.000000,0.451198,1.237382,,,91.843267,127.500000,0.720339,0.000000
kubernetes-default,K8s default,49,245.000,replay/model/control-plane,1.026251,0.014365,14,1.181291,0.000000,0.451198,1.237382,,,103.022611,127.500000,0.808020,0.000000
cga,CGA,49,245.000,replay/model/control-plane,1.026251,0.014365,14,1.181291,0.000000,0.451198,1.237382,,,94.073740,127.500000,0.737833,0.000000
hda,HDA,49,245.000,replay/model/control-plane,1.026251,0.014365,14,1.181291,0.000000,0.451198,1.237382,,,87.853002,127.500000,0.689043,0.000000
kubernetes-default,K8s default,50,250.000,replay/model/control-plane,1.034398,0.007875,14,1.181291,0.000000,0.451198,1.237382,,,97.034647,127.500000,0.761056,0.000000
cga,CGA,50,250.000,replay/model/control-plane,1.034398,0.007875,14,1.181291,0.000000,0.451198,1.237382,,,95.924798,127.500000,0.752351,0.000000
hda,HDA,50,250.000,replay/model/control-plane,1.034398,0.007875,14,1.181291,0.000000,0.451198,1.237382,,,91.860298,127.500000,0.720473,0.000000
kubernetes-default,K8s default,51,255.000,replay/model/control-plane,1.031374,0.002924,14,1.181291,0.000000,0.451198,1.237382,,,99.997567,127.500000,0.784295,0.000000
cga,CGA,51,255.000,replay/model/control-plane,1.031374,0.002924,14,1.181291,0.000000,0.451198,1.237382,,,94.087266,127.500000,0.737939,0.000000
hda,HDA,51,255.000,replay/model/control-plane,1.031374,0.002924,14,1.181291,0.000000,0.451198,1.237382,,,93.752358,127.500000,0.735313,0.000000
kubernetes-default,K8s default,52,260.000,replay/model/control-plane,1.028385,0.002898,14,1.181291,0.000000,0.451198,1.237382,,,100.840612,127.500000,0.790907,0.000000
cga,CGA,52,260.000,replay/model/control-plane,1.028385,0.002898,14,1.181291,0.000000,0.451198,1.237382,,,94.942093,127.500000,0.744644,0.000000
hda,HDA,52,260.000,replay/model/control-plane,1.028385,0.002898,14,1.181291,0.000000,0.451198,1.237382,,,86.596029,127.500000,0.679185,0.000000
kubernetes-default,K8s default,53,265.000,replay/model/control-plane,1.003165,0.024523,14,1.181291,0.000000,0.451198,1.237382,,,98.055633,127.500000,0.769064,0.000000
cga,CGA,53,265.000,replay/model/control-plane,1.003165,0.024523,14,1.181291,0.000000,0.451198,1.237382,,,94.713160,127.500000,0.742848,0.000000
hda,HDA,53,265.000,replay/model/control-plane,1.003165,0.024523,14,1.181291,0.000000,0.451198,1.237382,,,94.407406,127.500000,0.740450,0.000000
kubernetes-default,K8s default,54,270.000,replay/model/control-plane,0.949807,0.053191,14,1.181291,0.000000,0.451198,1.237382,,,97.188920,127.500000,0.762266,0.000000
cga,CGA,54,270.000,replay/model/control-plane,0.949807,0.053191,14,1.181291,0.000000,0.451198,1.237382,,,92.451764,127.500000,0.725112,0.000000
hda,HDA,54,270.000,replay/model/control-plane,0.949807,0.053191,14,1.181291,0.000000,0.451198,1.237382,,,87.534694,127.500000,0.686547,0.000000
kubernetes-default,K8s default,55,275.000,replay/model/control-plane,0.931652,0.019114,14,1.181291,0.000000,0.451198,1.237382,,,99.131876,127.500000,0.777505,0.000000
cga,CGA,55,275.000,replay/model/control-plane,0.931652,0.019114,14,1.181291,0.000000,0.451198,1.237382,,,88.940125,127.500000,0.697570,0.000000
hda,HDA,55,275.000,replay/model/control-plane,0.931652,0.019114,14,1.181291,0.000000,0.451198,1.237382,,,86.559626,127.500000,0.678899,0.000000
kubernetes-default,K8s default,56,280.000,replay/model/control-plane,0.971103,0.040624,14,1.181291,0.000000,0.451198,1.237382,,,100.077835,127.500000,0.784924,0.000000
cga,CGA,56,280.000,replay/model/control-plane,0.971103,0.040624,14,1.181291,0.000000,0.451198,1.237382,,,97.211241,127.500000,0.762441,0.000000
hda,HDA,56,280.000,replay/model/control-plane,0.971103,0.040624,14,1.181291,0.000000,0.451198,1.237382,,,89.290403,127.500000,0.700317,0.000000
kubernetes-default,K8s default,57,285.000,replay/model/control-plane,0.957878,0.013619,14,1.181291,0.000000,0.451198,1.237382,,,94.883806,127.500000,0.744187,0.000000
cga,CGA,57,285.000,replay/model/control-plane,0.957878,0.013619,14,1.181291,0.000000,0.451198,1.237382,,,92.102891,127.500000,0.722376,0.000000
hda,HDA,57,285.000,replay/model/control-plane,0.957878,0.013619,14,1.181291,0.000000,0.451198,1.237382,,,89.627404,127.500000,0.702960,0.000000
kubernetes-default,K8s default,58,290.000,replay/model/control-plane,0.965184,0.007570,14,1.181291,0.000000,0.451198,1.237382,,,98.953902,127.500000,0.776109,0.000000
cga,CGA,58,290.000,replay/model/control-plane,0.965184,0.007570,14,1.181291,0.000000,0.451198,1.237382,,,91.053790,127.500000,0.714147,0.000000
hda,HDA,58,290.000,replay/model/control-plane,0.965184,0.007570,14,1.181291,0.000000,0.451198,1.237382,,,87.345445,127.500000,0.685062,0.000000
kubernetes-default,K8s default,59,295.000,replay/model/control-plane,0.901396,0.066089,14,1.181291,0.000000,0.451198,1.237382,,,93.608686,127.500000,0.734186,0.000000
cga,CGA,59,295.000,replay/model/control-plane,0.901396,0.066089,14,1.181291,0.000000,0.451198,1.237382,,,95.532495,127.500000,0.749274,0.000000
hda,HDA,59,295.000,replay/model/control-plane,0.901396,0.066089,14,1.181291,0.000000,0.451198,1.237382,,,87.731156,127.500000,0.688087,0.000000
kubernetes-default,K8s default,60,300.000,replay/model/control-plane,0.905513,0.004547,14,1.181291,0.000000,0.451198,1.237382,,,102.419597,127.500000,0.803291,0.000000
cga,CGA,60,300.000,replay/model/control-plane,0.905513,0.004547,14,1.181291,0.000000,0.451198,1.237382,,,89.741751,127.500000,0.703857,0.000000
hda,HDA,60,300.000,replay/model/control-plane,0.905513,0.004547,14,1.181291,0.000000,0.451198,1.237382,,,86.896409,127.500000,0.681540,0.000000
kubernetes-default,K8s default,61,305.000,replay/model/control-plane,0.972411,0.068796,14,1.181291,0.000000,0.451198,1.237382,,,99.134709,127.500000,0.777527,0.000000
cga,CGA,61,305.000,replay/model/control-plane,0.972411,0.068796,14,1.181291,0.000000,0.451198,1.237382,,,92.815268,127.500000,0.727963,0.000000
hda,HDA,61,305.000,replay/model/control-plane,0.972411,0.068796,14,1.181291,0.000000,0.451198,1.237382,,,90.017197,127.500000,0.706017,0.000000
kubernetes-default,K8s default,62,310.000,replay/model/control-plane,0.934415,0.039074,14,1.181291,0.000000,0.451198,1.237382,,,101.461216,127.500000,0.795774,0.000000
cga,CGA,62,310.000,replay/model/control-plane,0.934415,0.039074,14,1.181291,0.000000,0.451198,1.237382,,,91.368904,127.500000,0.716619,0.000000
hda,HDA,62,310.000,replay/model/control-plane,0.934415,0.039074,14,1.181291,0.000000,0.451198,1.237382,,,84.776058,127.500000,0.664910,0.000000
kubernetes-default,K8s default,63,315.000,replay/model/control-plane,0.937676,0.003478,14,1.181291,0.000000,0.451198,1.237382,,,93.589046,127.500000,0.734032,0.000000
cga,CGA,63,315.000,replay/model/control-plane,0.937676,0.003478,14,1.181291,0.000000,0.451198,1.237382,,,95.238735,127.500000,0.746970,0.000000
hda,HDA,63,315.000,replay/model/control-plane,0.937676,0.003478,14,1.181291,0.000000,0.451198,1.237382,,,85.891659,127.500000,0.673660,0.000000
kubernetes-default,K8s default,64,320.000,replay/model/control-plane,0.871471,0.070606,14,1.181291,0.000000,0.451198,1.237382,,,97.329567,127.500000,0.763369,0.000000
cga,CGA,64,320.000,replay/model/control-plane,0.871471,0.070606,14,1.181291,0.000000,0.451198,1.237382,,,88.687354,127.500000,0.695587,0.000000
hda,HDA,64,320.000,replay/model/control-plane,0.871471,0.070606,14,1.181291,0.000000,0.451198,1.237382,,,83.172052,127.500000,0.652330,0.000000
kubernetes-default,K8s default,65,325.000,replay/model/control-plane,0.895500,0.026833,14,1.181291,0.000000,0.451198,1.237382,,,96.935776,127.500000,0.760281,0.000000
cga,CGA,65,325.000,replay/model/control-plane,0.895500,0.026833,14,1.181291,0.000000,0.451198,1.237382,,,86.607082,127.500000,0.679271,0.000000
hda,HDA,65,325.000,replay/model/control-plane,0.895500,0.026833,14,1.181291,0.000000,0.451198,1.237382,,,82.696411,127.500000,0.648599,0.000000
kubernetes-default,K8s default,66,330.000,replay/model/control-plane,0.940183,0.751336,15,1.181291,1.000000,0.363170,0.686729,,,158.048441,149.500000,1.057180,0.057180
cga,CGA,66,330.000,replay/model/control-plane,0.940183,0.751336,15,1.181291,1.000000,0.363170,0.686729,,,148.489149,149.500000,0.993238,0.000000
hda,HDA,66,330.000,replay/model/control-plane,0.940183,0.751336,15,1.181291,1.000000,0.363170,0.686729,,,142.598092,149.500000,0.953833,0.000000
kubernetes-default,K8s default,67,335.000,replay/model/control-plane,0.907621,0.034634,15,1.181291,0.000000,0.363170,0.686729,,,121.543270,149.500000,0.812998,0.000000
cga,CGA,67,335.000,replay/model/control-plane,0.907621,0.034634,15,1.181291,0.000000,0.363170,0.686729,,,113.800295,149.500000,0.761206,0.000000
hda,HDA,67,335.000,replay/model/control-plane,0.907621,0.034634,15,1.181291,0.000000,0.363170,0.686729,,,114.386954,149.500000,0.765130,0.000000
kubernetes-default,K8s default,68,340.000,replay/model/control-plane,0.935295,0.029589,15,1.181291,0.000000,0.363170,0.686729,,,125.468123,149.500000,0.839252,0.000000
cga,CGA,68,340.000,replay/model/control-plane,0.935295,0.029589,15,1.181291,0.000000,0.363170,0.686729,,,117.628089,149.500000,0.786810,0.000000
hda,HDA,68,340.000,replay/model/control-plane,0.935295,0.029589,15,1.181291,0.000000,0.363170,0.686729,,,113.000475,149.500000,0.755856,0.000000
kubernetes-default,K8s default,69,345.000,replay/model/control-plane,0.849195,0.092056,15,1.181291,0.000000,0.363170,0.686729,,,130.535567,149.500000,0.873148,0.000000
cga,CGA,69,345.000,replay/model/control-plane,0.849195,0.092056,15,1.181291,0.000000,0.363170,0.686729,,,116.378056,149.500000,0.778449,0.000000
hda,HDA,69,345.000,replay/model/control-plane,0.849195,0.092056,15,1.181291,0.000000,0.363170,0.686729,,,110.848950,149.500000,0.741465,0.000000
kubernetes-default,K8s default,70,350.000,replay/model/control-plane,0.868304,0.022007,15,1.181291,0.000000,0.363170,0.686729,,,116.193543,149.500000,0.777214,0.000000
cga,CGA,70,350.000,replay/model/control-plane,0.868304,0.022007,15,1.181291,0.000000,0.363170,0.686729,,,114.199683,149.500000,0.763877,0.000000
hda,HDA,70,350.000,replay/model/control-plane,0.868304,0.022007,15,1.181291,0.000000,0.363170,0.686729,,,106.968894,149.500000,0.715511,0.000000
kubernetes-default,K8s default,71,355.000,replay/model/control-plane,0.896144,0.031067,15,1.181291,0.000000,0.363170,0.686729,,,119.569327,149.500000,0.799795,0.000000
cga,CGA,71,355.000,replay/model/control-plane,0.896144,0.031067,15,1.181291,0.000000,0.363170,0.686729,,,112.665874,149.500000,0.753618,0.000000
hda,HDA,71,355.000,replay/model/control-plane,0.896144,0.031067,15,1.181291,0.000000,0.363170,0.686729,,,112.947823,149.500000,0.755504,0.000000
kubernetes-default,K8s default,72,360.000,replay/model/control-plane,0.853778,0.047277,15,1.181291,0.000000,0.363170,0.686729,,,118.625272,149.500000,0.793480,0.000000
cga,CGA,72,360.000,replay/model/control-plane,0.853778,0.047277,15,1.181291,0.000000,0.363170,0.686729,,,111.366684,149.500000,0.744928,0.000000
hda,HDA,72,360.000,replay/model/control-plane,0.853778,0.047277,15,1.181291,0.000000,0.363170,0.686729,,,110.687722,149.500000,0.740386,0.000000
kubernetes-default,K8s default,73,365.000,replay/model/control-plane,0.881383,0.031320,15,1.181291,0.000000,0.363170,0.686729,,,120.933842,149.500000,0.808922,0.000000
cga,CGA,73,365.000,replay/model/control-plane,0.881383,0.031320,15,1.181291,0.000000,0.363170,0.686729,,,117.344419,149.500000,0.784913,0.000000
hda,HDA,73,365.000,replay/model/control-plane,0.881383,0.031320,15,1.181291,0.000000,0.363170,0.686729,,,113.797794,149.500000,0.761189,0.000000
kubernetes-default,K8s default,74,370.000,replay/model/control-plane,0.851809,0.033554,15,1.181291,0.000000,0.363170,0.686729,,,117.721553,149.500000,0.787435,0.000000
cga,CGA,74,370.000,replay/model/control-plane,0.851809,0.033554,15,1.181291,0.000000,0.363170,0.686729,,,112.921884,149.500000,0.755330,0.000000
hda,HDA,74,370.000,replay/model/control-plane,0.851809,0.033554,15,1.181291,0.000000,0.363170,0.686729,,,105.809929,149.500000,0.707759,0.000000
kubernetes-default,K8s default,75,375.000,replay/model/control-plane,0.800568,0.060155,15,1.181291,0.000000,0.363170,0.686729,,,120.247069,149.500000,0.804328,0.000000
cga,CGA,75,375.000,replay/model/control-plane,0.800568,0.060155,15,1.181291,0.000000,0.363170,0.686729,,,111.824289,149.500000,0.747989,0.000000
hda,HDA,75,375.000,replay/model/control-plane,0.800568,0.060155,15,1.181291,0.000000,0.363170,0.686729,,,108.604495,149.500000,0.726451,0.000000
kubernetes-default,K8s default,76,380.000,replay/model/control-plane,0.791757,0.011007,15,1.181291,0.000000,0.363170,0.686729,,,118.599613,149.500000,0.793308,0.000000
cga,CGA,76,380.000,replay/model/control-plane,0.791757,0.011007,15,1.181291,0.000000,0.363170,0.686729,,,108.736989,149.500000,0.727338,0.000000
hda,HDA,76,380.000,replay/model/control-plane,0.791757,0.011007,15,1.181291,0.000000,0.363170,0.686729,,,106.941346,149.500000,0.715327,0.000000
kubernetes-default,K8s default,77,385.000,replay/model/control-plane,0.873264,0.093336,15,1.181291,0.000000,0.363170,0.686729,,,126.359045,149.500000,0.845211,0.000000
cga,CGA,77,385.000,replay/model/control-plane,0.873264,0.093336,15,1.181291,0.000000,0.363170,0.686729,,,118.970454,149.500000,0.795789,0.000000
hda,HDA,77,385.000,replay/model/control-plane,0.873264,0.093336,15,1.181291,0.000000,0.363170,0.686729,,,111.793342,149.500000,0.747782,0.000000
kubernetes-default,K8s default,78,390.000,replay/model/control-plane,0.779985,0.106816,15,1.181291,0.000000,0.363170,0.686729,,,123.482898,149.500000,0.825973,0.000000
cga,CGA,78,390.000,replay/model/control-plane,0.779985,0.106816,15,1.181291,0.000000,0.363170,0.686729,,,112.271121,149.500000,0.750977,0.000000
hda,HDA,78,390.000,replay/model/control-plane,0.779985,0.106816,15,1.181291,0.000000,0.363170,0.686729,,,105.498519,149.500000,0.705676,0.000000
kubernetes-default,K8s default,79,395.000,replay/model/control-plane,0.780555,0.000730,15,1.181291,0.000000,0.363170,0.686729,,,120.356712,149.500000,0.805062,0.000000
cga,CGA,79,395.000,replay/model/control-plane,0.780555,0.000730,15,1.181291,0.000000,0.363170,0.686729,,,114.536809,149.500000,0.766133,0.000000
hda,HDA,79,395.000,replay/model/control-plane,0.780555,0.000730,15,1.181291,0.000000,0.363170,0.686729,,,108.888412,149.500000,0.728351,0.000000
kubernetes-default,K8s default,80,400.000,replay/model/control-plane,0.787765,0.009153,15,1.181291,0.000000,0.363170,0.686729,,,118.129069,149.500000,0.790161,0.000000
cga,CGA,80,400.000,replay/model/control-plane,0.787765,0.009153,15,1.181291,0.000000,0.363170,0.686729,,,114.041298,149.500000,0.762818,0.000000
hda,HDA,80,400.000,replay/model/control-plane,0.787765,0.009153,15,1.181291,0.000000,0.363170,0.686729,,,104.981595,149.500000,0.702218,0.000000
kubernetes-default,K8s default,81,405.000,replay/model/control-plane,0.818705,0.037791,15,1.181291,0.000000,0.363170,0.686729,,,119.462983,149.500000,0.799084,0.000000
cga,CGA,81,405.000,replay/model/control-plane,0.818705,0.037791,15,1.181291,0.000000,0.363170,0.686729,,,111.951838,149.500000,0.748842,0.000000
hda,HDA,81,405.000,replay/model/control-plane,0.818705,0.037791,15,1.181291,0.000000,0.363170,0.686729,,,106.085920,149.500000,0.709605,0.000000
kubernetes-default,K8s default,82,410.000,replay/model/control-plane,0.825905,0.008718,15,1.181291,0.000000,0.363170,0.686729,,,121.550837,149.500000,0.813049,0.000000
cga,CGA,82,410.000,replay/model/control-plane,0.825905,0.008718,15,1.181291,0.000000,0.363170,0.686729,,,116.691903,149.500000,0.780548,0.000000
hda,HDA,82,410.000,replay/model/control-plane,0.825905,0.008718,15,1.181291,0.000000,0.363170,0.686729,,,107.123293,149.500000,0.716544,0.000000
kubernetes-default,K8s default,83,415.000,replay/model/control-plane,0.781231,0.054091,15,1.181291,0.000000,0.363170,0.686729,,,116.200866,149.500000,0.777263,0.000000
cga,CGA,83,415.000,replay/model/control-plane,0.781231,0.054091,15,1.181291,0.000000,0.363170,0.686729,,,108.455489,149.500000,0.725455,0.000000
hda,HDA,83,415.000,replay/model/control-plane,0.781231,0.054091,15,1.181291,0.000000,0.363170,0.686729,,,105.801079,149.500000,0.707700,0.000000
kubernetes-default,K8s default,84,420.000,replay/model/control-plane,0.776680,0.005826,15,1.181291,0.000000,0.363170,0.686729,,,111.414933,149.500000,0.745250,0.000000
cga,CGA,84,420.000,replay/model/control-plane,0.776680,0.005826,15,1.181291,0.000000,0.363170,0.686729,,,111.467271,149.500000,0.745600,0.000000
hda,HDA,84,420.000,replay/model/control-plane,0.776680,0.005826,15,1.181291,0.000000,0.363170,0.686729,,,104.487912,149.500000,0.698916,0.000000
kubernetes-default,K8s default,85,425.000,replay/model/control-plane,0.798954,0.027879,15,1.181291,0.000000,0.363170,0.686729,,,118.371195,149.500000,0.791781,0.000000
cga,CGA,85,425.000,replay/model/control-plane,0.798954,0.027879,15,1.181291,0.000000,0.363170,0.686729,,,115.072760,149.500000,0.769717,0.000000
hda,HDA,85,425.000,replay/model/control-plane,0.798954,0.027879,15,1.181291,0.000000,0.363170,0.686729,,,102.861053,149.500000,0.688034,0.000000
kubernetes-default,K8s default,86,430.000,replay/model/control-plane,0.741205,0.072281,15,1.181291,0.000000,0.363170,0.686729,,,114.040490,149.500000,0.762813,0.000000
cga,CGA,86,430.000,replay/model/control-plane,0.741205,0.072281,15,1.181291,0.000000,0.363170,0.686729,,,112.343443,149.500000,0.751461,0.000000
hda,HDA,86,430.000,replay/model/control-plane,0.741205,0.072281,15,1.181291,0.000000,0.363170,0.686729,,,100.417046,149.500000,0.671686,0.000000
kubernetes-default,K8s default,87,435.000,replay/model/control-plane,0.743995,0.003750,15,1.181291,0.000000,0.363170,0.686729,,,114.040504,149.500000,0.762813,0.000000
cga,CGA,87,435.000,replay/model/control-plane,0.743995,0.003750,15,1.181291,0.000000,0.363170,0.686729,,,104.507862,149.500000,0.699049,0.000000
hda,HDA,87,435.000,replay/model/control-plane,0.743995,0.003750,15,1.181291,0.000000,0.363170,0.686729,,,104.665467,149.500000,0.700103,0.000000
kubernetes-default,K8s default,88,440.000,replay/model/control-plane,0.761439,0.022910,15,1.181291,0.000000,0.363170,0.686729,,,121.090010,149.500000,0.809967,0.000000
cga,CGA,88,440.000,replay/model/control-plane,0.761439,0.022910,15,1.181291,0.000000,0.363170,0.686729,,,109.674243,149.500000,0.733607,0.000000
hda,HDA,88,440.000,replay/model/control-plane,0.761439,0.022910,15,1.181291,0.000000,0.363170,0.686729,,,105.287514,149.500000,0.704264,0.000000
kubernetes-default,K8s default,89,445.000,replay/model/control-plane,0.757271,0.005474,15,1.181291,0.000000,0.363170,0.686729,,,115.219645,149.500000,0.770700,0.000000
cga,CGA,89,445.000,replay/model/control-plane,0.757271,0.005474,15,1.181291,0.000000,0.363170,0.686729,,,108.161196,149.500000,0.723486,0.000000
hda,HDA,89,445.000,replay/model/control-plane,0.757271,0.005474,15,1.181291,0.000000,0.363170,0.686729,,,103.317888,149.500000,0.691090,0.000000
kubernetes-default,K8s default,90,450.000,replay/model/control-plane,0.691013,0.103449,14,1.181291,0.000000,0.342400,0.624787,,,120.484123,149.500000,0.805914,0.000000
cga,CGA,90,450.000,replay/model/control-plane,0.691013,0.103449,14,1.181291,0.000000,0.342400,0.624787,,,109.727065,149.500000,0.733960,0.000000
hda,HDA,90,450.000,replay/model/control-plane,0.691013,0.103449,14,1.181291,0.000000,0.342400,0.624787,,,105.960429,149.500000,0.708765,0.000000
kubernetes-default,K8s default,91,455.000,replay/model/control-plane,0.692046,0.001493,14,1.181291,0.000000,0.342400,0.624787,,,109.503071,149.500000,0.732462,0.000000
cga,CGA,91,455.000,replay/model/control-plane,0.692046,0.001493,14,1.181291,0.000000,0.342400,0.624787,,,99.768969,149.500000,0.667351,0.000000
hda,HDA,91,455.000,replay/model/control-plane,0.692046,0.001493,14,1.181291,0.000000,0.342400,0.624787,,,99.268647,149.500000,0.664004,0.000000
kubernetes-default,K8s default,92,460.000,replay/model/control-plane,0.688364,0.005321,14,1.181291,0.000000,0.342400,0.624787,,,113.453382,149.500000,0.758886,0.000000
cga,CGA,92,460.000,replay/model/control-plane,0.688364,0.005321,14,1.181291,0.000000,0.342400,0.624787,,,104.400546,149.500000,0.698331,0.000000
hda,HDA,92,460.000,replay/model/control-plane,0.688364,0.005321,14,1.181291,0.000000,0.342400,0.624787,,,105.485969,149.500000,0.705592,0.000000
kubernetes-default,K8s default,93,465.000,replay/model/control-plane,0.740904,0.087157,15,1.181291,0.000000,0.363170,0.686729,,,120.173754,149.500000,0.803838,0.000000
cga,CGA,93,465.000,replay/model/control-plane,0.740904,0.087157,15,1.181291,0.000000,0.363170,0.686729,,,111.860899,149.500000,0.748233,0.000000
hda,HDA,93,465.000,replay/model/control-plane,0.740904,0.087157,15,1.181291,0.000000,0.363170,0.686729,,,109.362118,149.500000,0.731519,0.000000
kubernetes-default,K8s default,94,470.000,replay/model/control-plane,0.731604,0.029815,14,1.181291,0.000000,0.342400,0.624787,,,113.336070,149.500000,0.758101,0.000000
cga,CGA,94,470.000,replay/model/control-plane,0.731604,0.029815,14,1.181291,0.000000,0.342400,0.624787,,,107.237261,149.500000,0.717306,0.000000
hda,HDA,94,470.000,replay/model/control-plane,0.731604,0.029815,14,1.181291,0.000000,0.342400,0.624787,,,101.367783,149.500000,0.678045,0.000000
kubernetes-default,K8s default,95,475.000,replay/model/control-plane,0.753655,0.046229,15,1.181291,0.000000,0.363170,0.686729,,,114.677463,149.500000,0.767073,0.000000
cga,CGA,95,475.000,replay/model/control-plane,0.753655,0.046229,15,1.181291,0.000000,0.363170,0.686729,,,113.096202,149.500000,0.756496,0.000000
hda,HDA,95,475.000,replay/model/control-plane,0.753655,0.046229,15,1.181291,0.000000,0.363170,0.686729,,,107.603112,149.500000,0.719753,0.000000
kubernetes-default,K8s default,96,480.000,replay/model/control-plane,0.727233,0.051928,14,1.181291,0.000000,0.342400,0.624787,,,115.777033,149.500000,0.774428,0.000000
cga,CGA,96,480.000,replay/model/control-plane,0.727233,0.051928,14,1.181291,0.000000,0.342400,0.624787,,,105.458888,149.500000,0.705411,0.000000
hda,HDA,96,480.000,replay/model/control-plane,0.727233,0.051928,14,1.181291,0.000000,0.342400,0.624787,,,108.094555,149.500000,0.723041,0.000000
kubernetes-default,K8s default,97,485.000,replay/model/control-plane,0.670212,0.096447,13,1.181291,0.000000,0.319140,0.567939,,,113.307171,149.500000,0.757907,0.000000
cga,CGA,97,485.000,replay/model/control-plane,0.670212,0.096447,13,1.181291,0.000000,0.319140,0.567939,,,111.037361,149.500000,0.742725,0.000000
hda,HDA,97,485.000,replay/model/control-plane,0.670212,0.096447,13,1.181291,0.000000,0.319140,0.567939,,,99.892674,149.500000,0.668178,0.000000
kubernetes-default,K8s default,98,490.000,replay/model/control-plane,0.715667,0.081845,14,1.181291,0.000000,0.342400,0.624787,,,120.059088,149.500000,0.803071,0.000000
cga,CGA,98,490.000,replay/model/control-plane,0.715667,0.081845,14,1.181291,0.000000,0.342400,0.624787,,,113.895245,149.500000,0.761841,0.000000
hda,HDA,98,490.000,replay/model/control-plane,0.715667,0.081845,14,1.181291,0.000000,0.342400,0.624787,,,103.646219,149.500000,0.693286,0.000000
kubernetes-default,K8s default,99,495.000,replay/model/control-plane,0.732131,0.022487,14,1.181291,0.000000,0.342400,0.624787,,,110.347623,149.500000,0.738111,0.000000
cga,CGA,99,495.000,replay/model/control-plane,0.732131,0.022487,14,1.181291,0.000000,0.342400,0.624787,,,112.368682,149.500000,0.751630,0.000000
hda,HDA,99,495.000,replay/model/control-plane,0.732131,0.022487,14,1.181291,0.000000,0.342400,0.624787,,,105.581844,149.500000,0.706233,0.000000
kubernetes-default,K8s default,100,500.000,replay/model/control-plane,0.663142,0.111959,13,1.181291,0.000000,0.319140,0.567939,,,111.628408,149.500000,0.746678,0.000000
cga,CGA,100,500.000,replay/model/control-plane,0.663142,0.111959,13,1.181291,0.000000,0.319140,0.567939,,,110.816672,149.500000,0.741249,0.000000
hda,HDA,100,500.000,replay/model/control-plane,0.663142,0.111959,13,1.181291,0.000000,0.319140,0.567939,,,103.880627,149.500000,0.694854,0.000000
kubernetes-default,K8s default,101,505.000,replay/model/control-plane,0.624175,0.058760,13,1.181291,0.000000,0.319140,0.567939,,,108.811480,149.500000,0.727836,0.000000
cga,CGA,101,505.000,replay/model/control-plane,0.624175,0.058760,13,1.181291,0.000000,0.319140,0.567939,,,103.064374,149.500000,0.689394,0.000000
hda,HDA,101,505.000,replay/model/control-plane,0.624175,0.058760,13,1.181291,0.000000,0.319140,0.567939,,,99.362059,149.500000,0.664629,0.000000
kubernetes-default,K8s default,102,510.000,replay/model/control-plane,0.655505,0.047795,13,1.181291,0.000000,0.319140,0.567939,,,112.104984,149.500000,0.749866,0.000000
cga,CGA,102,510.000,replay/model/control-plane,0.655505,0.047795,13,1.181291,0.000000,0.319140,0.567939,,,103.454179,149.500000,0.692001,0.000000
hda,HDA,102,510.000,replay/model/control-plane,0.655505,0.047795,13,1.181291,0.000000,0.319140,0.567939,,,100.041630,149.500000,0.669175,0.000000
kubernetes-default,K8s default,103,515.000,replay/model/control-plane,0.641318,0.021643,13,1.181291,0.000000,0.319140,0.567939,,,114.625278,149.500000,0.766724,0.000000
cga,CGA,103,515.000,replay/model/control-plane,0.641318,0.021643,13,1.181291,0.000000,0.319140,0.567939,,,104.218371,149.500000,0.697113,0.000000
hda,HDA,103,515.000,replay/model/control-plane,0.641318,0.021643,13,1.181291,0.000000,0.319140,0.567939,,,98.990033,149.500000,0.662141,0.000000
kubernetes-default,K8s default,104,520.000,replay/model/control-plane,0.625912,0.024023,13,1.181291,0.000000,0.319140,0.567939,,,110.464158,149.500000,0.738891,0.000000
cga,CGA,104,520.000,replay/model/control-plane,0.625912,0.024023,13,1.181291,0.000000,0.319140,0.567939,,,105.053649,149.500000,0.702700,0.000000
hda,HDA,104,520.000,replay/model/control-plane,0.625912,0.024023,13,1.181291,0.000000,0.319140,0.567939,,,99.685022,149.500000,0.666789,0.000000
kubernetes-default,K8s default,105,525.000,replay/model/control-plane,0.608204,0.028292,13,1.181291,0.000000,0.319140,0.567939,,,112.179605,149.500000,0.750365,0.000000
cga,CGA,105,525.000,replay/model/control-plane,0.608204,0.028292,13,1.181291,0.000000,0.319140,0.567939,,,100.340489,149.500000,0.671174,0.000000
hda,HDA,105,525.000,replay/model/control-plane,0.608204,0.028292,13,1.181291,0.000000,0.319140,0.567939,,,99.131158,149.500000,0.663085,0.000000
kubernetes-default,K8s default,106,530.000,replay/model/control-plane,0.611738,0.005777,13,1.181291,0.000000,0.319140,0.567939,,,111.985526,149.500000,0.749067,0.000000
cga,CGA,106,530.000,replay/model/control-plane,0.611738,0.005777,13,1.181291,0.000000,0.319140,0.567939,,,102.709585,149.500000,0.687021,0.000000
hda,HDA,106,530.000,replay/model/control-plane,0.611738,0.005777,13,1.181291,0.000000,0.319140,0.567939,,,93.800526,149.500000,0.627428,0.000000
kubernetes-default,K8s default,107,535.000,replay/model/control-plane,0.681498,0.119933,14,1.181291,0.000000,0.342400,0.624787,,,115.252895,149.500000,0.770922,0.000000
cga,CGA,107,535.000,replay/model/control-plane,0.681498,0.119933,14,1.181291,0.000000,0.342400,0.624787,,,111.053761,149.500000,0.742835,0.000000
hda,HDA,107,535.000,replay/model/control-plane,0.681498,0.119933,14,1.181291,0.000000,0.342400,0.624787,,,102.086060,149.500000,0.682850,0.000000
kubernetes-default,K8s default,108,540.000,replay/model/control-plane,0.595878,0.142750,13,1.181291,0.000000,0.319140,0.567939,,,116.789458,149.500000,0.781200,0.000000
cga,CGA,108,540.000,replay/model/control-plane,0.595878,0.142750,13,1.181291,0.000000,0.319140,0.567939,,,105.410056,149.500000,0.705084,0.000000
hda,HDA,108,540.000,replay/model/control-plane,0.595878,0.142750,13,1.181291,0.000000,0.319140,0.567939,,,102.416758,149.500000,0.685062,0.000000
kubernetes-default,K8s default,109,545.000,replay/model/control-plane,0.648350,0.080932,13,1.181291,0.000000,0.319140,0.567939,,,111.162247,149.500000,0.743560,0.000000
cga,CGA,109,545.000,replay/model/control-plane,0.648350,0.080932,13,1.181291,0.000000,0.319140,0.567939,,,112.186901,149.500000,0.750414,0.000000
hda,HDA,109,545.000,replay/model/control-plane,0.648350,0.080932,13,1.181291,0.000000,0.319140,0.567939,,,102.917628,149.500000,0.688412,0.000000
kubernetes-default,K8s default,110,550.000,replay/model/control-plane,0.603863,0.068617,13,1.181291,0.000000,0.319140,0.567939,,,113.255400,149.500000,0.757561,0.000000
cga,CGA,110,550.000,replay/model/control-plane,0.603863,0.068617,13,1.181291,0.000000,0.319140,0.567939,,,103.044651,149.500000,0.689262,0.000000
hda,HDA,110,550.000,replay/model/control-plane,0.603863,0.068617,13,1.181291,0.000000,0.319140,0.567939,,,100.266899,149.500000,0.670682,0.000000
kubernetes-default,K8s default,111,555.000,replay/model/control-plane,0.598985,0.008078,13,1.181291,0.000000,0.319140,0.567939,,,112.855376,149.500000,0.754885,0.000000
cga,CGA,111,555.000,replay/model/control-plane,0.598985,0.008078,13,1.181291,0.000000,0.319140,0.567939,,,100.476534,149.500000,0.672084,0.000000
hda,HDA,111,555.000,replay/model/control-plane,0.598985,0.008078,13,1.181291,0.000000,0.319140,0.567939,,,97.049252,149.500000,0.649159,0.000000
kubernetes-default,K8s default,112,560.000,replay/model/control-plane,0.658355,0.090180,13,1.181291,0.000000,0.319140,0.567939,,,115.495890,149.500000,0.772548,0.000000
cga,CGA,112,560.000,replay/model/control-plane,0.658355,0.090180,13,1.181291,0.000000,0.319140,0.567939,,,109.038636,149.500000,0.729355,0.000000
hda,HDA,112,560.000,replay/model/control-plane,0.658355,0.090180,13,1.181291,0.000000,0.319140,0.567939,,,99.613360,149.500000,0.666310,0.000000
kubernetes-default,K8s default,113,565.000,replay/model/control-plane,0.602975,0.084118,13,1.181291,0.000000,0.319140,0.567939,,,113.422852,149.500000,0.758681,0.000000
cga,CGA,113,565.000,replay/model/control-plane,0.602975,0.084118,13,1.181291,0.000000,0.319140,0.567939,,,104.772094,149.500000,0.700817,0.000000
hda,HDA,113,565.000,replay/model/control-plane,0.602975,0.084118,13,1.181291,0.000000,0.319140,0.567939,,,105.936389,149.500000,0.708605,0.000000
kubernetes-default,K8s default,114,570.000,replay/model/control-plane,0.588499,0.024007,13,1.181291,0.000000,0.319140,0.567939,,,107.780665,149.500000,0.720941,0.000000
cga,CGA,114,570.000,replay/model/control-plane,0.588499,0.024007,13,1.181291,0.000000,0.319140,0.567939,,,102.026077,149.500000,0.682449,0.000000
hda,HDA,114,570.000,replay/model/control-plane,0.588499,0.024007,13,1.181291,0.000000,0.319140,0.567939,,,96.735745,149.500000,0.647062,0.000000
kubernetes-default,K8s default,115,575.000,replay/model/control-plane,0.612814,0.039677,13,1.181291,0.000000,0.319140,0.567939,,,109.594889,149.500000,0.733076,0.000000
cga,CGA,115,575.000,replay/model/control-plane,0.612814,0.039677,13,1.181291,0.000000,0.319140,0.567939,,,101.424828,149.500000,0.678427,0.000000
hda,HDA,115,575.000,replay/model/control-plane,0.612814,0.039677,13,1.181291,0.000000,0.319140,0.567939,,,96.258193,149.500000,0.643868,0.000000
kubernetes-default,K8s default,116,580.000,replay/model/control-plane,0.634234,0.033773,13,1.181291,0.000000,0.319140,0.567939,,,109.699135,149.500000,0.733773,0.000000
cga,CGA,116,580.000,replay/model/control-plane,0.634234,0.033773,13,1.181291,0.000000,0.319140,0.567939,,,106.099868,149.500000,0.709698,0.000000
hda,HDA,116,580.000,replay/model/control-plane,0.634234,0.033773,13,1.181291,0.000000,0.319140,0.567939,,,97.744823,149.500000,0.653812,0.000000
kubernetes-default,K8s default,117,585.000,replay/model/control-plane,0.614793,0.030652,13,1.181291,0.000000,0.319140,0.567939,,,106.542136,149.500000,0.712656,0.000000
cga,CGA,117,585.000,replay/model/control-plane,0.614793,0.030652,13,1.181291,0.000000,0.319140,0.567939,,,95.764959,149.500000,0.640568,0.000000
hda,HDA,117,585.000,replay/model/control-plane,0.614793,0.030652,13,1.181291,0.000000,0.319140,0.567939,,,98.461871,149.500000,0.658608,0.000000
kubernetes-default,K8s default,118,590.000,replay/model/control-plane,0.646146,0.048523,13,1.181291,0.000000,0.319140,0.567939,,,113.357520,149.500000,0.758244,0.000000
cga,CGA,118,590.000,replay/model/control-plane,0.646146,0.048523,13,1.181291,0.000000,0.319140,0.567939,,,105.435055,149.500000,0.705251,0.000000
hda,HDA,118,590.000,replay/model/control-plane,0.646146,0.048523,13,1.181291,0.000000,0.319140,0.567939,,,100.944940,149.500000,0.675217,0.000000
kubernetes-default,K8s default,119,595.000,replay/model/control-plane,0.598340,0.073986,13,1.181291,0.000000,0.319140,0.567939,,,110.668302,149.500000,0.740256,0.000000
cga,CGA,119,595.000,replay/model/control-plane,0.598340,0.073986,13,1.181291,0.000000,0.319140,0.567939,,,102.611418,149.500000,0.686364,0.000000
hda,HDA,119,595.000,replay/model/control-plane,0.598340,0.073986,13,1.181291,0.000000,0.319140,0.567939,,,98.808097,149.500000,0.660924,0.000000
kubernetes-default,K8s default,120,600.000,replay/model/control-plane,0.608840,0.017245,13,1.181291,0.000000,0.319140,0.567939,,,109.933918,149.500000,0.735344,0.000000
cga,CGA,120,600.000,replay/model/control-plane,0.608840,0.017245,13,1.181291,0.000000,0.319140,0.567939,,,105.748594,149.500000,0.707348,0.000000
hda,HDA,120,600.000,replay/model/control-plane,0.608840,0.017245,13,1.181291,0.000000,0.319140,0.567939,,,94.906993,149.500000,0.634829,0.000000
kubernetes-default,K8s default,121,605.000,replay/model/control-plane,0.626592,0.028331,13,1.181291,0.000000,0.319140,0.567939,,,109.955273,149.500000,0.735487,0.000000
cga,CGA,121,605.000,replay/model/control-plane,0.626592,0.028331,13,1.181291,0.000000,0.319140,0.567939,,,103.481979,149.500000,0.692187,0.000000
hda,HDA,121,605.000,replay/model/control-plane,0.626592,0.028331,13,1.181291,0.000000,0.319140,0.567939,,,96.393896,149.500000,0.644775,0.000000
kubernetes-default,K8s default,122,610.000,replay/model/control-plane,0.599695,0.042926,13,1.181291,0.000000,0.319140,0.567939,,,109.994402,149.500000,0.735749,0.000000
cga,CGA,122,610.000,replay/model/control-plane,0.599695,0.042926,13,1.181291,0.000000,0.319140,0.567939,,,98.644083,149.500000,0.659827,0.000000
hda,HDA,122,610.000,replay/model/control-plane,0.599695,0.042926,13,1.181291,0.000000,0.319140,0.567939,,,97.266955,149.500000,0.650615,0.000000
kubernetes-default,K8s default,123,615.000,replay/model/control-plane,0.624113,0.039126,13,1.181291,0.000000,0.319140,0.567939,,,109.513335,149.500000,0.732531,0.000000
cga,CGA,123,615.000,replay/model/control-plane,0.624113,0.039126,13,1.181291,0.000000,0.319140,0.567939,,,105.657253,149.500000,0.706737,0.000000
hda,HDA,123,615.000,replay/model/control-plane,0.624113,0.039126,13,1.181291,0.000000,0.319140,0.567939,,,101.382528,149.500000,0.678144,0.000000
kubernetes-default,K8s default,124,620.000,replay/model/control-plane,0.598189,0.041538,13,1.181291,0.000000,0.319140,0.567939,,,105.991504,149.500000,0.708973,0.000000
cga,CGA,124,620.000,replay/model/control-plane,0.598189,0.041538,13,1.181291,0.000000,0.319140,0.567939,,,103.542352,149.500000,0.692591,0.000000
hda,HDA,124,620.000,replay/model/control-plane,0.598189,0.041538,13,1.181291,0.000000,0.319140,0.567939,,,99.487338,149.500000,0.665467,0.000000
kubernetes-default,K8s default,125,625.000,replay/model/control-plane,0.564165,0.056878,13,1.181291,0.000000,0.319140,0.567939,,,111.475028,149.500000,0.745652,0.000000
cga,CGA,125,625.000,replay/model/control-plane,0.564165,0.056878,13,1.181291,0.000000,0.319140,0.567939,,,101.085256,149.500000,0.676156,0.000000
hda,HDA,125,625.000,replay/model/control-plane,0.564165,0.056878,13,1.181291,0.000000,0.319140,0.567939,,,95.063882,149.500000,0.635879,0.000000
kubernetes-default,K8s default,126,630.000,replay/model/control-plane,0.562668,0.002653,13,1.181291,0.000000,0.319140,0.567939,,,103.875111,149.500000,0.694817,0.000000
cga,CGA,126,630.000,replay/model/control-plane,0.562668,0.002653,13,1.181291,0.000000,0.319140,0.567939,,,97.378289,149.500000,0.651360,0.000000
hda,HDA,126,630.000,replay/model/control-plane,0.562668,0.002653,13,1.181291,0.000000,0.319140,0.567939,,,98.662216,149.500000,0.659948,0.000000
kubernetes-default,K8s default,127,635.000,replay/model/control-plane,0.628368,0.104556,13,1.181291,0.000000,0.319140,0.567939,,,114.676650,149.500000,0.767068,0.000000
cga,CGA,127,635.000,replay/model/control-plane,0.628368,0.104556,13,1.181291,0.000000,0.319140,0.567939,,,108.828113,149.500000,0.727947,0.000000
hda,HDA,127,635.000,replay/model/control-plane,0.628368,0.104556,13,1.181291,0.000000,0.319140,0.567939,,,101.261721,149.500000,0.677336,0.000000
kubernetes-default,K8s default,128,640.000,replay/model/control-plane,0.624493,0.006166,13,1.181291,0.000000,0.319140,0.567939,,,111.244419,149.500000,0.744110,0.000000
cga,CGA,128,640.000,replay/model/control-plane,0.624493,0.006166,13,1.181291,0.000000,0.319140,0.567939,,,100.717809,149.500000,0.673698,0.000000
hda,HDA,128,640.000,replay/model/control-plane,0.624493,0.006166,13,1.181291,0.000000,0.319140,0.567939,,,102.558541,149.500000,0.686010,0.000000
kubernetes-default,K8s default,129,645.000,replay/model/control-plane,0.644454,0.030973,13,1.181291,0.000000,0.319140,0.567939,,,108.751662,149.500000,0.727436,0.000000
cga,CGA,129,645.000,replay/model/control-plane,0.644454,0.030973,13,1.181291,0.000000,0.319140,0.567939,,,104.545980,149.500000,0.699304,0.000000
hda,HDA,129,645.000,replay/model/control-plane,0.644454,0.030973,13,1.181291,0.000000,0.319140,0.567939,,,102.771783,149.500000,0.687437,0.000000
kubernetes-default,K8s default,130,650.000,replay/model/control-plane,0.619578,0.038600,13,1.181291,0.000000,0.319140,0.567939,,,108.512078,149.500000,0.725833,0.000000
cga,CGA,130,650.000,replay/model/control-plane,0.619578,0.038600,13,1.181291,0.000000,0.319140,0.567939,,,102.938870,149.500000,0.688554,0.000000
hda,HDA,130,650.000,replay/model/control-plane,0.619578,0.038600,13,1.181291,0.000000,0.319140,0.567939,,,94.285344,149.500000,0.630671,0.000000
kubernetes-default,K8s default,131,655.000,replay/model/control-plane,0.609143,0.016842,13,1.181291,0.000000,0.319140,0.567939,,,109.344221,149.500000,0.731399,0.000000
cga,CGA,131,655.000,replay/model/control-plane,0.609143,0.016842,13,1.181291,0.000000,0.319140,0.567939,,,99.086664,149.500000,0.662787,0.000000
hda,HDA,131,655.000,replay/model/control-plane,0.609143,0.016842,13,1.181291,0.000000,0.319140,0.567939,,,98.560081,149.500000,0.659265,0.000000
kubernetes-default,K8s default,132,660.000,replay/model/control-plane,0.568605,0.817158,9,1.181291,1.000000,0.399455,1.018287,,,127.951472,133.000000,0.962041,0.000000
cga,CGA,132,660.000,replay/model/control-plane,0.568605,0.817158,9,1.181291,1.000000,0.399455,1.018287,,,116.362661,133.000000,0.874907,0.000000
hda,HDA,132,660.000,replay/model/control-plane,0.568605,0.817158,9,1.181291,1.000000,0.399455,1.018287,,,111.507449,133.000000,0.838402,0.000000
kubernetes-default,K8s default,133,665.000,replay/model/control-plane,0.638335,0.170319,11,1.181291,0.000000,0.417662,1.300352,,,99.107169,133.000000,0.745167,0.000000
cga,CGA,133,665.000,replay/model/control-plane,0.638335,0.170319,11,1.181291,0.000000,0.417662,1.300352,,,85.616553,133.000000,0.643733,0.000000
hda,HDA,133,665.000,replay/model/control-plane,0.638335,0.170319,11,1.181291,0.000000,0.417662,1.300352,,,89.557068,133.000000,0.673361,0.000000
kubernetes-default,K8s default,134,670.000,replay/model/control-plane,0.566151,0.173898,9,1.181291,0.000000,0.399455,1.018287,,,92.337259,133.000000,0.694265,0.000000
cga,CGA,134,670.000,replay/model/control-plane,0.566151,0.173898,9,1.181291,0.000000,0.399455,1.018287,,,88.306554,133.000000,0.663959,0.000000
hda,HDA,134,670.000,replay/model/control-plane,0.566151,0.173898,9,1.181291,0.000000,0.399455,1.018287,,,85.592870,133.000000,0.643555,0.000000
kubernetes-default,K8s default,135,675.000,replay/model/control-plane,0.598219,0.053605,9,1.181291,0.000000,0.399455,1.018287,,,89.691840,133.000000,0.674375,0.000000
cga,CGA,135,675.000,replay/model/control-plane,0.598219,0.053605,9,1.181291,0.000000,0.399455,1.018287,,,84.452045,133.000000,0.634978,0.000000
hda,HDA,135,675.000,replay/model/control-plane,0.598219,0.053605,9,1.181291,0.000000,0.399455,1.018287,,,80.053750,133.000000,0.601908,0.000000
kubernetes-default,K8s default,136,680.000,replay/model/control-plane,0.571467,0.044719,9,1.181291,0.000000,0.399455,1.018287,,,91.448647,133.000000,0.687584,0.000000
cga,CGA,136,680.000,replay/model/control-plane,0.571467,0.044719,9,1.181291,0.000000,0.399455,1.018287,,,84.972277,133.000000,0.638889,0.000000
hda,HDA,136,680.000,replay/model/control-plane,0.571467,0.044719,9,1.181291,0.000000,0.399455,1.018287,,,80.646944,133.000000,0.606368,0.000000
kubernetes-default,K8s default,137,685.000,replay/model/control-plane,0.597357,0.043340,9,1.181291,0.000000,0.399455,1.018287,,,91.476236,133.000000,0.687791,0.000000
cga,CGA,137,685.000,replay/model/control-plane,0.597357,0.043340,9,1.181291,0.000000,0.399455,1.018287,,,86.223214,133.000000,0.648295,0.000000
hda,HDA,137,685.000,replay/model/control-plane,0.597357,0.043340,9,1.181291,0.000000,0.399455,1.018287,,,82.896980,133.000000,0.623286,0.000000
kubernetes-default,K8s default,138,690.000,replay/model/control-plane,0.592097,0.008806,9,1.181291,0.000000,0.399455,1.018287,,,86.886145,133.000000,0.653279,0.000000
cga,CGA,138,690.000,replay/model/control-plane,0.592097,0.008806,9,1.181291,0.000000,0.399455,1.018287,,,83.761252,133.000000,0.629784,0.000000
hda,HDA,138,690.000,replay/model/control-plane,0.592097,0.008806,9,1.181291,0.000000,0.399455,1.018287,,,81.889868,133.000000,0.615713,0.000000
kubernetes-default,K8s default,139,695.000,replay/model/control-plane,0.606225,0.023306,9,1.181291,0.000000,0.399455,1.018287,,,90.881449,133.000000,0.683319,0.000000
cga,CGA,139,695.000,replay/model/control-plane,0.606225,0.023306,9,1.181291,0.000000,0.399455,1.018287,,,85.848084,133.000000,0.645474,0.000000
hda,HDA,139,695.000,replay/model/control-plane,0.606225,0.023306,9,1.181291,0.000000,0.399455,1.018287,,,83.381018,133.000000,0.626925,0.000000
kubernetes-default,K8s default,140,700.000,replay/model/control-plane,0.637283,0.113964,11,1.181291,0.000000,0.417662,1.300352,,,93.480892,133.000000,0.702864,0.000000
cga,CGA,140,700.000,replay/model/control-plane,0.637283,0.113964,11,1.181291,0.000000,0.417662,1.300352,,,86.537146,133.000000,0.650655,0.000000
hda,HDA,140,700.000,replay/model/control-plane,0.637283,0.113964,11,1.181291,0.000000,0.417662,1.300352,,,85.628168,133.000000,0.643821,0.000000
kubernetes-default,K8s default,141,705.000,replay/model/control-plane,0.623031,0.022364,11,1.181291,0.000000,0.417662,1.300352,,,87.842369,133.000000,0.660469,0.000000
cga,CGA,141,705.000,replay/model/control-plane,0.623031,0.022364,11,1.181291,0.000000,0.417662,1.300352,,,89.046994,133.000000,0.669526,0.000000
hda,HDA,141,705.000,replay/model/control-plane,0.623031,0.022364,11,1.181291,0.000000,0.417662,1.300352,,,77.622472,133.000000,0.583628,0.000000
kubernetes-default,K8s default,142,710.000,replay/model/control-plane,0.596050,0.108908,9,1.181291,0.000000,0.399455,1.018287,,,93.117938,133.000000,0.700135,0.000000
cga,CGA,142,710.000,replay/model/control-plane,0.596050,0.108908,9,1.181291,0.000000,0.399455,1.018287,,,88.606875,133.000000,0.666217,0.000000
hda,HDA,142,710.000,replay/model/control-plane,0.596050,0.108908,9,1.181291,0.000000,0.399455,1.018287,,,84.222130,133.000000,0.633249,0.000000
kubernetes-default,K8s default,143,715.000,replay/model/control-plane,0.652753,0.149483,11,1.181291,0.000000,0.417662,1.300352,,,95.626370,133.000000,0.718995,0.000000
cga,CGA,143,715.000,replay/model/control-plane,0.652753,0.149483,11,1.181291,0.000000,0.417662,1.300352,,,92.717954,133.000000,0.697127,0.000000
hda,HDA,143,715.000,replay/model/control-plane,0.652753,0.149483,11,1.181291,0.000000,0.417662,1.300352,,,86.205635,133.000000,0.648163,0.000000
kubernetes-default,K8s default,144,720.000,replay/model/control-plane,0.651669,0.001661,11,1.181291,0.000000,0.417662,1.300352,,,91.566296,133.000000,0.688468,0.000000
cga,CGA,144,720.000,replay/model/control-plane,0.651669,0.001661,11,1.181291,0.000000,0.417662,1.300352,,,81.687190,133.000000,0.614189,0.000000
hda,HDA,144,720.000,replay/model/control-plane,0.651669,0.001661,11,1.181291,0.000000,0.417662,1.300352,,,87.137129,133.000000,0.655166,0.000000
kubernetes-default,K8s default,145,725.000,replay/model/control-plane,0.664357,0.019099,11,1.181291,0.000000,0.417662,1.300352,,,90.139940,133.000000,0.677744,0.000000
cga,CGA,145,725.000,replay/model/control-plane,0.664357,0.019099,11,1.181291,0.000000,0.417662,1.300352,,,90.011106,133.000000,0.676775,0.000000
hda,HDA,145,725.000,replay/model/control-plane,0.664357,0.019099,11,1.181291,0.000000,0.417662,1.300352,,,87.294365,133.000000,0.656349,0.000000
kubernetes-default,K8s default,146,730.000,replay/model/control-plane,0.588596,0.174789,9,1.181291,0.000000,0.399455,1.018287,,,96.682789,133.000000,0.726938,0.000000
cga,CGA,146,730.000,replay/model/control-plane,0.588596,0.174789,9,1.181291,0.000000,0.399455,1.018287,,,89.824185,133.000000,0.675370,0.000000
hda,HDA,146,730.000,replay/model/control-plane,0.588596,0.174789,9,1.181291,0.000000,0.399455,1.018287,,,86.281099,133.000000,0.648730,0.000000
kubernetes-default,K8s default,147,735.000,replay/model/control-plane,0.650615,0.157359,11,1.181291,0.000000,0.417662,1.300352,,,98.743514,133.000000,0.742432,0.000000
cga,CGA,147,735.000,replay/model/control-plane,0.650615,0.157359,11,1.181291,0.000000,0.417662,1.300352,,,89.330421,133.000000,0.671657,0.000000
hda,HDA,147,735.000,replay/model/control-plane,0.650615,0.157359,11,1.181291,0.000000,0.417662,1.300352,,,90.775620,133.000000,0.682523,0.000000
kubernetes-default,K8s default,148,740.000,replay/model/control-plane,0.682707,0.047007,11,1.181291,0.000000,0.417662,1.300352,,,93.461973,133.000000,0.702722,0.000000
cga,CGA,148,740.000,replay/model/control-plane,0.682707,0.047007,11,1.181291,0.000000,0.417662,1.300352,,,92.713204,133.000000,0.697092,0.000000
hda,HDA,148,740.000,replay/model/control-plane,0.682707,0.047007,11,1.181291,0.000000,0.417662,1.300352,,,82.665456,133.000000,0.621545,0.000000
kubernetes-default,K8s default,149,745.000,replay/model/control-plane,0.623249,0.087091,11,1.181291,0.000000,0.417662,1.300352,,,91.736321,133.000000,0.689747,0.000000
cga,CGA,149,745.000,replay/model/control-plane,0.623249,0.087091,11,1.181291,0.000000,0.417662,1.300352,,,86.128408,133.000000,0.647582,0.000000
hda,HDA,149,745.000,replay/model/control-plane,0.623249,0.087091,11,1.181291,0.000000,0.417662,1.300352,,,87.071390,133.000000,0.654672,0.000000
kubernetes-default,K8s default,150,750.000,replay/model/control-plane,0.621950,0.002084,11,1.181291,0.000000,0.417662,1.300352,,,83.887377,133.000000,0.630732,0.000000
cga,CGA,150,750.000,replay/model/control-plane,0.621950,0.002084,11,1.181291,0.000000,0.417662,1.300352,,,85.147133,133.000000,0.640204,0.000000
hda,HDA,150,750.000,replay/model/control-plane,0.621950,0.002084,11,1.181291,0.000000,0.417662,1.300352,,,78.839512,133.000000,0.592778,0.000000
kubernetes-default,K8s default,151,755.000,replay/model/control-plane,0.687657,0.095551,11,1.181291,0.000000,0.417662,1.300352,,,96.699722,133.000000,0.727066,0.000000
cga,CGA,151,755.000,replay/model/control-plane,0.687657,0.095551,11,1.181291,0.000000,0.417662,1.300352,,,91.476326,133.000000,0.687792,0.000000
hda,HDA,151,755.000,replay/model/control-plane,0.687657,0.095551,11,1.181291,0.000000,0.417662,1.300352,,,82.523205,133.000000,0.620475,0.000000
kubernetes-default,K8s default,152,760.000,replay/model/control-plane,0.647354,0.058608,11,1.181291,0.000000,0.417662,1.300352,,,95.276326,133.000000,0.716363,0.000000
cga,CGA,152,760.000,replay/model/control-plane,0.647354,0.058608,11,1.181291,0.000000,0.417662,1.300352,,,86.260163,133.000000,0.648573,0.000000
hda,HDA,152,760.000,replay/model/control-plane,0.647354,0.058608,11,1.181291,0.000000,0.417662,1.300352,,,80.090965,133.000000,0.602188,0.000000
kubernetes-default,K8s default,153,765.000,replay/model/control-plane,0.655948,0.013101,11,1.181291,0.000000,0.417662,1.300352,,,91.274525,133.000000,0.686275,0.000000
cga,CGA,153,765.000,replay/model/control-plane,0.655948,0.013101,11,1.181291,0.000000,0.417662,1.300352,,,87.775183,133.000000,0.659964,0.000000
hda,HDA,153,765.000,replay/model/control-plane,0.655948,0.013101,11,1.181291,0.000000,0.417662,1.300352,,,84.921614,133.000000,0.638508,0.000000
kubernetes-default,K8s default,154,770.000,replay/model/control-plane,0.702588,0.066384,11,1.181291,0.000000,0.417662,1.300352,,,99.250465,133.000000,0.746244,0.000000
cga,CGA,154,770.000,replay/model/control-plane,0.702588,0.066384,11,1.181291,0.000000,0.417662,1.300352,,,91.341832,133.000000,0.686781,0.000000
hda,HDA,154,770.000,replay/model/control-plane,0.702588,0.066384,11,1.181291,0.000000,0.417662,1.300352,,,83.376874,133.000000,0.626894,0.000000
kubernetes-default,K8s default,155,775.000,replay/model/control-plane,0.664393,0.054364,11,1.181291,0.000000,0.417662,1.300352,,,90.751378,133.000000,0.682341,0.000000
cga,CGA,155,775.000,replay/model/control-plane,0.664393,0.054364,11,1.181291,0.000000,0.417662,1.300352,,,91.827764,133.000000,0.690434,0.000000
hda,HDA,155,775.000,replay/model/control-plane,0.664393,0.054364,11,1.181291,0.000000,0.417662,1.300352,,,88.106989,133.000000,0.662459,0.000000
kubernetes-default,K8s default,156,780.000,replay/model/control-plane,0.651117,0.019982,11,1.181291,0.000000,0.417662,1.300352,,,96.904090,133.000000,0.728602,0.000000
cga,CGA,156,780.000,replay/model/control-plane,0.651117,0.019982,11,1.181291,0.000000,0.417662,1.300352,,,89.472289,133.000000,0.672724,0.000000
hda,HDA,156,780.000,replay/model/control-plane,0.651117,0.019982,11,1.181291,0.000000,0.417662,1.300352,,,82.722784,133.000000,0.621976,0.000000
kubernetes-default,K8s default,157,785.000,replay/model/control-plane,0.658143,0.010675,11,1.181291,0.000000,0.417662,1.300352,,,91.046604,133.000000,0.684561,0.000000
cga,CGA,157,785.000,replay/model/control-plane,0.658143,0.010675,11,1.181291,0.000000,0.417662,1.300352,,,82.495413,133.000000,0.620266,0.000000
hda,HDA,157,785.000,replay/model/control-plane,0.658143,0.010675,11,1.181291,0.000000,0.417662,1.300352,,,84.056736,133.000000,0.632006,0.000000
kubernetes-default,K8s default,158,790.000,replay/model/control-plane,0.676829,0.027608,11,1.181291,0.000000,0.417662,1.300352,,,91.364103,133.000000,0.686948,0.000000
cga,CGA,158,790.000,replay/model/control-plane,0.676829,0.027608,11,1.181291,0.000000,0.417662,1.300352,,,84.636952,133.000000,0.636368,0.000000
hda,HDA,158,790.000,replay/model/control-plane,0.676829,0.027608,11,1.181291,0.000000,0.417662,1.300352,,,83.488963,133.000000,0.627737,0.000000
kubernetes-default,K8s default,159,795.000,replay/model/control-plane,0.717744,0.057005,11,1.181291,0.000000,0.417662,1.300352,,,94.753138,133.000000,0.712430,0.000000
cga,CGA,159,795.000,replay/model/control-plane,0.717744,0.057005,11,1.181291,0.000000,0.417662,1.300352,,,86.295704,133.000000,0.648840,0.000000
hda,HDA,159,795.000,replay/model/control-plane,0.717744,0.057005,11,1.181291,0.000000,0.417662,1.300352,,,90.654482,133.000000,0.681613,0.000000
kubernetes-default,K8s default,160,800.000,replay/model/control-plane,0.690592,0.037829,11,1.181291,0.000000,0.417662,1.300352,,,98.167197,133.000000,0.738099,0.000000
cga,CGA,160,800.000,replay/model/control-plane,0.690592,0.037829,11,1.181291,0.000000,0.417662,1.300352,,,84.868541,133.000000,0.638109,0.000000
hda,HDA,160,800.000,replay/model/control-plane,0.690592,0.037829,11,1.181291,0.000000,0.417662,1.300352,,,82.225469,133.000000,0.618237,0.000000
kubernetes-default,K8s default,161,805.000,replay/model/control-plane,0.736797,0.062710,11,1.181291,0.000000,0.417662,1.300352,,,100.855969,133.000000,0.758316,0.000000
cga,CGA,161,805.000,replay/model/control-plane,0.736797,0.062710,11,1.181291,0.000000,0.417662,1.300352,,,90.178312,133.000000,0.678032,0.000000
hda,HDA,161,805.000,replay/model/control-plane,0.736797,0.062710,11,1.181291,0.000000,0.417662,1.300352,,,88.599019,133.000000,0.666158,0.000000
kubernetes-default,K8s default,162,810.000,replay/model/control-plane,0.672321,0.087509,11,1.181291,0.000000,0.417662,1.300352,,,96.155657,133.000000,0.722975,0.000000
cga,CGA,162,810.000,replay/model/control-plane,0.672321,0.087509,11,1.181291,0.000000,0.417662,1.300352,,,90.105535,133.000000,0.677485,0.000000
hda,HDA,162,810.000,replay/model/control-plane,0.672321,0.087509,11,1.181291,0.000000,0.417662,1.300352,,,80.357405,133.000000,0.604191,0.000000
kubernetes-default,K8s default,163,815.000,replay/model/control-plane,0.696764,0.035081,11,1.181291,0.000000,0.417662,1.300352,,,93.084544,133.000000,0.699884,0.000000
cga,CGA,163,815.000,replay/model/control-plane,0.696764,0.035081,11,1.181291,0.000000,0.417662,1.300352,,,88.088784,133.000000,0.662322,0.000000
hda,HDA,163,815.000,replay/model/control-plane,0.696764,0.035081,11,1.181291,0.000000,0.417662,1.300352,,,85.723088,133.000000,0.644534,0.000000
kubernetes-default,K8s default,164,820.000,replay/model/control-plane,0.740586,0.059173,11,1.181291,0.000000,0.417662,1.300352,,,96.580316,133.000000,0.726168,0.000000
cga,CGA,164,820.000,replay/model/control-plane,0.740586,0.059173,11,1.181291,0.000000,0.417662,1.300352,,,89.561169,133.000000,0.673392,0.000000
hda,HDA,164,820.000,replay/model/control-plane,0.740586,0.059173,11,1.181291,0.000000,0.417662,1.300352,,,86.583680,133.000000,0.651005,0.000000
kubernetes-default,K8s default,165,825.000,replay/model/control-plane,0.732370,0.011094,11,1.181291,0.000000,0.417662,1.300352,,,94.357913,133.000000,0.709458,0.000000
cga,CGA,165,825.000,replay/model/control-plane,0.732370,0.011094,11,1.181291,0.000000,0.417662,1.300352,,,82.860519,133.000000,0.623011,0.000000
hda,HDA,165,825.000,replay/model/control-plane,0.732370,0.011094,11,1.181291,0.000000,0.417662,1.300352,,,84.600705,133.000000,0.636096,0.000000
kubernetes-default,K8s default,166,830.000,replay/model/control-plane,0.740811,0.038855,12,1.181291,0.000000,0.427778,1.417930,,,98.106947,133.000000,0.737646,0.000000
cga,CGA,166,830.000,replay/model/control-plane,0.740811,0.038855,12,1.181291,0.000000,0.427778,1.417930,,,91.150421,133.000000,0.685342,0.000000
hda,HDA,166,830.000,replay/model/control-plane,0.740811,0.038855,12,1.181291,0.000000,0.427778,1.417930,,,86.265077,133.000000,0.648610,0.000000
kubernetes-default,K8s default,167,835.000,replay/model/control-plane,0.790855,0.063278,12,1.181291,0.000000,0.427778,1.417930,,,101.159491,133.000000,0.760598,0.000000
cga,CGA,167,835.000,replay/model/control-plane,0.790855,0.063278,12,1.181291,0.000000,0.427778,1.417930,,,97.417996,133.000000,0.732466,0.000000
hda,HDA,167,835.000,replay/model/control-plane,0.790855,0.063278,12,1.181291,0.000000,0.427778,1.417930,,,83.929349,133.000000,0.631048,0.000000
kubernetes-default,K8s default,168,840.000,replay/model/control-plane,0.731606,0.100614,11,1.181291,0.000000,0.417662,1.300352,,,98.084598,133.000000,0.737478,0.000000
cga,CGA,168,840.000,replay/model/control-plane,0.731606,0.100614,11,1.181291,0.000000,0.417662,1.300352,,,93.525095,133.000000,0.703196,0.000000
hda,HDA,168,840.000,replay/model/control-plane,0.731606,0.100614,11,1.181291,0.000000,0.417662,1.300352,,,88.517861,133.000000,0.665548,0.000000
kubernetes-default,K8s default,169,845.000,replay/model/control-plane,0.728651,0.004039,11,1.181291,0.000000,0.417662,1.300352,,,95.754043,133.000000,0.719955,0.000000
cga,CGA,169,845.000,replay/model/control-plane,0.728651,0.004039,11,1.181291,0.000000,0.417662,1.300352,,,91.428796,133.000000,0.687435,0.000000
hda,HDA,169,845.000,replay/model/control-plane,0.728651,0.004039,11,1.181291,0.000000,0.417662,1.300352,,,88.998262,133.000000,0.669160,0.000000
kubernetes-default,K8s default,170,850.000,replay/model/control-plane,0.720551,0.011117,11,1.181291,0.000000,0.417662,1.300352,,,94.292419,133.000000,0.708966,0.000000
cga,CGA,170,850.000,replay/model/control-plane,0.720551,0.011117,11,1.181291,0.000000,0.417662,1.300352,,,91.011339,133.000000,0.684296,0.000000
hda,HDA,170,850.000,replay/model/control-plane,0.720551,0.011117,11,1.181291,0.000000,0.417662,1.300352,,,84.793495,133.000000,0.637545,0.000000
kubernetes-default,K8s default,171,855.000,replay/model/control-plane,0.772158,0.092756,12,1.181291,0.000000,0.427778,1.417930,,,100.613050,133.000000,0.756489,0.000000
cga,CGA,171,855.000,replay/model/control-plane,0.772158,0.092756,12,1.181291,0.000000,0.427778,1.417930,,,93.782839,133.000000,0.705134,0.000000
hda,HDA,171,855.000,replay/model/control-plane,0.772158,0.092756,12,1.181291,0.000000,0.427778,1.417930,,,88.155759,133.000000,0.662825,0.000000
kubernetes-default,K8s default,172,860.000,replay/model/control-plane,0.760405,0.015221,12,1.181291,0.000000,0.427778,1.417930,,,95.745694,133.000000,0.719892,0.000000
cga,CGA,172,860.000,replay/model/control-plane,0.760405,0.015221,12,1.181291,0.000000,0.427778,1.417930,,,95.256511,133.000000,0.716214,0.000000
hda,HDA,172,860.000,replay/model/control-plane,0.760405,0.015221,12,1.181291,0.000000,0.427778,1.417930,,,88.142918,133.000000,0.662729,0.000000
kubernetes-default,K8s default,173,865.000,replay/model/control-plane,0.784887,0.031192,12,1.181291,0.000000,0.427778,1.417930,,,103.345857,133.000000,0.777037,0.000000
cga,CGA,173,865.000,replay/model/control-plane,0.784887,0.031192,12,1.181291,0.000000,0.427778,1.417930,,,91.920977,133.000000,0.691135,0.000000
hda,HDA,173,865.000,replay/model/control-plane,0.784887,0.031192,12,1.181291,0.000000,0.427778,1.417930,,,88.359649,133.000000,0.664358,0.000000
kubernetes-default,K8s default,174,870.000,replay/model/control-plane,0.744917,0.050924,12,1.181291,0.000000,0.427778,1.417930,,,98.325023,133.000000,0.739286,0.000000
cga,CGA,174,870.000,replay/model/control-plane,0.744917,0.050924,12,1.181291,0.000000,0.427778,1.417930,,,89.426429,133.000000,0.672379,0.000000
hda,HDA,174,870.000,replay/model/control-plane,0.744917,0.050924,12,1.181291,0.000000,0.427778,1.417930,,,81.232688,133.000000,0.610772,0.000000
kubernetes-default,K8s default,175,875.000,replay/model/control-plane,0.751255,0.008437,12,1.181291,0.000000,0.427778,1.417930,,,94.738635,133.000000,0.712321,0.000000
cga,CGA,175,875.000,replay/model/control-plane,0.751255,0.008437,12,1.181291,0.000000,0.427778,1.417930,,,86.463895,133.000000,0.650104,0.000000
hda,HDA,175,875.000,replay/model/control-plane,0.751255,0.008437,12,1.181291,0.000000,0.427778,1.417930,,,84.111575,133.000000,0.632418,0.000000
kubernetes-default,K8s default,176,880.000,replay/model/control-plane,0.796098,0.056328,12,1.181291,0.000000,0.427778,1.417930,,,96.438007,133.000000,0.725098,0.000000
cga,CGA,176,880.000,replay/model/control-plane,0.796098,0.056328,12,1.181291,0.000000,0.427778,1.417930,,,87.800172,133.000000,0.660152,0.000000
hda,HDA,176,880.000,replay/model/control-plane,0.796098,0.056328,12,1.181291,0.000000,0.427778,1.417930,,,90.607553,133.000000,0.681260,0.000000
kubernetes-default,K8s default,177,885.000,replay/model/control-plane,0.840797,0.098251,14,1.181291,0.000000,0.444444,1.627496,,,108.006283,133.000000,0.812077,0.000000
cga,CGA,177,885.000,replay/model/control-plane,0.840797,0.098251,14,1.181291,0.000000,0.444444,1.627496,,,98.815900,133.000000,0.742977,0.000000
hda,HDA,177,885.000,replay/model/control-plane,0.840797,0.098251,14,1.181291,0.000000,0.444444,1.627496,,,93.286149,133.000000,0.701400,0.000000
kubernetes-default,K8s default,178,890.000,replay/model/control-plane,0.801992,0.091574,12,1.181291,0.000000,0.427778,1.417930,,,100.034284,133.000000,0.752137,0.000000
cga,CGA,178,890.000,replay/model/control-plane,0.801992,0.091574,12,1.181291,0.000000,0.427778,1.417930,,,92.067087,133.000000,0.692234,0.000000
hda,HDA,178,890.000,replay/model/control-plane,0.801992,0.091574,12,1.181291,0.000000,0.427778,1.417930,,,88.281594,133.000000,0.663771,0.000000
kubernetes-default,K8s default,179,895.000,replay/model/control-plane,0.870113,0.122180,14,1.181291,0.000000,0.444444,1.627496,,,105.702616,133.000000,0.794757,0.000000
cga,CGA,179,895.000,replay/model/control-plane,0.870113,0.122180,14,1.181291,0.000000,0.444444,1.627496,,,98.610694,133.000000,0.741434,0.000000
hda,HDA,179,895.000,replay/model/control-plane,0.870113,0.122180,14,1.181291,0.000000,0.444444,1.627496,,,96.650046,133.000000,0.726692,0.000000
kubernetes-default,K8s default,180,900.000,replay/model/control-plane,0.843696,0.030360,14,1.181291,0.000000,0.444444,1.627496,,,104.652810,133.000000,0.786863,0.000000
cga,CGA,180,900.000,replay/model/control-plane,0.843696,0.030360,14,1.181291,0.000000,0.444444,1.627496,,,93.821602,133.000000,0.705426,0.000000
hda,HDA,180,900.000,replay/model/control-plane,0.843696,0.030360,14,1.181291,0.000000,0.444444,1.627496,,,90.927200,133.000000,0.683663,0.000000
kubernetes-default,K8s default,181,905.000,replay/model/control-plane,0.832986,0.012694,14,1.181291,0.000000,0.444444,1.627496,,,99.107720,133.000000,0.745171,0.000000
cga,CGA,181,905.000,replay/model/control-plane,0.832986,0.012694,14,1.181291,0.000000,0.444444,1.627496,,,91.535192,133.000000,0.688235,0.000000
hda,HDA,181,905.000,replay/model/control-plane,0.832986,0.012694,14,1.181291,0.000000,0.444444,1.627496,,,89.027269,133.000000,0.669378,0.000000
kubernetes-default,K8s default,182,910.000,replay/model/control-plane,0.877218,0.050423,14,1.181291,0.000000,0.444444,1.627496,,,99.592282,133.000000,0.748814,0.000000
cga,CGA,182,910.000,replay/model/control-plane,0.877218,0.050423,14,1.181291,0.000000,0.444444,1.627496,,,94.985110,133.000000,0.714174,0.000000
hda,HDA,182,910.000,replay/model/control-plane,0.877218,0.050423,14,1.181291,0.000000,0.444444,1.627496,,,94.288427,133.000000,0.708936,0.000000
kubernetes-default,K8s default,183,915.000,replay/model/control-plane,0.829657,0.054219,14,1.181291,0.000000,0.444444,1.627496,,,94.511626,133.000000,0.710614,0.000000
cga,CGA,183,915.000,replay/model/control-plane,0.829657,0.054219,14,1.181291,0.000000,0.444444,1.627496,,,97.197111,133.000000,0.730805,0.000000
hda,HDA,183,915.000,replay/model/control-plane,0.829657,0.054219,14,1.181291,0.000000,0.444444,1.627496,,,88.880925,133.000000,0.668278,0.000000
kubernetes-default,K8s default,184,920.000,replay/model/control-plane,0.873654,0.050360,14,1.181291,0.000000,0.444444,1.627496,,,102.132302,133.000000,0.767912,0.000000
cga,CGA,184,920.000,replay/model/control-plane,0.873654,0.050360,14,1.181291,0.000000,0.444444,1.627496,,,96.797009,133.000000,0.727797,0.000000
hda,HDA,184,920.000,replay/model/control-plane,0.873654,0.050360,14,1.181291,0.000000,0.444444,1.627496,,,96.494467,133.000000,0.725522,0.000000
kubernetes-default,K8s default,185,925.000,replay/model/control-plane,0.904541,0.034146,14,1.181291,0.000000,0.444444,1.627496,,,105.269249,133.000000,0.791498,0.000000
cga,CGA,185,925.000,replay/model/control-plane,0.904541,0.034146,14,1.181291,0.000000,0.444444,1.627496,,,99.069470,133.000000,0.744883,0.000000
hda,HDA,185,925.000,replay/model/control-plane,0.904541,0.034146,14,1.181291,0.000000,0.444444,1.627496,,,89.890529,133.000000,0.675869,0.000000
kubernetes-default,K8s default,186,930.000,replay/model/control-plane,0.880688,0.026370,14,1.181291,0.000000,0.444444,1.627496,,,101.103426,133.000000,0.760176,0.000000
cga,CGA,186,930.000,replay/model/control-plane,0.880688,0.026370,14,1.181291,0.000000,0.444444,1.627496,,,95.736338,133.000000,0.719822,0.000000
hda,HDA,186,930.000,replay/model/control-plane,0.880688,0.026370,14,1.181291,0.000000,0.444444,1.627496,,,89.851734,133.000000,0.675577,0.000000
kubernetes-default,K8s default,187,935.000,replay/model/control-plane,0.865218,0.017565,14,1.181291,0.000000,0.444444,1.627496,,,102.800273,133.000000,0.772934,0.000000
cga,CGA,187,935.000,replay/model/control-plane,0.865218,0.017565,14,1.181291,0.000000,0.444444,1.627496,,,94.197942,133.000000,0.708255,0.000000
hda,HDA,187,935.000,replay/model/control-plane,0.865218,0.017565,14,1.181291,0.000000,0.444444,1.627496,,,91.800952,133.000000,0.690233,0.000000
kubernetes-default,K8s default,188,940.000,replay/model/control-plane,0.849433,0.018245,14,1.181291,0.000000,0.444444,1.627496,,,99.538882,133.000000,0.748413,0.000000
cga,CGA,188,940.000,replay/model/control-plane,0.849433,0.018245,14,1.181291,0.000000,0.444444,1.627496,,,99.494696,133.000000,0.748080,0.000000
hda,HDA,188,940.000,replay/model/control-plane,0.849433,0.018245,14,1.181291,0.000000,0.444444,1.627496,,,86.108307,133.000000,0.647431,0.000000
kubernetes-default,K8s default,189,945.000,replay/model/control-plane,0.903763,0.060116,14,1.181291,0.000000,0.444444,1.627496,,,106.952772,133.000000,0.804156,0.000000
cga,CGA,189,945.000,replay/model/control-plane,0.903763,0.060116,14,1.181291,0.000000,0.444444,1.627496,,,100.401980,133.000000,0.754902,0.000000
hda,HDA,189,945.000,replay/model/control-plane,0.903763,0.060116,14,1.181291,0.000000,0.444444,1.627496,,,95.276150,133.000000,0.716362,0.000000
kubernetes-default,K8s default,190,950.000,replay/model/control-plane,0.871553,0.035640,14,1.181291,0.000000,0.444444,1.627496,,,104.937137,133.000000,0.789001,0.000000
cga,CGA,190,950.000,replay/model/control-plane,0.871553,0.035640,14,1.181291,0.000000,0.444444,1.627496,,,100.580412,133.000000,0.756244,0.000000
hda,HDA,190,950.000,replay/model/control-plane,0.871553,0.035640,14,1.181291,0.000000,0.444444,1.627496,,,92.893265,133.000000,0.698446,0.000000
kubernetes-default,K8s default,191,955.000,replay/model/control-plane,0.896476,0.027801,14,1.181291,0.000000,0.444444,1.627496,,,106.855078,133.000000,0.803422,0.000000
cga,CGA,191,955.000,replay/model/control-plane,0.896476,0.027801,14,1.181291,0.000000,0.444444,1.627496,,,92.602655,133.000000,0.696261,0.000000
hda,HDA,191,955.000,replay/model/control-plane,0.896476,0.027801,14,1.181291,0.000000,0.444444,1.627496,,,88.721508,133.000000,0.667079,0.000000
kubernetes-default,K8s default,192,960.000,replay/model/control-plane,0.919674,0.025224,14,1.181291,0.000000,0.444444,1.627496,,,105.154789,133.000000,0.790638,0.000000
cga,CGA,192,960.000,replay/model/control-plane,0.919674,0.025224,14,1.181291,0.000000,0.444444,1.627496,,,96.678961,133.000000,0.726909,0.000000
hda,HDA,192,960.000,replay/model/control-plane,0.919674,0.025224,14,1.181291,0.000000,0.444444,1.627496,,,93.154696,133.000000,0.700411,0.000000
kubernetes-default,K8s default,193,965.000,replay/model/control-plane,0.965719,0.047680,14,1.181291,0.000000,0.444444,1.627496,,,109.097477,133.000000,0.820282,0.000000
cga,CGA,193,965.000,replay/model/control-plane,0.965719,0.047680,14,1.181291,0.000000,0.444444,1.627496,,,94.107592,133.000000,0.707576,0.000000
hda,HDA,193,965.000,replay/model/control-plane,0.965719,0.047680,14,1.181291,0.000000,0.444444,1.627496,,,94.848371,133.000000,0.713146,0.000000
kubernetes-default,K8s default,194,970.000,replay/model/control-plane,0.945025,0.021429,14,1.181291,0.000000,0.444444,1.627496,,,106.323651,133.000000,0.799426,0.000000
cga,CGA,194,970.000,replay/model/control-plane,0.945025,0.021429,14,1.181291,0.000000,0.444444,1.627496,,,95.523200,133.000000,0.718220,0.000000
hda,HDA,194,970.000,replay/model/control-plane,0.945025,0.021429,14,1.181291,0.000000,0.444444,1.627496,,,89.899454,133.000000,0.675936,0.000000
kubernetes-default,K8s default,195,975.000,replay/model/control-plane,0.935593,0.009981,14,1.181291,0.000000,0.444444,1.627496,,,108.138694,133.000000,0.813073,0.000000
cga,CGA,195,975.000,replay/model/control-plane,0.935593,0.009981,14,1.181291,0.000000,0.444444,1.627496,,,98.389645,133.000000,0.739772,0.000000
hda,HDA,195,975.000,replay/model/control-plane,0.935593,0.009981,14,1.181291,0.000000,0.444444,1.627496,,,96.974360,133.000000,0.729131,0.000000
kubernetes-default,K8s default,196,980.000,replay/model/control-plane,0.975356,0.040768,14,1.181291,0.000000,0.444444,1.627496,,,108.950627,133.000000,0.819178,0.000000
cga,CGA,196,980.000,replay/model/control-plane,0.975356,0.040768,14,1.181291,0.000000,0.444444,1.627496,,,97.824146,133.000000,0.735520,0.000000
hda,HDA,196,980.000,replay/model/control-plane,0.975356,0.040768,14,1.181291,0.000000,0.444444,1.627496,,,94.938284,133.000000,0.713822,0.000000
kubernetes-default,K8s default,197,985.000,replay/model/control-plane,0.926124,0.050476,14,1.181291,0.000000,0.444444,1.627496,,,106.120424,133.000000,0.797898,0.000000
cga,CGA,197,985.000,replay/model/control-plane,0.926124,0.050476,14,1.181291,0.000000,0.444444,1.627496,,,100.185260,133.000000,0.753273,0.000000
hda,HDA,197,985.000,replay/model/control-plane,0.926124,0.050476,14,1.181291,0.000000,0.444444,1.627496,,,91.855323,133.000000,0.690642,0.000000
kubernetes-default,K8s default,198,990.000,replay/model/control-plane,0.939647,0.014391,14,1.181291,0.000000,0.444444,1.627496,,,106.836991,133.000000,0.803286,0.000000
cga,CGA,198,990.000,replay/model/control-plane,0.939647,0.014391,14,1.181291,0.000000,0.444444,1.627496,,,95.439170,133.000000,0.717588,0.000000
hda,HDA,198,990.000,replay/model/control-plane,0.939647,0.014391,14,1.181291,0.000000,0.444444,1.627496,,,94.633492,133.000000,0.711530,0.000000
kubernetes-default,K8s default,199,995.000,replay/model/control-plane,0.974093,0.035362,14,1.181291,0.000000,0.444444,1.627496,,,103.871187,133.000000,0.780986,0.000000
cga,CGA,199,995.000,replay/model/control-plane,0.974093,0.035362,14,1.181291,0.000000,0.444444,1.627496,,,102.031698,133.000000,0.767156,0.000000
hda,HDA,199,995.000,replay/model/control-plane,0.974093,0.035362,14,1.181291,0.000000,0.444444,1.627496,,,97.032941,133.000000,0.729571,0.000000
