step,time_s,request_type,probability,qps,evidence_type
0,0.000,single_expert,0.733333,66.000000,replay
0,0.000,multi_expert_top2,0.033333,3.000000,replay
0,0.000,multi_expert_top4,0.033333,3.000000,replay
0,0.000,cache_hit,0.033333,3.000000,replay
0,0.000,cache_miss,0.033333,3.000000,replay
0,0.000,payload_small,0.033333,3.000000,replay
0,0.000,payload_large,0.033333,3.000000,replay
0,0.000,batch_small,0.033333,3.000000,replay
0,0.000,batch_large,0.033333,3.000000,replay
1,0.100,single_expert,0.733333,66.000000,replay
1,0.100,multi_expert_top2,0.033333,3.000000,replay
1,0.100,multi_expert_top4,0.033333,3.000000,replay
1,0.100,cache_hit,0.033333,3.000000,replay
1,0.100,cache_miss,0.033333,3.000000,replay
1,0.100,payload_small,0.033333,3.000000,replay
1,0.100,payload_large,0.033333,3.000000,replay
1,0.100,batch_small,0.033333,3.000000,replay
1,0.100,batch_large,0.033333,3.000000,replay
2,0.200,single_expert,0.733333,66.000000,replay
2,0.200,multi_expert_top2,0.033333,3.000000,replay
2,0.200,multi_expert_top4,0.033333,3.000000,replay
2,0.200,cache_hit,0.033333,3.000000,replay
2,0.200,cache_miss,0.033333,3.000000,replay
2,0.200,payload_small,0.033333,3.000000,replay
2,0.200,payload_large,0.033333,3.000000,replay
2,0.200,batch_small,0.033333,3.000000,replay
2,0.200,batch_large,0.033333,3.000000,replay
3,0.300,single_expert,0.733333,66.000000,replay
3,0.300,multi_expert_top2,0.033333,3.000000,replay
3,0.300,multi_expert_top4,0.033333,3.000000,replay
3,0.300,cache_hit,0.033333,3.000000,replay
3,0.300,cache_miss,0.033333,3.000000,replay
3,0.300,payload_small,0.033333,3.000000,replay
3,0.300,payload_large,0.033333,3.000000,replay
3,0.300,batch_small,0.033333,3.000000,replay
3,0.300,batch_large,0.033333,3.000000,replay
4,0.400,single_expert,0.733333,66.000000,replay
4,0.400,multi_expert_top2,0.033333,3.000000,replay
4,0.400,multi_expert_top4,0.033333,3.000000,replay
4,0.400,cache_hit,0.033333,3.000000,replay
4,0.400,cache_miss,0.033333,3.000000,replay
4,0.400,payload_small,0.033333,3.000000,replay
4,0.400,payload_large,0.033333,3.000000,replay
4,0.400,batch_small,0.033333,3.000000,replay
4,0.400,batch_large,0.033333,3.000000,replay
5,0.500,single_expert,0.733333,66.000000,replay
5,0.500,multi_expert_top2,0.033333,3.000000,replay
5,0.500,multi_expert_top4,0.033333,3.000000,replay
5,0.500,cache_hit,0.033333,3.000000,replay
5,0.500,cache_miss,0.033333,3.000000,replay
5,0.500,payload_small,0.033333,3.000000,replay
5,0.500,payload_large,0.033333,3.000000,replay
5,0.500,batch_small,0.033333,3.000000,replay
5,0.500,batch_large,0.033333,3.000000,replay
6,0.600,single_expert,0.733333,66.000000,replay
6,0.600,multi_expert_top2,0.033333,3.000000,replay
6,0.600,multi_expert_top4,0.033333,3.000000,replay
6,0.600,cache_hit,0.033333,3.000000,replay
6,0.600,cache_miss,0.033333,3.000000,replay
6,0.600,payload_small,0.033333,3.000000,replay
6,0.600,payload_large,0.033333,3.000000,replay
6,0.600,batch_small,0.033333,3.000000,replay
6,0.600,batch_large,0.033333,3.000000,replay
7,0.700,single_expert,0.733333,66.000000,replay
7,0.700,multi_expert_top2,0.033333,3.000000,replay
7,0.700,multi_expert_top4,0.033333,3.000000,replay
7,0.700,cache_hit,0.033333,3.000000,replay
7,0.700,cache_miss,0.033333,3.000000,replay
7,0.700,payload_small,0.033333,3.000000,replay
7,0.700,payload_large,0.033333,3.000000,replay
7,0.700,batch_small,0.033333,3.000000,replay
7,0.700,batch_large,0.033333,3.000000,replay
8,0.800,single_expert,0.733333,66.000000,replay
8,0.800,multi_expert_top2,0.033333,3.000000,replay
8,0.800,multi_expert_top4,0.033333,3.000000,replay
8,0.800,cache_hit,0.033333,3.000000,replay
8,0.800,cache_miss,0.033333,3.000000,replay
8,0.800,payload_small,0.033333,3.000000,replay
8,0.800,payload_large,0.033333,3.000000,replay
8,0.800,batch_small,0.033333,3.000000,replay
8,0.800,batch_large,0.033333,3.000000,replay
9,0.900,single_expert,0.733333,66.000000,replay
9,0.900,multi_expert_top2,0.033333,3.000000,replay
9,0.900,multi_expert_top4,0.033333,3.000000,replay
9,0.900,cache_hit,0.033333,3.000000,replay
9,0.900,cache_miss,0.033333,3.000000,replay
9,0.900,payload_small,0.033333,3.000000,replay
9,0.900,payload_large,0.033333,3.000000,replay
9,0.900,batch_small,0.033333,3.000000,replay
9,0.900,batch_large,0.033333,3.000000,replay
10,1.000,single_expert,0.733333,66.000000,replay
10,1.000,multi_expert_top2,0.033333,3.000000,replay
10,1.000,multi_expert_top4,0.033333,3.000000,replay
10,1.000,cache_hit,0.033333,3.000000,replay
10,1.000,cache_miss,0.033333,3.000000,replay
10,1.000,payload_small,0.033333,3.000000,replay
10,1.000,payload_large,0.033333,3.000000,replay
10,1.000,batch_small,0.033333,3.000000,replay
10,1.000,batch_large,0.033333,3.000000,replay
11,1.100,single_expert,0.733333,66.000000,replay
11,1.100,multi_expert_top2,0.033333,3.000000,replay
11,1.100,multi_expert_top4,0.033333,3.000000,replay
11,1.100,cache_hit,0.033333,3.000000,replay
11,1.100,cache_miss,0.033333,3.000000,replay
11,1.100,payload_small,0.033333,3.000000,replay
11,1.100,payload_large,0.033333,3.000000,replay
11,1.100,batch_small,0.033333,3.000000,replay
11,1.100,batch_large,0.033333,3.000000,replay
12,1.200,single_expert,0.733333,66.000000,replay
12,1.200,multi_expert_top2,0.033333,3.000000,replay
12,1.200,multi_expert_top4,0.033333,3.000000,replay
12,1.200,cache_hit,0.033333,3.000000,replay
12,1.200,cache_miss,0.033333,3.000000,replay
12,1.200,payload_small,0.033333,3.000000,replay
12,1.200,payload_large,0.033333,3.000000,replay
12,1.200,batch_small,0.033333,3.000000,replay
12,1.200,batch_large,0.033333,3.000000,replay
13,1.300,single_expert,0.733333,66.000000,replay
13,1.300,multi_expert_top2,0.033333,3.000000,replay
13,1.300,multi_expert_top4,0.033333,3.000000,replay
13,1.300,cache_hit,0.033333,3.000000,replay
13,1.300,cache_miss,0.033333,3.000000,replay
13,1.300,payload_small,0.033333,3.000000,replay
13,1.300,payload_large,0.033333,3.000000,replay
13,1.300,batch_small,0.033333,3.000000,replay
13,1.300,batch_large,0.033333,3.000000,replay
14,1.400,single_expert,0.733333,66.000000,replay
14,1.400,multi_expert_top2,0.033333,3.000000,replay
14,1.400,multi_expert_top4,0.033333,3.000000,replay
14,1.400,cache_hit,0.033333,3.000000,replay
14,1.400,cache_miss,0.033333,3.000000,replay
14,1.400,payload_small,0.033333,3.000000,replay
14,1.400,payload_large,0.033333,3.000000,replay
14,1.400,batch_small,0.033333,3.000000,replay
14,1.400,batch_large,0.033333,3.000000,replay
15,1.500,single_expert,0.733333,66.000000,replay
15,1.500,multi_expert_top2,0.033333,3.000000,replay
15,1.500,multi_expert_top4,0.033333,3.000000,replay
15,1.500,cache_hit,0.033333,3.000000,replay
15,1.500,cache_miss,0.033333,3.000000,replay
15,1.500,payload_small,0.033333,3.000000,replay
15,1.500,payload_large,0.033333,3.000000,replay
15,1.500,batch_small,0.033333,3.000000,replay
15,1.500,batch_large,0.033333,3.000000,replay
16,1.600,single_expert,0.733333,66.000000,replay
16,1.600,multi_expert_top2,0.033333,3.000000,replay
16,1.600,multi_expert_top4,0.033333,3.000000,replay
16,1.600,cache_hit,0.033333,3.000000,replay
16,1.600,cache_miss,0.033333,3.000000,replay
16,1.600,payload_small,0.033333,3.000000,replay
16,1.600,payload_large,0.033333,3.000000,replay
16,1.600,batch_small,0.033333,3.000000,replay
16,1.600,batch_large,0.033333,3.000000,replay
17,1.700,single_expert,0.733333,66.000000,replay
17,1.700,multi_expert_top2,0.033333,3.000000,replay
17,1.700,multi_expert_top4,0.033333,3.000000,replay
17,1.700,cache_hit,0.033333,3.000000,replay
17,1.700,cache_miss,0.033333,3.000000,replay
17,1.700,payload_small,0.033333,3.000000,replay
17,1.700,payload_large,0.033333,3.000000,replay
17,1.700,batch_small,0.033333,3.000000,replay
17,1.700,batch_large,0.033333,3.000000,replay
18,1.800,single_expert,0.733333,66.000000,replay
18,1.800,multi_expert_top2,0.033333,3.000000,replay
18,1.800,multi_expert_top4,0.033333,3.000000,replay
18,1.800,cache_hit,0.033333,3.000000,replay
18,1.800,cache_miss,0.033333,3.000000,replay
18,1.800,payload_small,0.033333,3.000000,replay
18,1.800,payload_large,0.033333,3.000000,replay
18,1.800,batch_small,0.033333,3.000000,replay
18,1.800,batch_large,0.033333,3.000000,replay
19,1.900,single_expert,0.733333,66.000000,replay
19,1.900,multi_expert_top2,0.033333,3.000000,replay
19,1.900,multi_expert_top4,0.033333,3.000000,replay
19,1.900,cache_hit,0.033333,3.000000,replay
19,1.900,cache_miss,0.033333,3.000000,replay
19,1.900,payload_small,0.033333,3.000000,replay
19,1.900,payload_large,0.033333,3.000000,replay
19,1.900,batch_small,0.033333,3.000000,replay
19,1.900,batch_large,0.033333,3.000000,replay
20,2.000,single_expert,0.733333,66.000000,replay
20,2.000,multi_expert_top2,0.033333,3.000000,replay
20,2.000,multi_expert_top4,0.033333,3.000000,replay
20,2.000,cache_hit,0.033333,3.000000,replay
20,2.000,cache_miss,0.033333,3.000000,replay
20,2.000,payload_small,0.033333,3.000000,replay
20,2.000,payload_large,0.033333,3.000000,replay
20,2.000,batch_small,0.033333,3.000000,replay
20,2.000,batch_large,0.033333,3.000000,replay
21,2.100,single_expert,0.733333,66.000000,replay
21,2.100,multi_expert_top2,0.033333,3.000000,replay
21,2.100,multi_expert_top4,0.033333,3.000000,replay
21,2.100,cache_hit,0.033333,3.000000,replay
21,2.100,cache_miss,0.033333,3.000000,replay
21,2.100,payload_small,0.033333,3.000000,replay
21,2.100,payload_large,0.033333,3.000000,replay
21,2.100,batch_small,0.033333,3.000000,replay
21,2.100,batch_large,0.033333,3.000000,replay
22,2.200,single_expert,0.033333,3.000000,replay
22,2.200,multi_expert_top2,0.733333,66.000000,replay
22,2.200,multi_expert_top4,0.033333,3.000000,replay
22,2.200,cache_hit,0.033333,3.000000,replay
22,2.200,cache_miss,0.033333,3.000000,replay
22,2.200,payload_small,0.033333,3.000000,replay
22,2.200,payload_large,0.033333,3.000000,replay
22,2.200,batch_small,0.033333,3.000000,replay
22,2.200,batch_large,0.033333,3.000000,replay
23,2.300,single_expert,0.033333,3.000000,replay
23,2.300,multi_expert_top2,0.733333,66.000000,replay
23,2.300,multi_expert_top4,0.033333,3.000000,replay
23,2.300,cache_hit,0.033333,3.000000,replay
23,2.300,cache_miss,0.033333,3.000000,replay
23,2.300,payload_small,0.033333,3.000000,replay
23,2.300,payload_large,0.033333,3.000000,replay
23,2.300,batch_small,0.033333,3.000000,replay
23,2.300,batch_large,0.033333,3.000000,replay
24,2.400,single_expert,0.033333,3.000000,replay
24,2.400,multi_expert_top2,0.733333,66.000000,replay
24,2.400,multi_expert_top4,0.033333,3.000000,replay
24,2.400,cache_hit,0.033333,3.000000,replay
24,2.400,cache_miss,0.033333,3.000000,replay
24,2.400,payload_small,0.033333,3.000000,replay
24,2.400,payload_large,0.033333,3.000000,replay
24,2.400,batch_small,0.033333,3.000000,replay
24,2.400,batch_large,0.033333,3.000000,replay
25,2.500,single_expert,0.033333,3.000000,replay
25,2.500,multi_expert_top2,0.733333,66.000000,replay
25,2.500,multi_expert_top4,0.033333,3.000000,replay
25,2.500,cache_hit,0.033333,3.000000,replay
25,2.500,cache_miss,0.033333,3.000000,replay
25,2.500,payload_small,0.033333,3.000000,replay
25,2.500,payload_large,0.033333,3.000000,replay
25,2.500,batch_small,0.033333,3.000000,replay
25,2.500,batch_large,0.033333,3.000000,replay
26,2.600,single_expert,0.033333,3.000000,replay
26,2.600,multi_expert_top2,0.733333,66.000000,replay
26,2.600,multi_expert_top4,0.033333,3.000000,replay
26,2.600,cache_hit,0.033333,3.000000,replay
26,2.600,cache_miss,0.033333,3.000000,replay
26,2.600,payload_small,0.033333,3.000000,replay
26,2.600,payload_large,0.033333,3.000000,replay
26,2.600,batch_small,0.033333,3.000000,replay
26,2.600,batch_large,0.033333,3.000000,replay
27,2.700,single_expert,0.033333,3.000000,replay
27,2.700,multi_expert_top2,0.733333,66.000000,replay
27,2.700,multi_expert_top4,0.033333,3.000000,replay
27,2.700,cache_hit,0.033333,3.000000,replay
27,2.700,cache_miss,0.033333,3.000000,replay
27,2.700,payload_small,0.033333,3.000000,replay
27,2.700,payload_large,0.033333,3.000000,replay
27,2.700,batch_small,0.033333,3.000000,replay
27,2.700,batch_large,0.033333,3.000000,replay
28,2.800,single_expert,0.033333,3.000000,replay
28,2.800,multi_expert_top2,0.733333,66.000000,replay
28,2.800,multi_expert_top4,0.033333,3.000000,replay
28,2.800,cache_hit,0.033333,3.000000,replay
28,2.800,cache_miss,0.033333,3.000000,replay
28,2.800,payload_small,0.033333,3.000000,replay
28,2.800,payload_large,0.033333,3.000000,replay
28,2.800,batch_small,0.033333,3.000000,replay
28,2.800,batch_large,0.033333,3.000000,replay
29,2.900,single_expert,0.033333,3.000000,replay
29,2.900,multi_expert_top2,0.733333,66.000000,replay
29,2.900,multi_expert_top4,0.033333,3.000000,replay
29,2.900,cache_hit,0.033333,3.000000,replay
29,2.900,cache_miss,0.033333,3.000000,replay
29,2.900,payload_small,0.033333,3.000000,replay
29,2.900,payload_large,0.033333,3.000000,replay
29,2.900,batch_small,0.033333,3.000000,replay
29,2.900,batch_large,0.033333,3.000000,replay
30,3.000,single_expert,0.033333,3.000000,replay
30,3.000,multi_expert_top2,0.733333,66.000000,replay
30,3.000,multi_expert_top4,0.033333,3.000000,replay
30,3.000,cache_hit,0.033333,3.000000,replay
30,3.000,cache_miss,0.033333,3.000000,replay
30,3.000,payload_small,0.033333,3.000000,replay
30,3.000,payload_large,0.033333,3.000000,replay
30,3.000,batch_small,0.033333,3.000000,replay
30,3.000,batch_large,0.033333,3.000000,replay
31,3.100,single_expert,0.033333,3.000000,replay
31,3.100,multi_expert_top2,0.733333,66.000000,replay
31,3.100,multi_expert_top4,0.033333,3.000000,replay
31,3.100,cache_hit,0.033333,3.000000,replay
31,3.100,cache_miss,0.033333,3.000000,replay
31,3.100,payload_small,0.033333,3.000000,replay
31,3.100,payload_large,0.033333,3.000000,replay
31,3.100,batch_small,0.033333,3.000000,replay
31,3.100,batch_large,0.033333,3.000000,replay
32,3.200,single_expert,0.033333,3.000000,replay
32,3.200,multi_expert_top2,0.733333,66.000000,replay
32,3.200,multi_expert_top4,0.033333,3.000000,replay
32,3.200,cache_hit,0.033333,3.000000,replay
32,3.200,cache_miss,0.033333,3.000000,replay
32,3.200,payload_small,0.033333,3.000000,replay
32,3.200,payload_large,0.033333,3.000000,replay
32,3.200,batch_small,0.033333,3.000000,replay
32,3.200,batch_large,0.033333,3.000000,replay
33,3.300,single_expert,0.033333,3.000000,replay
33,3.300,multi_expert_top2,0.733333,66.000000,replay
33,3.300,multi_expert_top4,0.033333,3.000000,replay
33,3.300,cache_hit,0.033333,3.000000,replay
33,3.300,cache_miss,0.033333,3.000000,replay
33,3.300,payload_small,0.033333,3.000000,replay
33,3.300,payload_large,0.033333,3.000000,replay
33,3.300,batch_small,0.033333,3.000000,replay
33,3.300,batch_large,0.033333,3.000000,replay
34,3.400,single_expert,0.033333,3.000000,replay
34,3.400,multi_expert_top2,0.733333,66.000000,replay
34,3.400,multi_expert_top4,0.033333,3.000000,replay
34,3.400,cache_hit,0.033333,3.000000,replay
34,3.400,cache_miss,0.033333,3.000000,replay
34,3.400,payload_small,0.033333,3.000000,replay
34,3.400,payload_large,0.033333,3.000000,replay
34,3.400,batch_small,0.033333,3.000000,replay
34,3.400,batch_large,0.033333,3.000000,replay
35,3.500,single_expert,0.033333,3.000000,replay
35,3.500,multi_expert_top2,0.733333,66.000000,replay
35,3.500,multi_expert_top4,0.033333,3.000000,replay
35,3.500,cache_hit,0.033333,3.000000,replay
35,3.500,cache_miss,0.033333,3.000000,replay
35,3.500,payload_small,0.033333,3.000000,replay
35,3.500,payload_large,0.033333,3.000000,replay
35,3.500,batch_small,0.033333,3.000000,replay
35,3.500,batch_large,0.033333,3.000000,replay
36,3.600,single_expert,0.033333,3.000000,replay
36,3.600,multi_expert_top2,0.733333,66.000000,replay
36,3.600,multi_expert_top4,0.033333,3.000000,replay
36,3.600,cache_hit,0.033333,3.000000,replay
36,3.600,cache_miss,0.033333,3.000000,replay
36,3.600,payload_small,0.033333,3.000000,replay
36,3.600,payload_large,0.033333,3.000000,replay
36,3.600,batch_small,0.033333,3.000000,replay
36,3.600,batch_large,0.033333,3.000000,replay
37,3.700,single_expert,0.033333,3.000000,replay
37,3.700,multi_expert_top2,0.733333,66.000000,replay
37,3.700,multi_expert_top4,0.033333,3.000000,replay
37,3.700,cache_hit,0.033333,3.000000,replay
37,3.700,cache_miss,0.033333,3.000000,replay
37,3.700,payload_small,0.033333,3.000000,replay
37,3.700,payload_large,0.033333,3.000000,replay
37,3.700,batch_small,0.033333,3.000000,replay
37,3.700,batch_large,0.033333,3.000000,replay
38,3.800,single_expert,0.033333,3.000000,replay
38,3.800,multi_expert_top2,0.733333,66.000000,replay
38,3.800,multi_expert_top4,0.033333,3.000000,replay
38,3.800,cache_hit,0.033333,3.000000,replay
38,3.800,cache_miss,0.033333,3.000000,replay
38,3.800,payload_small,0.033333,3.000000,replay
38,3.800,payload_large,0.033333,3.000000,replay
38,3.800,batch_small,0.033333,3.000000,replay
38,3.800,batch_large,0.033333,3.000000,replay
39,3.900,single_expert,0.033333,3.000000,replay
39,3.900,multi_expert_top2,0.733333,66.000000,replay
39,3.900,multi_expert_top4,0.033333,3.000000,replay
39,3.900,cache_hit,0.033333,3.000000,replay
39,3.900,cache_miss,0.033333,3.000000,replay
39,3.900,payload_small,0.033333,3.000000,replay
39,3.900,payload_large,0.033333,3.000000,replay
39,3.900,batch_small,0.033333,3.000000,replay
39,3.900,batch_large,0.033333,3.000000,replay
40,4.000,single_expert,0.033333,3.000000,replay
40,4.000,multi_expert_top2,0.733333,66.000000,replay
40,4.000,multi_expert_top4,0.033333,3.000000,replay
40,4.000,cache_hit,0.033333,3.000000,replay
40,4.000,cache_miss,0.033333,3.000000,replay
40,4.000,payload_small,0.033333,3.000000,replay
40,4.000,payload_large,0.033333,3.000000,replay
40,4.000,batch_small,0.033333,3.000000,replay
40,4.000,batch_large,0.033333,3.000000,replay
41,4.100,single_expert,0.033333,3.000000,replay
41,4.100,multi_expert_top2,0.733333,66.000000,replay
41,4.100,multi_expert_top4,0.033333,3.000000,replay
41,4.100,cache_hit,0.033333,3.000000,replay
41,4.100,cache_miss,0.033333,3.000000,replay
41,4.100,payload_small,0.033333,3.000000,replay
41,4.100,payload_large,0.033333,3.000000,replay
41,4.100,batch_small,0.033333,3.000000,replay
41,4.100,batch_large,0.033333,3.000000,replay
42,4.200,single_expert,0.033333,3.000000,replay
42,4.200,multi_expert_top2,0.733333,66.000000,replay
42,4.200,multi_expert_top4,0.033333,3.000000,replay
42,4.200,cache_hit,0.033333,3.000000,replay
42,4.200,cache_miss,0.033333,3.000000,replay
42,4.200,payload_small,0.033333,3.000000,replay
42,4.200,payload_large,0.033333,3.000000,replay
42,4.200,batch_small,0.033333,3.000000,replay
42,4.200,batch_large,0.033333,3.000000,replay
43,4.300,single_expert,0.033333,3.000000,replay
43,4.300,multi_expert_top2,0.733333,66.000000,replay
43,4.300,multi_expert_top4,0.033333,3.000000,replay
43,4.300,cache_hit,0.033333,3.000000,replay
43,4.300,cache_miss,0.033333,3.000000,replay
43,4.300,payload_small,0.033333,3.000000,replay
43,4.300,payload_large,0.033333,3.000000,replay
43,4.300,batch_small,0.033333,3.000000,replay
43,4.300,batch_large,0.033333,3.000000,replay
44,4.400,single_expert,0.033333,3.000000,replay
44,4.400,multi_expert_top2,0.033333,3.000000,replay
44,4.400,multi_expert_top4,0.733333,66.000000,replay
44,4.400,cache_hit,0.033333,3.000000,replay
44,4.400,cache_miss,0.033333,3.000000,replay
44,4.400,payload_small,0.033333,3.000000,replay
44,4.400,payload_large,0.033333,3.000000,replay
44,4.400,batch_small,0.033333,3.000000,replay
44,4.400,batch_large,0.033333,3.000000,replay
45,4.500,single_expert,0.033333,3.000000,replay
45,4.500,multi_expert_top2,0.033333,3.000000,replay
45,4.500,multi_expert_top4,0.733333,66.000000,replay
45,4.500,cache_hit,0.033333,3.000000,replay
45,4.500,cache_miss,0.033333,3.000000,replay
45,4.500,payload_small,0.033333,3.000000,replay
45,4.500,payload_large,0.033333,3.000000,replay
45,4.500,batch_small,0.033333,3.000000,replay
45,4.500,batch_large,0.033333,3.000000,replay
46,4.600,single_expert,0.033333,3.000000,replay
46,4.600,multi_expert_top2,0.033333,3.000000,replay
46,4.600,multi_expert_top4,0.733333,66.000000,replay
46,4.600,cache_hit,0.033333,3.000000,replay
46,4.600,cache_miss,0.033333,3.000000,replay
46,4.600,payload_small,0.033333,3.000000,replay
46,4.600,payload_large,0.033333,3.000000,replay
46,4.600,batch_small,0.033333,3.000000,replay
46,4.600,batch_large,0.033333,3.000000,replay
47,4.700,single_expert,0.033333,3.000000,replay
47,4.700,multi_expert_top2,0.033333,3.000000,replay
47,4.700,multi_expert_top4,0.733333,66.000000,replay
47,4.700,cache_hit,0.033333,3.000000,replay
47,4.700,cache_miss,0.033333,3.000000,replay
47,4.700,payload_small,0.033333,3.000000,replay
47,4.700,payload_large,0.033333,3.000000,replay
47,4.700,batch_small,0.033333,3.000000,replay
47,4.700,batch_large,0.033333,3.000000,replay
48,4.800,single_expert,0.033333,3.000000,replay
48,4.800,multi_expert_top2,0.033333,3.000000,replay
48,4.800,multi_expert_top4,0.733333,66.000000,replay
48,4.800,cache_hit,0.033333,3.000000,replay
48,4.800,cache_miss,0.033333,3.000000,replay
48,4.800,payload_small,0.033333,3.000000,replay
48,4.800,payload_large,0.033333,3.000000,replay
48,4.800,batch_small,0.033333,3.000000,replay
48,4.800,batch_large,0.033333,3.000000,replay
49,4.900,single_expert,0.033333,3.000000,replay
49,4.900,multi_expert_top2,0.033333,3.000000,replay
49,4.900,multi_expert_top4,0.733333,66.000000,replay
49,4.900,cache_hit,0.033333,3.000000,replay
49,4.900,cache_miss,0.033333,3.000000,replay
49,4.900,payload_small,0.033333,3.000000,replay
49,4.900,payload_large,0.033333,3.000000,replay
49,4.900,batch_small,0.033333,3.000000,replay
49,4.900,batch_large,0.033333,3.000000,replay
50,5.000,single_expert,0.033333,3.000000,replay
50,5.000,multi_expert_top2,0.033333,3.000000,replay
50,5.000,multi_expert_top4,0.733333,66.000000,replay
50,5.000,cache_hit,0.033333,3.000000,replay
50,5.000,cache_miss,0.033333,3.000000,replay
50,5.000,payload_small,0.033333,3.000000,replay
50,5.000,payload_large,0.033333,3.000000,replay
50,5.000,batch_small,0.033333,3.000000,replay
50,5.000,batch_large,0.033333,3.000000,replay
51,5.100,single_expert,0.033333,3.000000,replay
51,5.100,multi_expert_top2,0.033333,3.000000,replay
51,5.100,multi_expert_top4,0.733333,66.000000,replay
51,5.100,cache_hit,0.033333,3.000000,replay
51,5.100,cache_miss,0.033333,3.000000,replay
51,5.100,payload_small,0.033333,3.000000,replay
51,5.100,payload_large,0.033333,3.000000,replay
51,5.100,batch_small,0.033333,3.000000,replay
51,5.100,batch_large,0.033333,3.000000,replay
52,5.200,single_expert,0.033333,3.000000,replay
52,5.200,multi_expert_top2,0.033333,3.000000,replay
52,5.200,multi_expert_top4,0.733333,66.000000,replay
52,5.200,cache_hit,0.033333,3.000000,replay
52,5.200,cache_miss,0.033333,3.000000,replay
52,5.200,payload_small,0.033333,3.000000,replay
52,5.200,payload_large,0.033333,3.000000,replay
52,5.200,batch_small,0.033333,3.000000,replay
52,5.200,batch_large,0.033333,3.000000,replay
53,5.300,single_expert,0.033333,3.000000,replay
53,5.300,multi_expert_top2,0.033333,3.000000,replay
53,5.300,multi_expert_top4,0.733333,66.000000,replay
53,5.300,cache_hit,0.033333,3.000000,replay
53,5.300,cache_miss,0.033333,3.000000,replay
53,5.300,payload_small,0.033333,3.000000,replay
53,5.300,payload_large,0.033333,3.000000,replay
53,5.300,batch_small,0.033333,3.000000,replay
53,5.300,batch_large,0.033333,3.000000,replay
54,5.400,single_expert,0.033333,3.000000,replay
54,5.400,multi_expert_top2,0.033333,3.000000,replay
54,5.400,multi_expert_top4,0.733333,66.000000,replay
54,5.400,cache_hit,0.033333,3.000000,replay
54,5.400,cache_miss,0.033333,3.000000,replay
54,5.400,payload_small,0.033333,3.000000,replay
54,5.400,payload_large,0.033333,3.000000,replay
54,5.400,batch_small,0.033333,3.000000,replay
54,5.400,batch_large,0.033333,3.000000,replay
55,5.500,single_expert,0.033333,3.000000,replay
55,5.500,multi_expert_top2,0.033333,3.000000,replay
55,5.500,multi_expert_top4,0.733333,66.000000,replay
55,5.500,cache_hit,0.033333,3.000000,replay
55,5.500,cache_miss,0.033333,3.000000,replay
55,5.500,payload_small,0.033333,3.000000,replay
55,5.500,payload_large,0.033333,3.000000,replay
55,5.500,batch_small,0.033333,3.000000,replay
55,5.500,batch_large,0.033333,3.000000,replay
56,5.600,single_expert,0.033333,3.000000,replay
56,5.600,multi_expert_top2,0.033333,3.000000,replay
56,5.600,multi_expert_top4,0.733333,66.000000,replay
56,5.600,cache_hit,0.033333,3.000000,replay
56,5.600,cache_miss,0.033333,3.000000,replay
56,5.600,payload_small,0.033333,3.000000,replay
56,5.600,payload_large,0.033333,3.000000,replay
56,5.600,batch_small,0.033333,3.000000,replay
56,5.600,batch_large,0.033333,3.000000,replay
57,5.700,single_expert,0.033333,3.000000,replay
57,5.700,multi_expert_top2,0.033333,3.000000,replay
57,5.700,multi_expert_top4,0.733333,66.000000,replay
57,5.700,cache_hit,0.033333,3.000000,replay
57,5.700,cache_miss,0.033333,3.000000,replay
57,5.700,payload_small,0.033333,3.000000,replay
57,5.700,payload_large,0.033333,3.000000,replay
57,5.700,batch_small,0.033333,3.000000,replay
57,5.700,batch_large,0.033333,3.000000,replay
58,5.800,single_expert,0.033333,3.000000,replay
58,5.800,multi_expert_top2,0.033333,3.000000,replay
58,5.800,multi_expert_top4,0.733333,66.000000,replay
58,5.800,cache_hit,0.033333,3.000000,replay
58,5.800,cache_miss,0.033333,3.000000,replay
58,5.800,payload_small,0.033333,3.000000,replay
58,5.800,payload_large,0.033333,3.000000,replay
58,5.800,batch_small,0.033333,3.000000,replay
58,5.800,batch_large,0.033333,3.000000,replay
59,5.900,single_expert,0.033333,3.000000,replay
59,5.900,multi_expert_top2,0.033333,3.000000,replay
59,5.900,multi_expert_top4,0.733333,66.000000,replay
59,5.900,cache_hit,0.033333,3.000000,replay
59,5.900,cache_miss,0.033333,3.000000,replay
59,5.900,payload_small,0.033333,3.000000,replay
59,5.900,payload_large,0.033333,3.000000,replay
59,5.900,batch_small,0.033333,3.000000,replay
59,5.900,batch_large,0.033333,3.000000,replay
60,6.000,single_expert,0.033333,3.000000,replay
60,6.000,multi_expert_top2,0.033333,3.000000,replay
60,6.000,multi_expert_top4,0.733333,66.000000,replay
60,6.000,cache_hit,0.033333,3.000000,replay
60,6.000,cache_miss,0.033333,3.000000,replay
60,6.000,payload_small,0.033333,3.000000,replay
60,6.000,payload_large,0.033333,3.000000,replay
60,6.000,batch_small,0.033333,3.000000,replay
60,6.000,batch_large,0.033333,3.000000,replay
61,6.100,single_expert,0.033333,3.000000,replay
61,6.100,multi_expert_top2,0.033333,3.000000,replay
61,6.100,multi_expert_top4,0.733333,66.000000,replay
61,6.100,cache_hit,0.033333,3.000000,replay
61,6.100,cache_miss,0.033333,3.000000,replay
61,6.100,payload_small,0.033333,3.000000,replay
61,6.100,payload_large,0.033333,3.000000,replay
61,6.100,batch_small,0.033333,3.000000,replay
61,6.100,batch_large,0.033333,3.000000,replay
62,6.200,single_expert,0.033333,3.000000,replay
62,6.200,multi_expert_top2,0.033333,3.000000,replay
62,6.200,multi_expert_top4,0.733333,66.000000,replay
62,6.200,cache_hit,0.033333,3.000000,replay
62,6.200,cache_miss,0.033333,3.000000,replay
62,6.200,payload_small,0.033333,3.000000,replay
62,6.200,payload_large,0.033333,3.000000,replay
62,6.200,batch_small,0.033333,3.000000,replay
62,6.200,batch_large,0.033333,3.000000,replay
63,6.300,single_expert,0.033333,3.000000,replay
63,6.300,multi_expert_top2,0.033333,3.000000,replay
63,6.300,multi_expert_top4,0.733333,66.000000,replay
63,6.300,cache_hit,0.033333,3.000000,replay
63,6.300,cache_miss,0.033333,3.000000,replay
63,6.300,payload_small,0.033333,3.000000,replay
63,6.300,payload_large,0.033333,3.000000,replay
63,6.300,batch_small,0.033333,3.000000,replay
63,6.300,batch_large,0.033333,3.000000,replay
64,6.400,single_expert,0.033333,3.000000,replay
64,6.400,multi_expert_top2,0.033333,3.000000,replay
64,6.400,multi_expert_top4,0.733333,66.000000,replay
64,6.400,cache_hit,0.033333,3.000000,replay
64,6.400,cache_miss,0.033333,3.000000,replay
64,6.400,payload_small,0.033333,3.000000,replay
64,6.400,payload_large,0.033333,3.000000,replay
64,6.400,batch_small,0.033333,3.000000,replay
64,6.400,batch_large,0.033333,3.000000,replay
65,6.500,single_expert,0.033333,3.000000,replay
65,6.500,multi_expert_top2,0.033333,3.000000,replay
65,6.500,multi_expert_top4,0.733333,66.000000,replay
65,6.500,cache_hit,0.033333,3.000000,replay
65,6.500,cache_miss,0.033333,3.000000,replay
65,6.500,payload_small,0.033333,3.000000,replay
65,6.500,payload_large,0.033333,3.000000,replay
65,6.500,batch_small,0.033333,3.000000,replay
65,6.500,batch_large,0.033333,3.000000,replay
66,6.600,single_expert,0.033333,3.000000,replay
66,6.600,multi_expert_top2,0.033333,3.000000,replay
66,6.600,multi_expert_top4,0.033333,3.000000,replay
66,6.600,cache_hit,0.733333,66.000000,replay
66,6.600,cache_miss,0.033333,3.000000,replay
66,6.600,payload_small,0.033333,3.000000,replay
66,6.600,payload_large,0.033333,3.000000,replay
66,6.600,batch_small,0.033333,3.000000,replay
66,6.600,batch_large,0.033333,3.000000,replay
67,6.700,single_expert,0.033333,3.000000,replay
67,6.700,multi_expert_top2,0.033333,3.000000,replay
67,6.700,multi_expert_top4,0.033333,3.000000,replay
67,6.700,cache_hit,0.733333,66.000000,replay
67,6.700,cache_miss,0.033333,3.000000,replay
67,6.700,payload_small,0.033333,3.000000,replay
67,6.700,payload_large,0.033333,3.000000,replay
67,6.700,batch_small,0.033333,3.000000,replay
67,6.700,batch_large,0.033333,3.000000,replay
68,6.800,single_expert,0.033333,3.000000,replay
68,6.800,multi_expert_top2,0.033333,3.000000,replay
68,6.800,multi_expert_top4,0.033333,3.000000,replay
68,6.800,cache_hit,0.733333,66.000000,replay
68,6.800,cache_miss,0.033333,3.000000,replay
68,6.800,payload_small,0.033333,3.000000,replay
68,6.800,payload_large,0.033333,3.000000,replay
68,6.800,batch_small,0.033333,3.000000,replay
68,6.800,batch_large,0.033333,3.000000,replay
69,6.900,single_expert,0.033333,3.000000,replay
69,6.900,multi_expert_top2,0.033333,3.000000,replay
69,6.900,multi_expert_top4,0.033333,3.000000,replay
69,6.900,cache_hit,0.733333,66.000000,replay
69,6.900,cache_miss,0.033333,3.000000,replay
69,6.900,payload_small,0.033333,3.000000,replay
69,6.900,payload_large,0.033333,3.000000,replay
69,6.900,batch_small,0.033333,3.000000,replay
69,6.900,batch_large,0.033333,3.000000,replay
70,7.000,single_expert,0.033333,3.000000,replay
70,7.000,multi_expert_top2,0.033333,3.000000,replay
70,7.000,multi_expert_top4,0.033333,3.000000,replay
70,7.000,cache_hit,0.733333,66.000000,replay
70,7.000,cache_miss,0.033333,3.000000,replay
70,7.000,payload_small,0.033333,3.000000,replay
70,7.000,payload_large,0.033333,3.000000,replay
70,7.000,batch_small,0.033333,3.000000,replay
70,7.000,batch_large,0.033333,3.000000,replay
71,7.100,single_expert,0.033333,3.000000,replay
71,7.100,multi_expert_top2,0.033333,3.000000,replay
71,7.100,multi_expert_top4,0.033333,3.000000,replay
71,7.100,cache_hit,0.733333,66.000000,replay
71,7.100,cache_miss,0.033333,3.000000,replay
71,7.100,payload_small,0.033333,3.000000,replay
71,7.100,payload_large,0.033333,3.000000,replay
71,7.100,batch_small,0.033333,3.000000,replay
71,7.100,batch_large,0.033333,3.000000,replay
72,7.200,single_expert,0.033333,3.000000,replay
72,7.200,multi_expert_top2,0.033333,3.000000,replay
72,7.200,multi_expert_top4,0.033333,3.000000,replay
72,7.200,cache_hit,0.733333,66.000000,replay
72,7.200,cache_miss,0.033333,3.000000,replay
72,7.200,payload_small,0.033333,3.000000,replay
72,7.200,payload_large,0.033333,3.000000,replay
72,7.200,batch_small,0.033333,3.000000,replay
72,7.200,batch_large,0.033333,3.000000,replay
73,7.300,single_expert,0.033333,3.000000,replay
73,7.300,multi_expert_top2,0.033333,3.000000,replay
73,7.300,multi_expert_top4,0.033333,3.000000,replay
73,7.300,cache_hit,0.733333,66.000000,replay
73,7.300,cache_miss,0.033333,3.000000,replay
73,7.300,payload_small,0.033333,3.000000,replay
73,7.300,payload_large,0.033333,3.000000,replay
73,7.300,batch_small,0.033333,3.000000,replay
73,7.300,batch_large,0.033333,3.000000,replay
74,7.400,single_expert,0.033333,3.000000,replay
74,7.400,multi_expert_top2,0.033333,3.000000,replay
74,7.400,multi_expert_top4,0.033333,3.000000,replay
74,7.400,cache_hit,0.733333,66.000000,replay
74,7.400,cache_miss,0.033333,3.000000,replay
74,7.400,payload_small,0.033333,3.000000,replay
74,7.400,payload_large,0.033333,3.000000,replay
74,7.400,batch_small,0.033333,3.000000,replay
74,7.400,batch_large,0.033333,3.000000,replay
75,7.500,single_expert,0.033333,3.000000,replay
75,7.500,multi_expert_top2,0.033333,3.000000,replay
75,7.500,multi_expert_top4,0.033333,3.000000,replay
75,7.500,cache_hit,0.733333,66.000000,replay
75,7.500,cache_miss,0.033333,3.000000,replay
75,7.500,payload_small,0.033333,3.000000,replay
75,7.500,payload_large,0.033333,3.000000,replay
75,7.500,batch_small,0.033333,3.000000,replay
75,7.500,batch_large,0.033333,3.000000,replay
76,7.600,single_expert,0.033333,3.000000,replay
76,7.600,multi_expert_top2,0.033333,3.000000,replay
76,7.600,multi_expert_top4,0.033333,3.000000,replay
76,7.600,cache_hit,0.733333,66.000000,replay
76,7.600,cache_miss,0.033333,3.000000,replay
76,7.600,payload_small,0.033333,3.000000,replay
76,7.600,payload_large,0.033333,3.000000,replay
76,7.600,batch_small,0.033333,3.000000,replay
76,7.600,batch_large,0.033333,3.000000,replay
77,7.700,single_expert,0.033333,3.000000,replay
77,7.700,multi_expert_top2,0.033333,3.000000,replay
77,7.700,multi_expert_top4,0.033333,3.000000,replay
77,7.700,cache_hit,0.733333,66.000000,replay
77,7.700,cache_miss,0.033333,3.000000,replay
77,7.700,payload_small,0.033333,3.000000,replay
77,7.700,payload_large,0.033333,3.000000,replay
77,7.700,batch_small,0.033333,3.000000,replay
77,7.700,batch_large,0.033333,3.000000,replay
78,7.800,single_expert,0.033333,3.000000,replay
78,7.800,multi_expert_top2,0.033333,3.000000,replay
78,7.800,multi_expert_top4,0.033333,3.000000,replay
78,7.800,cache_hit,0.733333,66.000000,replay
78,7.800,cache_miss,0.033333,3.000000,replay
78,7.800,payload_small,0.033333,3.000000,replay
78,7.800,payload_large,0.033333,3.000000,replay
78,7.800,batch_small,0.033333,3.000000,replay
78,7.800,batch_large,0.033333,3.000000,replay
79,7.900,single_expert,0.033333,3.000000,replay
79,7.900,multi_expert_top2,0.033333,3.000000,replay
79,7.900,multi_expert_top4,0.033333,3.000000,replay
79,7.900,cache_hit,0.733333,66.000000,replay
79,7.900,cache_miss,0.033333,3.000000,replay
79,7.900,payload_small,0.033333,3.000000,replay
79,7.900,payload_large,0.033333,3.000000,replay
79,7.900,batch_small,0.033333,3.000000,replay
79,7.900,batch_large,0.033333,3.000000,replay
80,8.000,single_expert,0.033333,3.000000,replay
80,8.000,multi_expert_top2,0.033333,3.000000,replay
80,8.000,multi_expert_top4,0.033333,3.000000,replay
80,8.000,cache_hit,0.733333,66.000000,replay
80,8.000,cache_miss,0.033333,3.000000,replay
80,8.000,payload_small,0.033333,3.000000,replay
80,8.000,payload_large,0.033333,3.000000,replay
80,8.000,batch_small,0.033333,3.000000,replay
80,8.000,batch_large,0.033333,3.000000,replay
81,8.100,single_expert,0.033333,3.000000,replay
81,8.100,multi_expert_top2,0.033333,3.000000,replay
81,8.100,multi_expert_top4,0.033333,3.000000,replay
81,8.100,cache_hit,0.733333,66.000000,replay
81,8.100,cache_miss,0.033333,3.000000,replay
81,8.100,payload_small,0.033333,3.000000,replay
81,8.100,payload_large,0.033333,3.000000,replay
81,8.100,batch_small,0.033333,3.000000,replay
81,8.100,batch_large,0.033333,3.000000,replay
82,8.200,single_expert,0.033333,3.000000,replay
82,8.200,multi_expert_top2,0.033333,3.000000,replay
82,8.200,multi_expert_top4,0.033333,3.000000,replay
82,8.200,cache_hit,0.733333,66.000000,replay
82,8.200,cache_miss,0.033333,3.000000,replay
82,8.200,payload_small,0.033333,3.000000,replay
82,8.200,payload_large,0.033333,3.000000,replay
82,8.200,batch_small,0.033333,3.000000,replay
82,8.200,batch_large,0.033333,3.000000,replay
83,8.300,single_expert,0.033333,3.000000,replay
83,8.300,multi_expert_top2,0.033333,3.000000,replay
83,8.300,multi_expert_top4,0.033333,3.000000,replay
83,8.300,cache_hit,0.733333,66.000000,replay
83,8.300,cache_miss,0.033333,3.000000,replay
83,8.300,payload_small,0.033333,3.000000,replay
83,8.300,payload_large,0.033333,3.000000,replay
83,8.300,batch_small,0.033333,3.000000,replay
83,8.300,batch_large,0.033333,3.000000,replay
84,8.400,single_expert,0.033333,3.000000,replay
84,8.400,multi_expert_top2,0.033333,3.000000,replay
84,8.400,multi_expert_top4,0.033333,3.000000,replay
84,8.400,cache_hit,0.733333,66.000000,replay
84,8.400,cache_miss,0.033333,3.000000,replay
84,8.400,payload_small,0.033333,3.000000,replay
84,8.400,payload_large,0.033333,3.000000,replay
84,8.400,batch_small,0.033333,3.000000,replay
84,8.400,batch_large,0.033333,3.000000,replay
85,8.500,single_expert,0.033333,3.000000,replay
85,8.500,multi_expert_top2,0.033333,3.000000,replay
85,8.500,multi_expert_top4,0.033333,3.000000,replay
85,8.500,cache_hit,0.733333,66.000000,replay
85,8.500,cache_miss,0.033333,3.000000,replay
85,8.500,payload_small,0.033333,3.000000,replay
85,8.500,payload_large,0.033333,3.000000,replay
85,8.500,batch_small,0.033333,3.000000,replay
85,8.500,batch_large,0.033333,3.000000,replay
86,8.600,single_expert,0.033333,3.000000,replay
86,8.600,multi_expert_top2,0.033333,3.000000,replay
86,8.600,multi_expert_top4,0.033333,3.000000,replay
86,8.600,cache_hit,0.733333,66.000000,replay
86,8.600,cache_miss,0.033333,3.000000,replay
86,8.600,payload_small,0.033333,3.000000,replay
86,8.600,payload_large,0.033333,3.000000,replay
86,8.600,batch_small,0.033333,3.000000,replay
86,8.600,batch_large,0.033333,3.000000,replay
87,8.700,single_expert,0.033333,3.000000,replay
87,8.700,multi_expert_top2,0.033333,3.000000,replay
87,8.700,multi_expert_top4,0.033333,3.000000,replay
87,8.700,cache_hit,0.733333,66.000000,replay
87,8.700,cache_miss,0.033333,3.000000,replay
87,8.700,payload_small,0.033333,3.000000,replay
87,8.700,payload_large,0.033333,3.000000,replay
87,8.700,batch_small,0.033333,3.000000,replay
87,8.700,batch_large,0.033333,3.000000,replay
88,8.800,single_expert,0.033333,3.000000,replay
88,8.800,multi_expert_top2,0.033333,3.000000,replay
88,8.800,multi_expert_top4,0.033333,3.000000,replay
88,8.800,cache_hit,0.033333,3.000000,replay
88,8.800,cache_miss,0.733333,66.000000,replay
88,8.800,payload_small,0.033333,3.000000,replay
88,8.800,payload_large,0.033333,3.000000,replay
88,8.800,batch_small,0.033333,3.000000,replay
88,8.800,batch_large,0.033333,3.000000,replay
89,8.900,single_expert,0.033333,3.000000,replay
89,8.900,multi_expert_top2,0.033333,3.000000,replay
89,8.900,multi_expert_top4,0.033333,3.000000,replay
89,8.900,cache_hit,0.033333,3.000000,replay
89,8.900,cache_miss,0.733333,66.000000,replay
89,8.900,payload_small,0.033333,3.000000,replay
89,8.900,payload_large,0.033333,3.000000,replay
89,8.900,batch_small,0.033333,3.000000,replay
89,8.900,batch_large,0.033333,3.000000,replay
90,9.000,single_expert,0.033333,3.000000,replay
90,9.000,multi_expert_top2,0.033333,3.000000,replay
90,9.000,multi_expert_top4,0.033333,3.000000,replay
90,9.000,cache_hit,0.033333,3.000000,replay
90,9.000,cache_miss,0.733333,66.000000,replay
90,9.000,payload_small,0.033333,3.000000,replay
90,9.000,payload_large,0.033333,3.000000,replay
90,9.000,batch_small,0.033333,3.000000,replay
90,9.000,batch_large,0.033333,3.000000,replay
91,9.100,single_expert,0.033333,3.000000,replay
91,9.100,multi_expert_top2,0.033333,3.000000,replay
91,9.100,multi_expert_top4,0.033333,3.000000,replay
91,9.100,cache_hit,0.033333,3.000000,replay
91,9.100,cache_miss,0.733333,66.000000,replay
91,9.100,payload_small,0.033333,3.000000,replay
91,9.100,payload_large,0.033333,3.000000,replay
91,9.100,batch_small,0.033333,3.000000,replay
91,9.100,batch_large,0.033333,3.000000,replay
92,9.200,single_expert,0.033333,3.000000,replay
92,9.200,multi_expert_top2,0.033333,3.000000,replay
92,9.200,multi_expert_top4,0.033333,3.000000,replay
92,9.200,cache_hit,0.033333,3.000000,replay
92,9.200,cache_miss,0.733333,66.000000,replay
92,9.200,payload_small,0.033333,3.000000,replay
92,9.200,payload_large,0.033333,3.000000,replay
92,9.200,batch_small,0.033333,3.000000,replay
92,9.200,batch_large,0.033333,3.000000,replay
93,9.300,single_expert,0.033333,3.000000,replay
93,9.300,multi_expert_top2,0.033333,3.000000,replay
93,9.300,multi_expert_top4,0.033333,3.000000,replay
93,9.300,cache_hit,0.033333,3.000000,replay
93,9.300,cache_miss,0.733333,66.000000,replay
93,9.300,payload_small,0.033333,3.000000,replay
93,9.300,payload_large,0.033333,3.000000,replay
93,9.300,batch_small,0.033333,3.000000,replay
93,9.300,batch_large,0.033333,3.000000,replay
94,9.400,single_expert,0.033333,3.000000,replay
94,9.400,multi_expert_top2,0.033333,3.000000,replay
94,9.400,multi_expert_top4,0.033333,3.000000,replay
94,9.400,cache_hit,0.033333,3.000000,replay
94,9.400,cache_miss,0.733333,66.000000,replay
94,9.400,payload_small,0.033333,3.000000,replay
94,9.400,payload_large,0.033333,3.000000,replay
94,9.400,batch_small,0.033333,3.000000,replay
94,9.400,batch_large,0.033333,3.000000,replay
95,9.500,single_expert,0.033333,3.000000,replay
95,9.500,multi_expert_top2,0.033333,3.000000,replay
95,9.500,multi_expert_top4,0.033333,3.000000,replay
95,9.500,cache_hit,0.033333,3.000000,replay
95,9.500,cache_miss,0.733333,66.000000,replay
95,9.500,payload_small,0.033333,3.000000,replay
95,9.500,payload_large,0.033333,3.000000,replay
95,9.500,batch_small,0.033333,3.000000,replay
95,9.500,batch_large,0.033333,3.000000,replay
96,9.600,single_expert,0.033333,3.000000,replay
96,9.600,multi_expert_top2,0.033333,3.000000,replay
96,9.600,multi_expert_top4,0.033333,3.000000,replay
96,9.600,cache_hit,0.033333,3.000000,replay
96,9.600,cache_miss,0.733333,66.000000,replay
96,9.600,payload_small,0.033333,3.000000,replay
96,9.600,payload_large,0.033333,3.000000,replay
96,9.600,batch_small,0.033333,3.000000,replay
96,9.600,batch_large,0.033333,3.000000,replay
97,9.700,single_expert,0.033333,3.000000,replay
97,9.700,multi_expert_top2,0.033333,3.000000,replay
97,9.700,multi_expert_top4,0.033333,3.000000,replay
97,9.700,cache_hit,0.033333,3.000000,replay
97,9.700,cache_miss,0.733333,66.000000,replay
97,9.700,payload_small,0.033333,3.000000,replay
97,9.700,payload_large,0.033333,3.000000,replay
97,9.700,batch_small,0.033333,3.000000,replay
97,9.700,batch_large,0.033333,3.000000,replay
98,9.800,single_expert,0.033333,3.000000,replay
98,9.800,multi_expert_top2,0.033333,3.000000,replay
98,9.800,multi_expert_top4,0.033333,3.000000,replay
98,9.800,cache_hit,0.033333,3.000000,replay
98,9.800,cache_miss,0.733333,66.000000,replay
98,9.800,payload_small,0.033333,3.000000,replay
98,9.800,payload_large,0.033333,3.000000,replay
98,9.800,batch_small,0.033333,3.000000,replay
98,9.800,batch_large,0.033333,3.000000,replay
99,9.900,single_expert,0.033333,3.000000,replay
99,9.900,multi_expert_top2,0.033333,3.000000,replay
99,9.900,multi_expert_top4,0.033333,3.000000,replay
99,9.900,cache_hit,0.033333,3.000000,replay
99,9.900,cache_miss,0.733333,66.000000,replay
99,9.900,payload_small,0.033333,3.000000,replay
99,9.900,payload_large,0.033333,3.000000,replay
99,9.900,batch_small,0.033333,3.000000,replay
99,9.900,batch_large,0.033333,3.000000,replay
100,10.000,single_expert,0.033333,3.000000,replay
100,10.000,multi_expert_top2,0.033333,3.000000,replay
100,10.000,multi_expert_top4,0.033333,3.000000,replay
100,10.000,cache_hit,0.033333,3.000000,replay
100,10.000,cache_miss,0.733333,66.000000,replay
100,10.000,payload_small,0.033333,3.000000,replay
100,10.000,payload_large,0.033333,3.000000,replay
100,10.000,batch_small,0.033333,3.000000,replay
100,10.000,batch_large,0.033333,3.000000,replay
101,10.100,single_expert,0.033333,3.000000,replay
101,10.100,multi_expert_top2,0.033333,3.000000,replay
101,10.100,multi_expert_top4,0.033333,3.000000,replay
101,10.100,cache_hit,0.033333,3.000000,replay
101,10.100,cache_miss,0.733333,66.000000,replay
101,10.100,payload_small,0.033333,3.000000,replay
101,10.100,payload_large,0.033333,3.000000,replay
101,10.100,batch_small,0.033333,3.000000,replay
101,10.100,batch_large,0.033333,3.000000,replay
102,10.200,single_expert,0.033333,3.000000,replay
102,10.200,multi_expert_top2,0.033333,3.000000,replay
102,10.200,multi_expert_top4,0.033333,3.000000,replay
102,10.200,cache_hit,0.033333,3.000000,replay
102,10.200,cache_miss,0.733333,66.000000,replay
102,10.200,payload_small,0.033333,3.000000,replay
102,10.200,payload_large,0.033333,3.000000,replay
102,10.200,batch_small,0.033333,3.000000,replay
102,10.200,batch_large,0.033333,3.000000,replay
103,10.300,single_expert,0.033333,3.000000,replay
103,10.300,multi_expert_top2,0.033333,3.000000,replay
103,10.300,multi_expert_top4,0.033333,3.000000,replay
103,10.300,cache_hit,0.033333,3.000000,replay
103,10.300,cache_miss,0.733333,66.000000,replay
103,10.300,payload_small,0.033333,3.000000,replay
103,10.300,payload_large,0.033333,3.000000,replay
103,10.300,batch_small,0.033333,3.000000,replay
103,10.300,batch_large,0.033333,3.000000,replay
104,10.400,single_expert,0.033333,3.000000,replay
104,10.400,multi_expert_top2,0.033333,3.000000,replay
104,10.400,multi_expert_top4,0.033333,3.000000,replay
104,10.400,cache_hit,0.033333,3.000000,replay
104,10.400,cache_miss,0.733333,66.000000,replay
104,10.400,payload_small,0.033333,3.000000,replay
104,10.400,payload_large,0.033333,3.000000,replay
104,10.400,batch_small,0.033333,3.000000,replay
104,10.400,batch_large,0.033333,3.000000,replay
105,10.500,single_expert,0.033333,3.000000,replay
105,10.500,multi_expert_top2,0.033333,3.000000,replay
105,10.500,multi_expert_top4,0.033333,3.000000,replay
105,10.500,cache_hit,0.033333,3.000000,replay
105,10.500,cache_miss,0.733333,66.000000,replay
105,10.500,payload_small,0.033333,3.000000,replay
105,10.500,payload_large,0.033333,3.000000,replay
105,10.500,batch_small,0.033333,3.000000,replay
105,10.500,batch_large,0.033333,3.000000,replay
106,10.600,single_expert,0.033333,3.000000,replay
106,10.600,multi_expert_top2,0.033333,3.000000,replay
106,10.600,multi_expert_top4,0.033333,3.000000,replay
106,10.600,cache_hit,0.033333,3.000000,replay
106,10.600,cache_miss,0.733333,66.000000,replay
106,10.600,payload_small,0.033333,3.000000,replay
106,10.600,payload_large,0.033333,3.000000,replay
106,10.600,batch_small,0.033333,3.000000,replay
106,10.600,batch_large,0.033333,3.000000,replay
107,10.700,single_expert,0.033333,3.000000,replay
107,10.700,multi_expert_top2,0.033333,3.000000,replay
107,10.700,multi_expert_top4,0.033333,3.000000,replay
107,10.700,cache_hit,0.033333,3.000000,replay
107,10.700,cache_miss,0.733333,66.000000,replay
107,10.700,payload_small,0.033333,3.000000,replay
107,10.700,payload_large,0.033333,3.000000,replay
107,10.700,batch_small,0.033333,3.000000,replay
107,10.700,batch_large,0.033333,3.000000,replay
108,10.800,single_expert,0.033333,3.000000,replay
108,10.800,multi_expert_top2,0.033333,3.000000,replay
108,10.800,multi_expert_top4,0.033333,3.000000,replay
108,10.800,cache_hit,0.033333,3.000000,replay
108,10.800,cache_miss,0.733333,66.000000,replay
108,10.800,payload_small,0.033333,3.000000,replay
108,10.800,payload_large,0.033333,3.000000,replay
108,10.800,batch_small,0.033333,3.000000,replay
108,10.800,batch_large,0.033333,3.000000,replay
109,10.900,single_expert,0.033333,3.000000,replay
109,10.900,multi_expert_top2,0.033333,3.000000,replay
109,10.900,multi_expert_top4,0.033333,3.000000,replay
109,10.900,cache_hit,0.033333,3.000000,replay
109,10.900,cache_miss,0.733333,66.000000,replay
109,10.900,payload_small,0.033333,3.000000,replay
109,10.900,payload_large,0.033333,3.000000,replay
109,10.900,batch_small,0.033333,3.000000,replay
109,10.900,batch_large,0.033333,3.000000,replay
110,11.000,single_expert,0.033333,3.000000,replay
110,11.000,multi_expert_top2,0.033333,3.000000,replay
110,11.000,multi_expert_top4,0.033333,3.000000,replay
110,11.000,cache_hit,0.033333,3.000000,replay
110,11.000,cache_miss,0.033333,3.000000,replay
110,11.000,payload_small,0.733333,66.000000,replay
110,11.000,payload_large,0.033333,3.000000,replay
110,11.000,batch_small,0.033333,3.000000,replay
110,11.000,batch_large,0.033333,3.000000,replay
111,11.100,single_expert,0.033333,3.000000,replay
111,11.100,multi_expert_top2,0.033333,3.000000,replay
111,11.100,multi_expert_top4,0.033333,3.000000,replay
111,11.100,cache_hit,0.033333,3.000000,replay
111,11.100,cache_miss,0.033333,3.000000,replay
111,11.100,payload_small,0.733333,66.000000,replay
111,11.100,payload_large,0.033333,3.000000,replay
111,11.100,batch_small,0.033333,3.000000,replay
111,11.100,batch_large,0.033333,3.000000,replay
112,11.200,single_expert,0.033333,3.000000,replay
112,11.200,multi_expert_top2,0.033333,3.000000,replay
112,11.200,multi_expert_top4,0.033333,3.000000,replay
112,11.200,cache_hit,0.033333,3.000000,replay
112,11.200,cache_miss,0.033333,3.000000,replay
112,11.200,payload_small,0.733333,66.000000,replay
112,11.200,payload_large,0.033333,3.000000,replay
112,11.200,batch_small,0.033333,3.000000,replay
112,11.200,batch_large,0.033333,3.000000,replay
113,11.300,single_expert,0.033333,3.000000,replay
113,11.300,multi_expert_top2,0.033333,3.000000,replay
113,11.300,multi_expert_top4,0.033333,3.000000,replay
113,11.300,cache_hit,0.033333,3.000000,replay
113,11.300,cache_miss,0.033333,3.000000,replay
113,11.300,payload_small,0.733333,66.000000,replay
113,11.300,payload_large,0.033333,3.000000,replay
113,11.300,batch_small,0.033333,3.000000,replay
113,11.300,batch_large,0.033333,3.000000,replay
114,11.400,single_expert,0.033333,3.000000,replay
114,11.400,multi_expert_top2,0.033333,3.000000,replay
114,11.400,multi_expert_top4,0.033333,3.000000,replay
114,11.400,cache_hit,0.033333,3.000000,replay
114,11.400,cache_miss,0.033333,3.000000,replay
114,11.400,payload_small,0.733333,66.000000,replay
114,11.400,payload_large,0.033333,3.000000,replay
114,11.400,batch_small,0.033333,3.000000,replay
114,11.400,batch_large,0.033333,3.000000,replay
115,11.500,single_expert,0.033333,3.000000,replay
115,11.500,multi_expert_top2,0.033333,3.000000,replay
115,11.500,multi_expert_top4,0.033333,3.000000,replay
115,11.500,cache_hit,0.033333,3.000000,replay
115,11.500,cache_miss,0.033333,3.000000,replay
115,11.500,payload_small,0.733333,66.000000,replay
115,11.500,payload_large,0.033333,3.000000,replay
115,11.500,batch_small,0.033333,3.000000,replay
115,11.500,batch_large,0.033333,3.000000,replay
116,11.600,single_expert,0.033333,3.000000,replay
116,11.600,multi_expert_top2,0.033333,3.000000,replay
116,11.600,multi_expert_top4,0.033333,3.000000,replay
116,11.600,cache_hit,0.033333,3.000000,replay
116,11.600,cache_miss,0.033333,3.000000,replay
116,11.600,payload_small,0.733333,66.000000,replay
116,11.600,payload_large,0.033333,3.000000,replay
116,11.600,batch_small,0.033333,3.000000,replay
116,11.600,batch_large,0.033333,3.000000,replay
117,11.700,single_expert,0.033333,3.000000,replay
117,11.700,multi_expert_top2,0.033333,3.000000,replay
117,11.700,multi_expert_top4,0.033333,3.000000,replay
117,11.700,cache_hit,0.033333,3.000000,replay
117,11.700,cache_miss,0.033333,3.000000,replay
117,11.700,payload_small,0.733333,66.000000,replay
117,11.700,payload_large,0.033333,3.000000,replay
117,11.700,batch_small,0.033333,3.000000,replay
117,11.700,batch_large,0.033333,3.000000,replay
118,11.800,single_expert,0.033333,3.000000,replay
118,11.800,multi_expert_top2,0.033333,3.000000,replay
118,11.800,multi_expert_top4,0.033333,3.000000,replay
118,11.800,cache_hit,0.033333,3.000000,replay
118,11.800,cache_miss,0.033333,3.000000,replay
118,11.800,payload_small,0.733333,66.000000,replay
118,11.800,payload_large,0.033333,3.000000,replay
118,11.800,batch_small,0.033333,3.000000,replay
118,11.800,batch_large,0.033333,3.000000,replay
119,11.900,single_expert,0.033333,3.000000,replay
119,11.900,multi_expert_top2,0.033333,3.000000,replay
119,11.900,multi_expert_top4,0.033333,3.000000,replay
119,11.900,cache_hit,0.033333,3.000000,replay
119,11.900,cache_miss,0.033333,3.000000,replay
119,11.900,payload_small,0.733333,66.000000,replay
119,11.900,payload_large,0.033333,3.000000,replay
119,11.900,batch_small,0.033333,3.000000,replay
119,11.900,batch_large,0.033333,3.000000,replay
120,12.000,single_expert,0.033333,3.000000,replay
120,12.000,multi_expert_top2,0.033333,3.000000,replay
120,12.000,multi_expert_top4,0.033333,3.000000,replay
120,12.000,cache_hit,0.033333,3.000000,replay
120,12.000,cache_miss,0.033333,3.000000,replay
120,12.000,payload_small,0.733333,66.000000,replay
120,12.000,payload_large,0.033333,3.000000,replay
120,12.000,batch_small,0.033333,3.000000,replay
120,12.000,batch_large,0.033333,3.000000,replay
121,12.100,single_expert,0.033333,3.000000,replay
121,12.100,multi_expert_top2,0.033333,3.000000,replay
121,12.100,multi_expert_top4,0.033333,3.000000,replay
121,12.100,cache_hit,0.033333,3.000000,replay
121,12.100,cache_miss,0.033333,3.000000,replay
121,12.100,payload_small,0.733333,66.000000,replay
121,12.100,payload_large,0.033333,3.000000,replay
121,12.100,batch_small,0.033333,3.000000,replay
121,12.100,batch_large,0.033333,3.000000,replay
122,12.200,single_expert,0.033333,3.000000,replay
122,12.200,multi_expert_top2,0.033333,3.000000,replay
122,12.200,multi_expert_top4,0.033333,3.000000,replay
122,12.200,cache_hit,0.033333,3.000000,replay
122,12.200,cache_miss,0.033333,3.000000,replay
122,12.200,payload_small,0.733333,66.000000,replay
122,12.200,payload_large,0.033333,3.000000,replay
122,12.200,batch_small,0.033333,3.000000,replay
122,12.200,batch_large,0.033333,3.000000,replay
123,12.300,single_expert,0.033333,3.000000,replay
123,12.300,multi_expert_top2,0.033333,3.000000,replay
123,12.300,multi_expert_top4,0.033333,3.000000,replay
123,12.300,cache_hit,0.033333,3.000000,replay
123,12.300,cache_miss,0.033333,3.000000,replay
123,12.300,payload_small,0.733333,66.000000,replay
123,12.300,payload_large,0.033333,3.000000,replay
123,12.300,batch_small,0.033333,3.000000,replay
123,12.300,batch_large,0.033333,3.000000,replay
124,12.400,single_expert,0.033333,3.000000,replay
124,12.400,multi_expert_top2,0.033333,3.000000,replay
124,12.400,multi_expert_top4,0.033333,3.000000,replay
124,12.400,cache_hit,0.033333,3.000000,replay
124,12.400,cache_miss,0.033333,3.000000,replay
124,12.400,payload_small,0.733333,66.000000,replay
124,12.400,payload_large,0.033333,3.000000,replay
124,12.400,batch_small,0.033333,3.000000,replay
124,12.400,batch_large,0.033333,3.000000,replay
125,12.500,single_expert,0.033333,3.000000,replay
125,12.500,multi_expert_top2,0.033333,3.000000,replay
125,12.500,multi_expert_top4,0.033333,3.000000,replay
125,12.500,cache_hit,0.033333,3.000000,replay
125,12.500,cache_miss,0.033333,3.000000,replay
125,12.500,payload_small,0.733333,66.000000,replay
125,12.500,payload_large,0.033333,3.000000,replay
125,12.500,batch_small,0.033333,3.000000,replay
125,12.500,batch_large,0.033333,3.000000,replay
126,12.600,single_expert,0.033333,3.000000,replay
126,12.600,multi_expert_top2,0.033333,3.000000,replay
126,12.600,multi_expert_top4,0.033333,3.000000,replay
126,12.600,cache_hit,0.033333,3.000000,replay
126,12.600,cache_miss,0.033333,3.000000,replay
126,12.600,payload_small,0.733333,66.000000,replay
126,12.600,payload_large,0.033333,3.000000,replay
126,12.600,batch_small,0.033333,3.000000,replay
126,12.600,batch_large,0.033333,3.000000,replay
127,12.700,single_expert,0.033333,3.000000,replay
127,12.700,multi_expert_top2,0.033333,3.000000,replay
127,12.700,multi_expert_top4,0.033333,3.000000,replay
127,12.700,cache_hit,0.033333,3.000000,replay
127,12.700,cache_miss,0.033333,3.000000,replay
127,12.700,payload_small,0.733333,66.000000,replay
127,12.700,payload_large,0.033333,3.000000,replay
127,12.700,batch_small,0.033333,3.000000,replay
127,12.700,batch_large,0.033333,3.000000,replay
128,12.800,single_expert,0.033333,3.000000,replay
128,12.800,multi_expert_top2,0.033333,3.000000,replay
128,12.800,multi_expert_top4,0.033333,3.000000,replay
128,12.800,cache_hit,0.033333,3.000000,replay
128,12.800,cache_miss,0.033333,3.000000,replay
128,12.800,payload_small,0.733333,66.000000,replay
128,12.800,payload_large,0.033333,3.000000,replay
128,12.800,batch_small,0.033333,3.000000,replay
128,12.800,batch_large,0.033333,3.000000,replay
129,12.900,single_expert,0.033333,3.000000,replay
129,12.900,multi_expert_top2,0.033333,3.000000,replay
129,12.900,multi_expert_top4,0.033333,3.000000,replay
129,12.900,cache_hit,0.033333,3.000000,replay
129,12.900,cache_miss,0.033333,3.000000,replay
129,12.900,payload_small,0.733333,66.000000,replay
129,12.900,payload_large,0.033333,3.000000,replay
129,12.900,batch_small,0.033333,3.000000,replay
129,12.900,batch_large,0.033333,3.000000,replay
130,13.000,single_expert,0.033333,3.000000,replay
130,13.000,multi_expert_top2,0.033333,3.000000,replay
130,13.000,multi_expert_top4,0.033333,3.000000,replay
130,13.000,cache_hit,0.033333,3.000000,replay
130,13.000,cache_miss,0.033333,3.000000,replay
130,13.000,payload_small,0.733333,66.000000,replay
130,13.000,payload_large,0.033333,3.000000,replay
130,13.000,batch_small,0.033333,3.000000,replay
130,13.000,batch_large,0.033333,3.000000,replay
131,13.100,single_expert,0.033333,3.000000,replay
131,13.100,multi_expert_top2,0.033333,3.000000,replay
131,13.100,multi_expert_top4,0.033333,3.000000,replay
131,13.100,cache_hit,0.033333,3.000000,replay
131,13.100,cache_miss,0.033333,3.000000,replay
131,13.100,payload_small,0.733333,66.000000,replay
131,13.100,payload_large,0.033333,3.000000,replay
131,13.100,batch_small,0.033333,3.000000,replay
131,13.100,batch_large,0.033333,3.000000,replay
132,13.200,single_expert,0.033333,3.000000,replay
132,13.200,multi_expert_top2,0.033333,3.000000,replay
132,13.200,multi_expert_top4,0.033333,3.000000,replay
132,13.200,cache_hit,0.033333,3.000000,replay
132,13.200,cache_miss,0.033333,3.000000,replay
132,13.200,payload_small,0.033333,3.000000,replay
132,13.200,payload_large,0.733333,66.000000,replay
132,13.200,batch_small,0.033333,3.000000,replay
132,13.200,batch_large,0.033333,3.000000,replay
133,13.300,single_expert,0.033333,3.000000,replay
133,13.300,multi_expert_top2,0.033333,3.000000,replay
133,13.300,multi_expert_top4,0.033333,3.000000,replay
133,13.300,cache_hit,0.033333,3.000000,replay
133,13.300,cache_miss,0.033333,3.000000,replay
133,13.300,payload_small,0.033333,3.000000,replay
133,13.300,payload_large,0.733333,66.000000,replay
133,13.300,batch_small,0.033333,3.000000,replay
133,13.300,batch_large,0.033333,3.000000,replay
134,13.400,single_expert,0.033333,3.000000,replay
134,13.400,multi_expert_top2,0.033333,3.000000,replay
134,13.400,multi_expert_top4,0.033333,3.000000,replay
134,13.400,cache_hit,0.033333,3.000000,replay
134,13.400,cache_miss,0.033333,3.000000,replay
134,13.400,payload_small,0.033333,3.000000,replay
134,13.400,payload_large,0.733333,66.000000,replay
134,13.400,batch_small,0.033333,3.000000,replay
134,13.400,batch_large,0.033333,3.000000,replay
135,13.500,single_expert,0.033333,3.000000,replay
135,13.500,multi_expert_top2,0.033333,3.000000,replay
135,13.500,multi_expert_top4,0.033333,3.000000,replay
135,13.500,cache_hit,0.033333,3.000000,replay
135,13.500,cache_miss,0.033333,3.000000,replay
135,13.500,payload_small,0.033333,3.000000,replay
135,13.500,payload_large,0.733333,66.000000,replay
135,13.500,batch_small,0.033333,3.000000,replay
135,13.500,batch_large,0.033333,3.000000,replay
136,13.600,single_expert,0.033333,3.000000,replay
136,13.600,multi_expert_top2,0.033333,3.000000,replay
136,13.600,multi_expert_top4,0.033333,3.000000,replay
136,13.600,cache_hit,0.033333,3.000000,replay
136,13.600,cache_miss,0.033333,3.000000,replay
136,13.600,payload_small,0.033333,3.000000,replay
136,13.600,payload_large,0.733333,66.000000,replay
136,13.600,batch_small,0.033333,3.000000,replay
136,13.600,batch_large,0.033333,3.000000,replay
137,13.700,single_expert,0.033333,3.000000,replay
137,13.700,multi_expert_top2,0.033333,3.000000,replay
137,13.700,multi_expert_top4,0.033333,3.000000,replay
137,13.700,cache_hit,0.033333,3.000000,replay
137,13.700,cache_miss,0.033333,3.000000,replay
137,13.700,payload_small,0.033333,3.000000,replay
137,13.700,payload_large,0.733333,66.000000,replay
137,13.700,batch_small,0.033333,3.000000,replay
137,13.700,batch_large,0.033333,3.000000,replay
138,13.800,single_expert,0.033333,3.000000,replay
138,13.800,multi_expert_top2,0.033333,3.000000,replay
138,13.800,multi_expert_top4,0.033333,3.000000,replay
138,13.800,cache_hit,0.033333,3.000000,replay
138,13.800,cache_miss,0.033333,3.000000,replay
138,13.800,payload_small,0.033333,3.000000,replay
138,13.800,payload_large,0.733333,66.000000,replay
138,13.800,batch_small,0.033333,3.000000,replay
138,13.800,batch_large,0.033333,3.000000,replay
139,13.900,single_expert,0.033333,3.000000,replay
139,13.900,multi_expert_top2,0.033333,3.000000,replay
139,13.900,multi_expert_top4,0.033333,3.000000,replay
139,13.900,cache_hit,0.033333,3.000000,replay
139,13.900,cache_miss,0.033333,3.000000,replay
139,13.900,payload_small,0.033333,3.000000,replay
139,13.900,payload_large,0.733333,66.000000,replay
139,13.900,batch_small,0.033333,3.000000,replay
139,13.900,batch_large,0.033333,3.000000,replay
140,14.000,single_expert,0.033333,3.000000,replay
140,14.000,multi_expert_top2,0.033333,3.000000,replay
140,14.000,multi_expert_top4,0.033333,3.000000,replay
140,14.000,cache_hit,0.033333,3.000000,replay
140,14.000,cache_miss,0.033333,3.000000,replay
140,14.000,payload_small,0.033333,3.000000,replay
140,14.000,payload_large,0.733333,66.000000,replay
140,14.000,batch_small,0.033333,3.000000,replay
140,14.000,batch_large,0.033333,3.000000,replay
141,14.100,single_expert,0.033333,3.000000,replay
141,14.100,multi_expert_top2,0.033333,3.000000,replay
141,14.100,multi_expert_top4,0.033333,3.000000,replay
141,14.100,cache_hit,0.033333,3.000000,replay
141,14.100,cache_miss,0.033333,3.000000,replay
141,14.100,payload_small,0.033333,3.000000,replay
141,14.100,payload_large,0.733333,66.000000,replay
141,14.100,batch_small,0.033333,3.000000,replay
141,14.100,batch_large,0.033333,3.000000,replay
142,14.200,single_expert,0.033333,3.000000,replay
142,14.200,multi_expert_top2,0.033333,3.000000,replay
142,14.200,multi_expert_top4,0.033333,3.000000,replay
142,14.200,cache_hit,0.033333,3.000000,replay
142,14.200,cache_miss,0.033333,3.000000,replay
142,14.200,payload_small,0.033333,3.000000,replay
142,14.200,payload_large,0.733333,66.000000,replay
142,14.200,batch_small,0.033333,3.000000,replay
142,14.200,batch_large,0.033333,3.000000,replay
143,14.300,single_expert,0.033333,3.000000,replay
143,14.300,multi_expert_top2,0.033333,3.000000,replay
143,14.300,multi_expert_top4,0.033333,3.000000,replay
143,14.300,cache_hit,0.033333,3.000000,replay
143,14.300,cache_miss,0.033333,3.000000,replay
143,14.300,payload_small,0.033333,3.000000,replay
143,14.300,payload_large,0.733333,66.000000,replay
143,14.300,batch_small,0.033333,3.000000,replay
143,14.300,batch_large,0.033333,3.000000,replay
144,14.400,single_expert,0.033333,3.000000,replay
144,14.400,multi_expert_top2,0.033333,3.000000,replay
144,14.400,multi_expert_top4,0.033333,3.000000,replay
144,14.400,cache_hit,0.033333,3.000000,replay
144,14.400,cache_miss,0.033333,3.000000,replay
144,14.400,payload_small,0.033333,3.000000,replay
144,14.400,payload_large,0.733333,66.000000,replay
144,14.400,batch_small,0.033333,3.000000,replay
144,14.400,batch_large,0.033333,3.000000,replay
145,14.500,single_expert,0.033333,3.000000,replay
145,14.500,multi_expert_top2,0.033333,3.000000,replay
145,14.500,multi_expert_top4,0.033333,3.000000,replay
145,14.500,cache_hit,0.033333,3.000000,replay
145,14.500,cache_miss,0.033333,3.000000,replay
145,14.500,payload_small,0.033333,3.000000,replay
145,14.500,payload_large,0.733333,66.000000,replay
145,14.500,batch_small,0.033333,3.000000,replay
145,14.500,batch_large,0.033333,3.000000,replay
146,14.600,single_expert,0.033333,3.000000,replay
146,14.600,multi_expert_top2,0.033333,3.000000,replay
146,14.600,multi_expert_top4,0.033333,3.000000,replay
146,14.600,cache_hit,0.033333,3.000000,replay
146,14.600,cache_miss,0.033333,3.000000,replay
146,14.600,payload_small,0.033333,3.000000,replay
146,14.600,payload_large,0.733333,66.000000,replay
146,14.600,batch_small,0.033333,3.000000,replay
146,14.600,batch_large,0.033333,3.000000,replay
147,14.700,single_expert,0.033333,3.000000,replay
147,14.700,multi_expert_top2,0.033333,3.000000,replay
147,14.700,multi_expert_top4,0.033333,3.000000,replay
147,14.700,cache_hit,0.033333,3.000000,replay
147,14.700,cache_miss,0.033333,3.000000,replay
147,14.700,payload_small,0.033333,3.000000,replay
147,14.700,payload_large,0.733333,66.000000,replay
147,14.700,batch_small,0.033333,3.000000,replay
147,14.700,batch_large,0.033333,3.000000,replay
148,14.800,single_expert,0.033333,3.000000,replay
148,14.800,multi_expert_top2,0.033333,3.000000,replay
148,14.800,multi_expert_top4,0.033333,3.000000,replay
148,14.800,cache_hit,0.033333,3.000000,replay
148,14.800,cache_miss,0.033333,3.000000,replay
148,14.800,payload_small,0.033333,3.000000,replay
148,14.800,payload_large,0.733333,66.000000,replay
148,14.800,batch_small,0.033333,3.000000,replay
148,14.800,batch_large,0.033333,3.000000,replay
149,14.900,single_expert,0.033333,3.000000,replay
149,14.900,multi_expert_top2,0.033333,3.000000,replay
149,14.900,multi_expert_top4,0.033333,3.000000,replay
149,14.900,cache_hit,0.033333,3.000000,replay
149,14.900,cache_miss,0.033333,3.000000,replay
149,14.900,payload_small,0.033333,3.000000,replay
149,14.900,payload_large,0.733333,66.000000,replay
149,14.900,batch_small,0.033333,3.000000,replay
149,14.900,batch_large,0.033333,3.000000,replay
150,15.000,single_expert,0.033333,3.000000,replay
150,15.000,multi_expert_top2,0.033333,3.000000,replay
150,15.000,multi_expert_top4,0.033333,3.000000,replay
150,15.000,cache_hit,0.033333,3.000000,replay
150,15.000,cache_miss,0.033333,3.000000,replay
150,15.000,payload_small,0.033333,3.000000,replay
150,15.000,payload_large,0.733333,66.000000,replay
150,15.000,batch_small,0.033333,3.000000,replay
150,15.000,batch_large,0.033333,3.000000,replay
151,15.100,single_expert,0.033333,3.000000,replay
151,15.100,multi_expert_top2,0.033333,3.000000,replay
151,15.100,multi_expert_top4,0.033333,3.000000,replay
151,15.100,cache_hit,0.033333,3.000000,replay
151,15.100,cache_miss,0.033333,3.000000,replay
151,15.100,payload_small,0.033333,3.000000,replay
151,15.100,payload_large,0.733333,66.000000,replay
151,15.100,batch_small,0.033333,3.000000,replay
151,15.100,batch_large,0.033333,3.000000,replay
152,15.200,single_expert,0.033333,3.000000,replay
152,15.200,multi_expert_top2,0.033333,3.000000,replay
152,15.200,multi_expert_top4,0.033333,3.000000,replay
152,15.200,cache_hit,0.033333,3.000000,replay
152,15.200,cache_miss,0.033333,3.000000,replay
152,15.200,payload_small,0.033333,3.000000,replay
152,15.200,payload_large,0.733333,66.000000,replay
152,15.200,batch_small,0.033333,3.000000,replay
152,15.200,batch_large,0.033333,3.000000,replay
153,15.300,single_expert,0.033333,3.000000,replay
153,15.300,multi_expert_top2,0.033333,3.000000,replay
153,15.300,multi_expert_top4,0.033333,3.000000,replay
153,15.300,cache_hit,0.033333,3.000000,replay
153,15.300,cache_miss,0.033333,3.000000,replay
153,15.300,payload_small,0.033333,3.000000,replay
153,15.300,payload_large,0.733333,66.000000,replay
153,15.300,batch_small,0.033333,3.000000,replay
153,15.300,batch_large,0.033333,3.000000,replay
154,15.400,single_expert,0.033333,3.000000,replay
154,15.400,multi_expert_top2,0.033333,3.000000,replay
154,15.400,multi_expert_top4,0.033333,3.000000,replay
154,15.400,cache_hit,0.033333,3.000000,replay
154,15.400,cache_miss,0.033333,3.000000,replay
154,15.400,payload_small,0.033333,3.000000,replay
154,15.400,payload_large,0.033333,3.000000,replay
154,15.400,batch_small,0.733333,66.000000,replay
154,15.400,batch_large,0.033333,3.000000,replay
155,15.500,single_expert,0.033333,3.000000,replay
155,15.500,multi_expert_top2,0.033333,3.000000,replay
155,15.500,multi_expert_top4,0.033333,3.000000,replay
155,15.500,cache_hit,0.033333,3.000000,replay
155,15.500,cache_miss,0.033333,3.000000,replay
155,15.500,payload_small,0.033333,3.000000,replay
155,15.500,payload_large,0.033333,3.000000,replay
155,15.500,batch_small,0.733333,66.000000,replay
155,15.500,batch_large,0.033333,3.000000,replay
156,15.600,single_expert,0.033333,3.000000,replay
156,15.600,multi_expert_top2,0.033333,3.000000,replay
156,15.600,multi_expert_top4,0.033333,3.000000,replay
156,15.600,cache_hit,0.033333,3.000000,replay
156,15.600,cache_miss,0.033333,3.000000,replay
156,15.600,payload_small,0.033333,3.000000,replay
156,15.600,payload_large,0.033333,3.000000,replay
156,15.600,batch_small,0.733333,66.000000,replay
156,15.600,batch_large,0.033333,3.000000,replay
157,15.700,single_expert,0.033333,3.000000,replay
157,15.700,multi_expert_top2,0.033333,3.000000,replay
157,15.700,multi_expert_top4,0.033333,3.000000,replay
157,15.700,cache_hit,0.033333,3.000000,replay
157,15.700,cache_miss,0.033333,3.000000,replay
157,15.700,payload_small,0.033333,3.000000,replay
157,15.700,payload_large,0.033333,3.000000,replay
157,15.700,batch_small,0.733333,66.000000,replay
157,15.700,batch_large,0.033333,3.000000,replay
158,15.800,single_expert,0.033333,3.000000,replay
158,15.800,multi_expert_top2,0.033333,3.000000,replay
158,15.800,multi_expert_top4,0.033333,3.000000,replay
158,15.800,cache_hit,0.033333,3.000000,replay
158,15.800,cache_miss,0.033333,3.000000,replay
158,15.800,payload_small,0.033333,3.000000,replay
158,15.800,payload_large,0.033333,3.000000,replay
158,15.800,batch_small,0.733333,66.000000,replay
158,15.800,batch_large,0.033333,3.000000,replay
159,15.900,single_expert,0.033333,3.000000,replay
159,15.900,multi_expert_top2,0.033333,3.000000,replay
159,15.900,multi_expert_top4,0.033333,3.000000,replay
159,15.900,cache_hit,0.033333,3.000000,replay
159,15.900,cache_miss,0.033333,3.000000,replay
159,15.900,payload_small,0.033333,3.000000,replay
159,15.900,payload_large,0.033333,3.000000,replay
159,15.900,batch_small,0.733333,66.000000,replay
159,15.900,batch_large,0.033333,3.000000,replay
160,16.000,single_expert,0.033333,3.000000,replay
160,16.000,multi_expert_top2,0.033333,3.000000,replay
160,16.000,multi_expert_top4,0.033333,3.000000,replay
160,16.000,cache_hit,0.033333,3.000000,replay
160,16.000,cache_miss,0.033333,3.000000,replay
160,16.000,payload_small,0.033333,3.000000,replay
160,16.000,payload_large,0.033333,3.000000,replay
160,16.000,batch_small,0.733333,66.000000,replay
160,16.000,batch_large,0.033333,3.000000,replay
161,16.100,single_expert,0.033333,3.000000,replay
161,16.100,multi_expert_top2,0.033333,3.000000,replay
161,16.100,multi_expert_top4,0.033333,3.000000,replay
161,16.100,cache_hit,0.033333,3.000000,replay
161,16.100,cache_miss,0.033333,3.000000,replay
161,16.100,payload_small,0.033333,3.000000,replay
161,16.100,payload_large,0.033333,3.000000,replay
161,16.100,batch_small,0.733333,66.000000,replay
161,16.100,batch_large,0.033333,3.000000,replay
162,16.200,single_expert,0.033333,3.000000,replay
162,16.200,multi_expert_top2,0.033333,3.000000,replay
162,16.200,multi_expert_top4,0.033333,3.000000,replay
162,16.200,cache_hit,0.033333,3.000000,replay
162,16.200,cache_miss,0.033333,3.000000,replay
162,16.200,payload_small,0.033333,3.000000,replay
162,16.200,payload_large,0.033333,3.000000,replay
162,16.200,batch_small,0.733333,66.000000,replay
162,16.200,batch_large,0.033333,3.000000,replay
163,16.300,single_expert,0.033333,3.000000,replay
163,16.300,multi_expert_top2,0.033333,3.000000,replay
163,16.300,multi_expert_top4,0.033333,3.000000,replay
163,16.300,cache_hit,0.033333,3.000000,replay
163,16.300,cache_miss,0.033333,3.000000,replay
163,16.300,payload_small,0.033333,3.000000,replay
163,16.300,payload_large,0.033333,3.000000,replay
163,16.300,batch_small,0.733333,66.000000,replay
163,16.300,batch_large,0.033333,3.000000,replay
164,16.400,single_expert,0.033333,3.000000,replay
164,16.400,multi_expert_top2,0.033333,3.000000,replay
164,16.400,multi_expert_top4,0.033333,3.000000,replay
164,16.400,cache_hit,0.033333,3.000000,replay
164,16.400,cache_miss,0.033333,3.000000,replay
164,16.400,payload_small,0.033333,3.000000,replay
164,16.400,payload_large,0.033333,3.000000,replay
164,16.400,batch_small,0.733333,66.000000,replay
164,16.400,batch_large,0.033333,3.000000,replay
165,16.500,single_expert,0.033333,3.000000,replay
165,16.500,multi_expert_top2,0.033333,3.000000,replay
165,16.500,multi_expert_top4,0.033333,3.000000,replay
165,16.500,cache_hit,0.033333,3.000000,replay
165,16.500,cache_miss,0.033333,3.000000,replay
165,16.500,payload_small,0.033333,3.000000,replay
165,16.500,payload_large,0.033333,3.000000,replay
165,16.500,batch_small,0.733333,66.000000,replay
165,16.500,batch_large,0.033333,3.000000,replay
166,16.600,single_expert,0.033333,3.000000,replay
166,16.600,multi_expert_top2,0.033333,3.000000,replay
166,16.600,multi_expert_top4,0.033333,3.000000,replay
166,16.600,cache_hit,0.033333,3.000000,replay
166,16.600,cache_miss,0.033333,3.000000,replay
166,16.600,payload_small,0.033333,3.000000,replay
166,16.600,payload_large,0.033333,3.000000,replay
166,16.600,batch_small,0.733333,66.000000,replay
166,16.600,batch_large,0.033333,3.000000,replay
167,16.700,single_expert,0.033333,3.000000,replay
167,16.700,multi_expert_top2,0.033333,3.000000,replay
167,16.700,multi_expert_top4,0.033333,3.000000,replay
167,16.700,cache_hit,0.033333,3.000000,replay
167,16.700,cache_miss,0.033333,3.000000,replay
167,16.700,payload_small,0.033333,3.000000,replay
167,16.700,payload_large,0.033333,3.000000,replay
167,16.700,batch_small,0.733333,66.000000,replay
167,16.700,batch_large,0.033333,3.000000,replay
168,16.800,single_expert,0.033333,3.000000,replay
168,16.800,multi_expert_top2,0.033333,3.000000,replay
168,16.800,multi_expert_top4,0.033333,3.000000,replay
168,16.800,cache_hit,0.033333,3.000000,replay
168,16.800,cache_miss,0.033333,3.000000,replay
168,16.800,payload_small,0.033333,3.000000,replay
168,16.800,payload_large,0.033333,3.000000,replay
168,16.800,batch_small,0.733333,66.000000,replay
168,16.800,batch_large,0.033333,3.000000,replay
169,16.900,single_expert,0.033333,3.000000,replay
169,16.900,multi_expert_top2,0.033333,3.000000,replay
169,16.900,multi_expert_top4,0.033333,3.000000,replay
169,16.900,cache_hit,0.033333,3.000000,replay
169,16.900,cache_miss,0.033333,3.000000,replay
169,16.900,payload_small,0.033333,3.000000,replay
169,16.900,payload_large,0.033333,3.000000,replay
169,16.900,batch_small,0.733333,66.000000,replay
169,16.900,batch_large,0.033333,3.000000,replay
170,17.000,single_expert,0.033333,3.000000,replay
170,17.000,multi_expert_top2,0.033333,3.000000,replay
170,17.000,multi_expert_top4,0.033333,3.000000,replay
170,17.000,cache_hit,0.033333,3.000000,replay
170,17.000,cache_miss,0.033333,3.000000,replay
170,17.000,payload_small,0.033333,3.000000,replay
170,17.000,payload_large,0.033333,3.000000,replay
170,17.000,batch_small,0.733333,66.000000,replay
170,17.000,batch_large,0.033333,3.000000,replay
171,17.100,single_expert,0.033333,3.000000,replay
171,17.100,multi_expert_top2,0.033333,3.000000,replay
171,17.100,multi_expert_top4,0.033333,3.000000,replay
171,17.100,cache_hit,0.033333,3.000000,replay
171,17.100,cache_miss,0.033333,3.000000,replay
171,17.100,payload_small,0.033333,3.000000,replay
171,17.100,payload_large,0.033333,3.000000,replay
171,17.100,batch_small,0.733333,66.000000,replay
171,17.100,batch_large,0.033333,3.000000,replay
172,17.200,single_expert,0.033333,3.000000,replay
172,17.200,multi_expert_top2,0.033333,3.000000,replay
172,17.200,multi_expert_top4,0.033333,3.000000,replay
172,17.200,cache_hit,0.033333,3.000000,replay
172,17.200,cache_miss,0.033333,3.000000,replay
172,17.200,payload_small,0.033333,3.000000,replay
172,17.200,payload_large,0.033333,3.000000,replay
172,17.200,batch_small,0.733333,66.000000,replay
172,17.200,batch_large,0.033333,3.000000,replay
173,17.300,single_expert,0.033333,3.000000,replay
173,17.300,multi_expert_top2,0.033333,3.000000,replay
173,17.300,multi_expert_top4,0.033333,3.000000,replay
173,17.300,cache_hit,0.033333,3.000000,replay
173,17.300,cache_miss,0.033333,3.000000,replay
173,17.300,payload_small,0.033333,3.000000,replay
173,17.300,payload_large,0.033333,3.000000,replay
173,17.300,batch_small,0.733333,66.000000,replay
173,17.300,batch_large,0.033333,3.000000,replay
174,17.400,single_expert,0.033333,3.000000,replay
174,17.400,multi_expert_top2,0.033333,3.000000,replay
174,17.400,multi_expert_top4,0.033333,3.000000,replay
174,17.400,cache_hit,0.033333,3.000000,replay
174,17.400,cache_miss,0.033333,3.000000,replay
174,17.400,payload_small,0.033333,3.000000,replay
174,17.400,payload_large,0.033333,3.000000,replay
174,17.400,batch_small,0.733333,66.000000,replay
174,17.400,batch_large,0.033333,3.000000,replay
175,17.500,single_expert,0.033333,3.000000,replay
175,17.500,multi_expert_top2,0.033333,3.000000,replay
175,17.500,multi_expert_top4,0.033333,3.000000,replay
175,17.500,cache_hit,0.033333,3.000000,replay
175,17.500,cache_miss,0.033333,3.000000,replay
175,17.500,payload_small,0.033333,3.000000,replay
175,17.500,payload_large,0.033333,3.000000,replay
175,17.500,batch_small,0.733333,66.000000,replay
175,17.500,batch_large,0.033333,3.000000,replay
176,17.600,single_expert,0.033333,3.000000,replay
176,17.600,multi_expert_top2,0.033333,3.000000,replay
176,17.600,multi_expert_top4,0.033333,3.000000,replay
176,17.600,cache_hit,0.033333,3.000000,replay
176,17.600,cache_miss,0.033333,3.000000,replay
176,17.600,payload_small,0.033333,3.000000,replay
176,17.600,payload_large,0.033333,3.000000,replay
176,17.600,batch_small,0.033333,3.000000,replay
176,17.600,batch_large,0.733333,66.000000,replay
177,17.700,single_expert,0.033333,3.000000,replay
177,17.700,multi_expert_top2,0.033333,3.000000,replay
177,17.700,multi_expert_top4,0.033333,3.000000,replay
177,17.700,cache_hit,0.033333,3.000000,replay
177,17.700,cache_miss,0.033333,3.000000,replay
177,17.700,payload_small,0.033333,3.000000,replay
177,17.700,payload_large,0.033333,3.000000,replay
177,17.700,batch_small,0.033333,3.000000,replay
177,17.700,batch_large,0.733333,66.000000,replay
178,17.800,single_expert,0.033333,3.000000,replay
178,17.800,multi_expert_top2,0.033333,3.000000,replay
178,17.800,multi_expert_top4,0.033333,3.000000,replay
178,17.800,cache_hit,0.033333,3.000000,replay
178,17.800,cache_miss,0.033333,3.000000,replay
178,17.800,payload_small,0.033333,3.000000,replay
178,17.800,payload_large,0.033333,3.000000,replay
178,17.800,batch_small,0.033333,3.000000,replay
178,17.800,batch_large,0.733333,66.000000,replay
179,17.900,single_expert,0.033333,3.000000,replay
179,17.900,multi_expert_top2,0.033333,3.000000,replay
179,17.900,multi_expert_top4,0.033333,3.000000,replay
179,17.900,cache_hit,0.033333,3.000000,replay
179,17.900,cache_miss,0.033333,3.000000,replay
179,17.900,payload_small,0.033333,3.000000,replay
179,17.900,payload_large,0.033333,3.000000,replay
179,17.900,batch_small,0.033333,3.000000,replay
179,17.900,batch_large,0.733333,66.000000,replay
180,18.000,single_expert,0.033333,3.000000,replay
180,18.000,multi_expert_top2,0.033333,3.000000,replay
180,18.000,multi_expert_top4,0.033333,3.000000,replay
180,18.000,cache_hit,0.033333,3.000000,replay
180,18.000,cache_miss,0.033333,3.000000,replay
180,18.000,payload_small,0.033333,3.000000,replay
180,18.000,payload_large,0.033333,3.000000,replay
180,18.000,batch_small,0.033333,3.000000,replay
180,18.000,batch_large,0.733333,66.000000,replay
181,18.100,single_expert,0.033333,3.000000,replay
181,18.100,multi_expert_top2,0.033333,3.000000,replay
181,18.100,multi_expert_top4,0.033333,3.000000,replay
181,18.100,cache_hit,0.033333,3.000000,replay
181,18.100,cache_miss,0.033333,3.000000,replay
181,18.100,payload_small,0.033333,3.000000,replay
181,18.100,payload_large,0.033333,3.000000,replay
181,18.100,batch_small,0.033333,3.000000,replay
181,18.100,batch_large,0.733333,66.000000,replay
182,18.200,single_expert,0.033333,3.000000,replay
182,18.200,multi_expert_top2,0.033333,3.000000,replay
182,18.200,multi_expert_top4,0.033333,3.000000,replay
182,18.200,cache_hit,0.033333,3.000000,replay
182,18.200,cache_miss,0.033333,3.000000,replay
182,18.200,payload_small,0.033333,3.000000,replay
182,18.200,payload_large,0.033333,3.000000,replay
182,18.200,batch_small,0.033333,3.000000,replay
182,18.200,batch_large,0.733333,66.000000,replay
183,18.300,single_expert,0.033333,3.000000,replay
183,18.300,multi_expert_top2,0.033333,3.000000,replay
183,18.300,multi_expert_top4,0.033333,3.000000,replay
183,18.300,cache_hit,0.033333,3.000000,replay
183,18.300,cache_miss,0.033333,3.000000,replay
183,18.300,payload_small,0.033333,3.000000,replay
183,18.300,payload_large,0.033333,3.000000,replay
183,18.300,batch_small,0.033333,3.000000,replay
183,18.300,batch_large,0.733333,66.000000,replay
184,18.400,single_expert,0.033333,3.000000,replay
184,18.400,multi_expert_top2,0.033333,3.000000,replay
184,18.400,multi_expert_top4,0.033333,3.000000,replay
184,18.400,cache_hit,0.033333,3.000000,replay
184,18.400,cache_miss,0.033333,3.000000,replay
184,18.400,payload_small,0.033333,3.000000,replay
184,18.400,payload_large,0.033333,3.000000,replay
184,18.400,batch_small,0.033333,3.000000,replay
184,18.400,batch_large,0.733333,66.000000,replay
185,18.500,single_expert,0.033333,3.000000,replay
185,18.500,multi_expert_top2,0.033333,3.000000,replay
185,18.500,multi_expert_top4,0.033333,3.000000,replay
185,18.500,cache_hit,0.033333,3.000000,replay
185,18.500,cache_miss,0.033333,3.000000,replay
185,18.500,payload_small,0.033333,3.000000,replay
185,18.500,payload_large,0.033333,3.000000,replay
185,18.500,batch_small,0.033333,3.000000,replay
185,18.500,batch_large,0.733333,66.000000,replay
186,18.600,single_expert,0.033333,3.000000,replay
186,18.600,multi_expert_top2,0.033333,3.000000,replay
186,18.600,multi_expert_top4,0.033333,3.000000,replay
186,18.600,cache_hit,0.033333,3.000000,replay
186,18.600,cache_miss,0.033333,3.000000,replay
186,18.600,payload_small,0.033333,3.000000,replay
186,18.600,payload_large,0.033333,3.000000,replay
186,18.600,batch_small,0.033333,3.000000,replay
186,18.600,batch_large,0.733333,66.000000,replay
187,18.700,single_expert,0.033333,3.000000,replay
187,18.700,multi_expert_top2,0.033333,3.000000,replay
187,18.700,multi_expert_top4,0.033333,3.000000,replay
187,18.700,cache_hit,0.033333,3.000000,replay
187,18.700,cache_miss,0.033333,3.000000,replay
187,18.700,payload_small,0.033333,3.000000,replay
187,18.700,payload_large,0.033333,3.000000,replay
187,18.700,batch_small,0.033333,3.000000,replay
187,18.700,batch_large,0.733333,66.000000,replay
188,18.800,single_expert,0.033333,3.000000,replay
188,18.800,multi_expert_top2,0.033333,3.000000,replay
188,18.800,multi_expert_top4,0.033333,3.000000,replay
188,18.800,cache_hit,0.033333,3.000000,replay
188,18.800,cache_miss,0.033333,3.000000,replay
188,18.800,payload_small,0.033333,3.000000,replay
188,18.800,payload_large,0.033333,3.000000,replay
188,18.800,batch_small,0.033333,3.000000,replay
188,18.800,batch_large,0.733333,66.000000,replay
189,18.900,single_expert,0.033333,3.000000,replay
189,18.900,multi_expert_top2,0.033333,3.000000,replay
189,18.900,multi_expert_top4,0.033333,3.000000,replay
189,18.900,cache_hit,0.033333,3.000000,replay
189,18.900,cache_miss,0.033333,3.000000,replay
189,18.900,payload_small,0.033333,3.000000,replay
189,18.900,payload_large,0.033333,3.000000,replay
189,18.900,batch_small,0.033333,3.000000,replay
189,18.900,batch_large,0.733333,66.000000,replay
190,19.000,single_expert,0.033333,3.000000,replay
190,19.000,multi_expert_top2,0.033333,3.000000,replay
190,19.000,multi_expert_top4,0.033333,3.000000,replay
190,19.000,cache_hit,0.033333,3.000000,replay
190,19.000,cache_miss,0.033333,3.000000,replay
190,19.000,payload_small,0.033333,3.000000,replay
190,19.000,payload_large,0.033333,3.000000,replay
190,19.000,batch_small,0.033333,3.000000,replay
190,19.000,batch_large,0.733333,66.000000,replay
191,19.100,single_expert,0.033333,3.000000,replay
191,19.100,multi_expert_top2,0.033333,3.000000,replay
191,19.100,multi_expert_top4,0.033333,3.000000,replay
191,19.100,cache_hit,0.033333,3.000000,replay
191,19.100,cache_miss,0.033333,3.000000,replay
191,19.100,payload_small,0.033333,3.000000,replay
191,19.100,payload_large,0.033333,3.000000,replay
191,19.100,batch_small,0.033333,3.000000,replay
191,19.100,batch_large,0.733333,66.000000,replay
192,19.200,single_expert,0.033333,3.000000,replay
192,19.200,multi_expert_top2,0.033333,3.000000,replay
192,19.200,multi_expert_top4,0.033333,3.000000,replay
192,19.200,cache_hit,0.033333,3.000000,replay
192,19.200,cache_miss,0.033333,3.000000,replay
192,19.200,payload_small,0.033333,3.000000,replay
192,19.200,payload_large,0.033333,3.000000,replay
192,19.200,batch_small,0.033333,3.000000,replay
192,19.200,batch_large,0.733333,66.000000,replay
193,19.300,single_expert,0.033333,3.000000,replay
193,19.300,multi_expert_top2,0.033333,3.000000,replay
193,19.300,multi_expert_top4,0.033333,3.000000,replay
193,19.300,cache_hit,0.033333,3.000000,replay
193,19.300,cache_miss,0.033333,3.000000,replay
193,19.300,payload_small,0.033333,3.000000,replay
193,19.300,payload_large,0.033333,3.000000,replay
193,19.300,batch_small,0.033333,3.000000,replay
193,19.300,batch_large,0.733333,66.000000,replay
194,19.400,single_expert,0.033333,3.000000,replay
194,19.400,multi_expert_top2,0.033333,3.000000,replay
194,19.400,multi_expert_top4,0.033333,3.000000,replay
194,19.400,cache_hit,0.033333,3.000000,replay
194,19.400,cache_miss,0.033333,3.000000,replay
194,19.400,payload_small,0.033333,3.000000,replay
194,19.400,payload_large,0.033333,3.000000,replay
194,19.400,batch_small,0.033333,3.000000,replay
194,19.400,batch_large,0.733333,66.000000,replay
195,19.500,single_expert,0.033333,3.000000,replay
195,19.500,multi_expert_top2,0.033333,3.000000,replay
195,19.500,multi_expert_top4,0.033333,3.000000,replay
195,19.500,cache_hit,0.033333,3.000000,replay
195,19.500,cache_miss,0.033333,3.000000,replay
195,19.500,payload_small,0.033333,3.000000,replay
195,19.500,payload_large,0.033333,3.000000,replay
195,19.500,batch_small,0.033333,3.000000,replay
195,19.500,batch_large,0.733333,66.000000,replay
196,19.600,single_expert,0.033333,3.000000,replay
196,19.600,multi_expert_top2,0.033333,3.000000,replay
196,19.600,multi_expert_top4,0.033333,3.000000,replay
196,19.600,cache_hit,0.033333,3.000000,replay
196,19.600,cache_miss,0.033333,3.000000,replay
196,19.600,payload_small,0.033333,3.000000,replay
196,19.600,payload_large,0.033333,3.000000,replay
196,19.600,batch_small,0.033333,3.000000,replay
196,19.600,batch_large,0.733333,66.000000,replay
197,19.700,single_expert,0.033333,3.000000,replay
197,19.700,multi_expert_top2,0.033333,3.000000,replay
197,19.700,multi_expert_top4,0.033333,3.000000,replay
197,19.700,cache_hit,0.033333,3.000000,replay
197,19.700,cache_miss,0.033333,3.000000,replay
197,19.700,payload_small,0.033333,3.000000,replay
197,19.700,payload_large,0.033333,3.000000,replay
197,19.700,batch_small,0.033333,3.000000,replay
197,19.700,batch_large,0.733333,66.000000,replay
198,19.800,single_expert,0.033333,3.000000,replay
198,19.800,multi_expert_top2,0.033333,3.000000,replay
198,19.800,multi_expert_top4,0.033333,3.000000,replay
198,19.800,cache_hit,0.033333,3.000000,replay
198,19.800,cache_miss,0.033333,3.000000,replay
198,19.800,payload_small,0.033333,3.000000,replay
198,19.800,payload_large,0.033333,3.000000,replay
198,19.800,batch_small,0.033333,3.000000,replay
198,19.800,batch_large,0.733333,66.000000,replay
199,19.900,single_expert,0.033333,3.000000,replay
199,19.900,multi_expert_top2,0.033333,3.000000,replay
199,19.900,multi_expert_top4,0.033333,3.000000,replay
199,19.900,cache_hit,0.033333,3.000000,replay
199,19.900,cache_miss,0.033333,3.000000,replay
199,19.900,payload_small,0.033333,3.000000,replay
199,19.900,payload_large,0.033333,3.000000,replay
199,19.900,batch_small,0.033333,3.000000,replay
199,19.900,batch_large,0.733333,66.000000,replay
