step,time_s,p_read_home,p_compose_post,p_read_user,qps_read_home,qps_compose_post,qps_read_user,traffic_stress,edge_jaccard_distance,weighted_edge_distance,hot_edge_rank_correlation,graph_change_rate_per_s,request_mix_entropy,top3_hotspot_churn,active_edge_count,traffic_stress_gini,traffic_stress_skew,migration_count,policy_decision_time_ms,latency_ms,sla_ms,sla_pressure,sla_violation_ratio
0,0.000,0.333333,0.539530,0.127137,30.000000,48.557687,11.442313,0.912956,0.000000,0.000000,1.000000,0.00000000,1.386925,0.000000,15,0.259093,0.378020,,,113.534696,142.852562,0.794768,0.000000
1,5.000,0.336325,0.538018,0.125657,30.269272,48.421586,11.309142,0.925071,0.000000,0.012663,1.000000,0.00253254,1.385884,0.000000,15,0.259198,0.357219,,,115.205144,142.777276,0.806887,0.000000
2,10.000,0.339317,0.536473,0.124210,30.538502,48.282575,11.178922,0.955195,0.000000,0.031091,1.000000,0.00621828,1.384841,0.000000,15,0.259275,0.336495,,,119.339012,142.701025,0.836287,0.000000
3,15.000,0.342307,0.534896,0.122796,30.807647,48.140678,11.051675,0.986356,0.000000,0.031125,1.000000,0.00622502,1.383799,0.000000,15,0.259324,0.315889,,,120.132827,142.623821,0.842305,0.000000
4,20.000,0.345296,0.533288,0.121416,31.076664,47.995916,10.927420,0.933872,0.000000,0.053684,0.989247,0.01073688,1.382759,0.000000,15,0.259460,0.295445,,,118.931125,142.545676,0.834337,0.000000
5,25.000,0.348283,0.531648,0.120069,31.345511,47.848312,10.806177,0.933258,0.000000,0.005442,1.000000,0.00108835,1.381723,0.000000,15,0.259641,0.275202,,,119.187505,142.466603,0.836600,0.000000
6,30.000,0.351268,0.529977,0.118755,31.614146,47.697890,10.687964,0.947180,0.000000,0.014163,1.000000,0.00283263,1.380693,0.000000,15,0.259796,0.255204,,,116.323771,142.386614,0.816957,0.000000
7,35.000,0.354250,0.528274,0.117476,31.882526,47.544673,10.572801,1.001721,0.000000,0.053914,0.989247,0.01078279,1.379669,0.000000,15,0.260048,0.235493,,,119.373058,142.305722,0.838849,0.000000
8,40.000,0.357229,0.526541,0.116230,32.150608,47.388686,10.460706,0.942640,0.000000,0.059530,1.000000,0.01190600,1.378653,0.000000,15,0.260397,0.216110,,,119.787345,142.223939,0.842245,0.000000
9,45.000,0.360204,0.524777,0.115019,32.418351,47.229952,10.351697,1.003878,0.000000,0.060433,1.000000,0.01208662,1.377647,0.000000,15,0.260720,0.197098,,,123.020166,142.141278,0.865478,0.000000
10,50.000,0.363175,0.522983,0.113842,32.685712,47.068498,10.245790,0.997916,0.000000,0.007820,1.000000,0.00156397,1.376652,0.000000,15,0.261017,0.178496,,,117.412651,142.057754,0.826513,0.000000
11,55.000,0.366141,0.521159,0.112700,32.952649,46.904349,10.143002,0.947219,0.000000,0.051416,0.992832,0.01028315,1.375670,0.500000,15,0.261354,0.160347,,,117.757107,141.973377,0.829431,0.000000
12,60.000,0.369101,0.519306,0.111593,33.219120,46.737530,10.043350,0.988963,0.000000,0.041572,1.000000,0.00831437,1.374702,0.000000,15,0.261813,0.142690,,,115.971764,141.888163,0.817346,0.000000
13,65.000,0.372056,0.517423,0.110521,33.485082,46.568068,9.946850,0.981982,0.000000,0.008250,1.000000,0.00165003,1.373749,0.000000,15,0.262247,0.125564,,,115.955659,141.802125,0.817729,0.000000
14,70.000,0.375005,0.515511,0.109484,33.750494,46.395990,9.853516,0.980248,0.000000,0.006023,1.000000,0.00120460,1.372814,0.000000,15,0.262655,0.109009,,,117.804266,141.715275,0.831274,0.000000
15,75.000,0.377948,0.513570,0.108482,34.015314,46.221323,9.763363,1.040382,0.000000,0.057115,1.000000,0.01142301,1.371897,0.000000,15,0.263038,0.093062,,,118.504549,141.627628,0.836733,0.000000
16,80.000,0.380883,0.511601,0.107516,34.279500,46.044094,9.676407,0.951788,0.000000,0.085838,1.000000,0.01716754,1.371001,0.000000,15,0.263396,0.077760,,,120.122182,141.539198,0.848685,0.000000
17,85.000,0.383811,0.509604,0.106585,34.543009,45.864331,9.592659,0.946216,0.066667,0.022343,1.000000,0.00446856,1.370125,0.000000,14,0.230369,0.120452,,,114.677116,141.449998,0.810725,0.000000
18,90.000,0.386731,0.507578,0.105690,34.805802,45.682064,9.512134,1.039835,0.066667,0.102770,1.000000,0.02055393,1.369272,0.000000,15,0.264034,0.049232,,,123.777016,141.360043,0.875615,0.000000
19,95.000,0.389643,0.505526,0.104832,35.067836,45.497320,9.434844,0.987796,0.000000,0.050811,1.000000,0.01016212,1.368444,0.000000,15,0.264315,0.036074,,,117.220035,141.269347,0.829763,0.000000
20,100.000,0.392545,0.503446,0.104009,35.329069,45.310129,9.360802,0.968971,0.066667,0.034032,0.996416,0.00680641,1.367640,0.000000,14,0.230891,0.070912,,,118.754427,141.177924,0.841169,0.000000
21,105.000,0.395438,0.501339,0.103222,35.589461,45.120520,9.290019,0.983743,0.066667,0.028429,1.000000,0.00568574,1.366863,0.000000,15,0.264966,0.012129,,,112.498744,141.085789,0.797378,0.000000
22,110.000,0.398322,0.499206,0.102472,35.848970,44.928524,9.222506,0.988764,0.000000,0.004490,1.000000,0.00089809,1.366115,0.000000,15,0.265307,0.001401,,,114.243570,140.992956,0.810279,0.000000
23,115.000,0.401195,0.497046,0.101759,36.107556,44.734170,9.158275,1.049319,0.000000,0.056875,0.996416,0.01137501,1.365395,0.000000,15,0.265743,-0.008461,,,118.961798,140.899439,0.844303,0.000000
24,120.000,0.404058,0.494861,0.101081,36.365177,44.537489,9.097334,0.976346,0.066667,0.083486,1.000000,0.01669722,1.364705,0.000000,14,0.232146,0.017575,,,121.159609,140.805255,0.860476,0.000000
25,125.000,0.406909,0.492650,0.100441,36.621793,44.338513,9.039694,0.978481,0.000000,0.004611,1.000000,0.00092225,1.364047,0.000000,14,0.232502,0.006788,,,112.313687,140.710416,0.798190,0.000000
26,130.000,0.409748,0.490414,0.099837,36.877363,44.137273,8.985364,1.016724,0.066667,0.050209,1.000000,0.01004181,1.363421,0.000000,15,0.267005,-0.032607,,,122.653327,140.614939,0.872264,0.000000
27,135.000,0.412576,0.488153,0.099271,37.131847,43.933800,8.934353,1.014388,0.066667,0.020022,1.000000,0.00400439,1.362829,0.000000,14,0.233153,-0.011490,,,114.691738,140.518839,0.816202,0.000000
28,140.000,0.415391,0.485868,0.098741,37.385205,43.728127,8.886668,1.056411,0.066667,0.052177,1.000000,0.01043542,1.362271,0.000000,15,0.267720,-0.043961,,,120.349310,140.422130,0.857054,0.000000
29,145.000,0.418193,0.483559,0.098248,37.637397,43.520286,8.842317,1.046261,0.000000,0.010598,0.989247,0.00211956,1.361748,0.000000,15,0.268216,-0.048162,,,120.299432,140.324829,0.857293,0.000000
30,150.000,0.420982,0.481226,0.097792,37.888383,43.310310,8.801307,0.999268,0.066667,0.058972,1.000000,0.01179443,1.361262,0.000000,14,0.234414,-0.030262,,,119.052786,140.226949,0.849001,0.000000
31,155.000,0.423757,0.478869,0.097374,38.138123,43.098232,8.763645,0.985399,0.000000,0.014858,1.000000,0.00297156,1.360812,0.000000,14,0.234894,-0.034132,,,112.930631,140.128508,0.805908,0.000000
32,160.000,0.426518,0.476490,0.096993,38.386579,42.884086,8.729336,1.049918,0.066667,0.073304,0.996416,0.01466081,1.360401,0.500000,15,0.269797,-0.054710,,,120.364540,140.029520,0.859565,0.000000
33,165.000,0.429263,0.474088,0.096649,38.633709,42.667905,8.698386,1.066408,0.000000,0.014404,0.989247,0.00288087,1.360028,0.000000,15,0.270481,-0.054844,,,118.105670,139.930001,0.844034,0.000000
34,170.000,0.431994,0.471664,0.096342,38.879477,42.449724,8.670800,0.971749,0.066667,0.102110,1.000000,0.02042207,1.359693,0.000000,14,0.236917,-0.038401,,,119.389817,139.829966,0.853821,0.000000
35,175.000,0.434709,0.469218,0.096073,39.123842,42.229576,8.646582,1.043388,0.000000,0.067645,1.000000,0.01352909,1.359399,0.000000,14,0.237663,-0.037359,,,120.217584,139.729432,0.860360,0.000000
36,180.000,0.437409,0.466750,0.095842,39.366766,42.007498,8.625735,1.057858,0.066667,0.025940,1.000000,0.00518799,1.359145,0.000000,15,0.272625,-0.049040,,,118.159687,139.628414,0.846244,0.000000
37,185.000,0.440091,0.464261,0.095647,39.608212,41.783524,8.608265,1.037245,0.066667,0.033848,1.000000,0.00676964,1.358931,0.000000,14,0.239096,-0.031582,,,118.515056,139.526929,0.849406,0.000000
38,190.000,0.442757,0.461752,0.095491,39.848140,41.557688,8.594172,0.995041,0.000000,0.041799,1.000000,0.00835986,1.358758,0.000000,14,0.239782,-0.026861,,,120.043979,139.424992,0.860993,0.000000
39,195.000,0.445406,0.459223,0.095372,40.086513,41.330028,8.583459,1.053908,0.000000,0.054739,1.000000,0.01094780,1.358626,0.000000,14,0.240448,-0.020935,,,115.721744,139.322619,0.830603,0.000000
40,200.000,0.448037,0.456673,0.095290,40.323293,41.100579,8.576128,1.048241,0.000000,0.006933,1.000000,0.00138659,1.358536,0.000000,14,0.241095,-0.013819,,,114.165619,139.219827,0.820039,0.000000
41,205.000,0.450649,0.454104,0.095246,40.558443,40.869376,8.572181,0.995619,0.000000,0.051366,1.000000,0.01027330,1.358488,0.000000,14,0.241721,-0.005533,,,114.399806,139.116632,0.822330,0.000000
42,210.000,0.453244,0.451516,0.095240,40.791926,40.636458,8.571617,1.041273,0.000000,0.042646,0.991170,0.00852926,1.358481,0.000000,14,0.242436,0.003902,,,118.783466,139.013050,0.854477,0.000000
43,215.000,0.455819,0.448910,0.095272,41.023704,40.401859,8.574436,1.000016,0.000000,0.040845,1.000000,0.00816898,1.358515,0.000000,14,0.243351,0.014458,,,114.938382,138.909097,0.827436,0.000000
44,220.000,0.458375,0.446285,0.095340,41.253742,40.165618,8.580640,0.983120,0.000000,0.018171,1.000000,0.00363419,1.358592,0.000000,14,0.244247,0.026109,,,115.864771,138.804790,0.834732,0.000000
45,225.000,0.460911,0.443642,0.095447,41.482003,39.927772,8.590225,1.013427,0.000000,0.028624,1.000000,0.00572481,1.358710,0.000000,14,0.245122,0.038823,,,116.170503,138.700146,0.837566,0.000000
46,230.000,0.463427,0.440982,0.095591,41.708450,39.688358,8.603191,1.014075,0.000000,0.005477,1.000000,0.00109540,1.358869,0.000000,14,0.245977,0.052565,,,114.711043,138.595181,0.827670,0.000000
47,235.000,0.465923,0.438305,0.095773,41.933049,39.447414,8.619537,1.021038,0.000000,0.005463,1.000000,0.00109261,1.359069,0.000000,14,0.246812,0.067299,,,112.478842,138.489910,0.812181,0.000000
48,240.000,0.468397,0.435611,0.095992,42.155763,39.204979,8.639258,1.046846,0.000000,0.023298,1.000000,0.00465965,1.359310,0.000000,14,0.247626,0.082987,,,112.927481,138.384353,0.816042,0.000000
49,245.000,0.470851,0.432901,0.096248,42.376558,38.961090,8.662353,1.066501,0.066667,0.030618,1.000000,0.00612367,1.359591,0.000000,15,0.281515,0.079746,,,119.871648,138.278523,0.866886,0.000000
50,250.000,0.473282,0.430175,0.096542,42.595398,38.715785,8.688817,1.079696,0.000000,0.010867,1.000000,0.00217350,1.359912,0.000000,15,0.282150,0.095984,,,113.433133,138.172440,0.820953,0.000000
51,255.000,0.475692,0.427434,0.096874,42.812250,38.469105,8.718646,1.081854,0.000000,0.005473,0.996416,0.00109458,1.360272,0.000000,15,0.282784,0.113002,,,116.451295,138.066118,0.843446,0.000000
52,260.000,0.478079,0.424679,0.097243,43.027078,38.221087,8.751836,1.084175,0.000000,0.005501,1.000000,0.00110022,1.360671,0.000000,15,0.283537,0.130770,,,117.376849,137.959576,0.850806,0.000000
53,265.000,0.480443,0.421909,0.097649,43.239849,37.971770,8.788381,1.064388,0.000000,0.019641,1.000000,0.00392829,1.361108,0.000000,15,0.284265,0.149253,,,114.226047,137.852829,0.828609,0.000000
54,270.000,0.482784,0.419124,0.098092,43.450529,37.721195,8.828276,1.016580,0.066667,0.059801,0.996416,0.01196018,1.361582,0.000000,14,0.252757,0.194723,,,113.683393,137.745895,0.825312,0.000000
55,275.000,0.485101,0.416327,0.098572,43.659085,37.469401,8.871513,1.004089,0.000000,0.013807,1.000000,0.00276141,1.362093,0.000000,14,0.253758,0.215846,,,115.119353,137.638791,0.836387,0.000000
56,280.000,0.487394,0.413516,0.099090,43.865485,37.216427,8.918088,1.049312,0.066667,0.055363,1.000000,0.01107253,1.362639,0.000000,15,0.286648,0.208658,,,117.276132,137.531533,0.852722,0.000000
57,285.000,0.489663,0.410692,0.099644,44.069695,36.962314,8.967991,1.041961,0.000000,0.008473,1.000000,0.00169466,1.363220,0.000000,15,0.287403,0.229656,,,111.259054,137.424139,0.809603,0.000000
58,290.000,0.491908,0.407857,0.100236,44.271683,36.707101,9.021216,1.055239,0.000000,0.011106,0.989247,0.00222121,1.363835,0.000000,15,0.288217,0.251192,,,115.874517,137.316624,0.843849,0.000000
59,295.000,0.494127,0.405009,0.100864,44.471417,36.450829,9.077754,0.997514,0.066667,0.069986,1.000000,0.01399725,1.364482,0.000000,14,0.257854,0.305663,,,110.346151,137.209008,0.804219,0.000000
60,300.000,0.496321,0.402150,0.101529,44.668867,36.193539,9.137595,1.007780,0.066667,0.023231,1.000000,0.00464622,1.365161,0.000000,15,0.289986,0.295717,,,119.963618,137.101305,0.875000,0.000000
61,305.000,0.498489,0.399281,0.102230,44.863999,35.935270,9.200731,1.080907,0.000000,0.066218,1.000000,0.01324368,1.365871,0.000000,15,0.290829,0.318628,,,116.216422,136.993534,0.848335,0.000000
62,310.000,0.500631,0.396401,0.102968,45.056785,35.676064,9.267151,1.049215,0.000000,0.030826,1.000000,0.00616523,1.366611,0.000000,15,0.291644,0.341919,,,118.241199,136.885712,0.863795,0.000000
63,315.000,0.502747,0.393511,0.103743,45.247193,35.415962,9.336845,1.058849,0.000000,0.007544,1.000000,0.00150888,1.367378,0.000000,15,0.292430,0.365548,,,111.067529,136.777855,0.812029,0.000000
64,320.000,0.504835,0.390611,0.104553,45.435193,35.155004,9.409802,0.999078,0.000000,0.057939,1.000000,0.01158789,1.368173,0.000000,15,0.293188,0.389475,,,113.893449,136.669980,0.833346,0.000000
65,325.000,0.506897,0.387703,0.105400,45.620756,34.893233,9.486011,1.029597,0.000000,0.028093,1.000000,0.00561869,1.368993,0.000000,15,0.293916,0.413661,,,114.375551,136.562105,0.837535,0.000000
66,330.000,0.508932,0.384785,0.106283,45.803853,34.630689,9.565459,1.080821,0.000000,0.045861,1.000000,0.00917210,1.369838,0.000000,15,0.294616,0.438063,,,116.646942,136.454246,0.854843,0.000000
67,335.000,0.510938,0.381860,0.107201,45.984453,34.367413,9.648134,1.054841,0.000000,0.025618,1.000000,0.00512353,1.370706,0.000000,15,0.295286,0.462643,,,111.158004,136.346421,0.815262,0.000000
68,340.000,0.512917,0.378927,0.108156,46.162530,34.103448,9.734022,1.089136,0.000000,0.029904,1.000000,0.00598074,1.371596,0.000000,15,0.295927,0.487359,,,115.449972,136.238646,0.847410,0.000000
69,345.000,0.514867,0.375987,0.109146,46.338054,33.838835,9.823111,1.009688,0.000000,0.074472,1.000000,0.01489445,1.372506,0.000000,15,0.296538,0.512172,,,120.484049,136.130939,0.885060,0.000000
70,350.000,0.516789,0.373040,0.110171,46.510998,33.573616,9.915386,1.035471,0.000000,0.023280,1.000000,0.00465603,1.373436,0.000000,15,0.297119,0.537042,,,106.990213,136.023317,0.786558,0.000000
71,355.000,0.518682,0.370087,0.111231,46.681335,33.307832,10.010833,1.070004,0.000000,0.030653,0.996416,0.00613066,1.374382,0.000000,15,0.297680,0.561931,,,110.245789,135.915796,0.811133,0.000000
72,360.000,0.520545,0.367128,0.112327,46.849038,33.041527,10.109436,1.034341,0.000000,0.034958,1.000000,0.00699154,1.375345,0.000000,15,0.298308,0.586799,,,109.234333,135.808394,0.804327,0.000000
73,365.000,0.522379,0.364164,0.113458,47.014080,32.774740,10.211180,1.068653,0.000000,0.030464,0.996416,0.00609281,1.376323,0.500000,15,0.298960,0.611610,,,112.000043,135.701127,0.825344,0.000000
74,370.000,0.524183,0.361195,0.114623,47.176435,32.507516,10.316049,1.045784,0.000000,0.023071,1.000000,0.00461428,1.377314,0.000000,15,0.299680,0.636325,,,108.731545,135.594013,0.801890,0.000000
75,375.000,0.525956,0.358221,0.115823,47.336078,32.239896,10.424026,1.001239,0.000000,0.044241,1.000000,0.00884817,1.378316,0.000000,15,0.300369,0.660908,,,111.547613,135.487068,0.823308,0.000000
76,380.000,0.527700,0.355244,0.117057,47.492984,31.971922,10.535094,0.999106,0.000000,0.006177,1.000000,0.00123539,1.379329,0.000000,15,0.301026,0.685325,,,110.606636,135.380309,0.817007,0.000000
77,385.000,0.529413,0.352263,0.118325,47.647127,31.703636,10.649237,1.087269,0.000000,0.079483,1.000000,0.01589661,1.380351,0.000000,15,0.301652,0.709539,,,117.511062,135.273753,0.868691,0.000000
78,390.000,0.531094,0.349279,0.119627,47.798484,31.435082,10.766435,1.000617,0.000000,0.081310,1.000000,0.01626209,1.381379,0.000000,15,0.302246,0.733519,,,114.971756,135.167418,0.850588,0.000000
79,395.000,0.532745,0.346292,0.120963,47.947029,31.166301,10.886670,1.007777,0.000000,0.006713,1.000000,0.00134259,1.382414,0.000000,15,0.302807,0.757230,,,113.375846,135.061319,0.839440,0.000000
80,400.000,0.534364,0.343304,0.122332,48.092741,30.897335,11.009923,1.021534,0.000000,0.011713,0.996416,0.00234268,1.383452,0.000000,15,0.303415,0.780641,,,111.089143,134.955474,0.823154,0.000000
81,405.000,0.535951,0.340314,0.123735,48.235596,30.628229,11.136175,1.058971,0.000000,0.033627,1.000000,0.00672544,1.384494,0.000000,15,0.304001,0.803722,,,112.032288,134.849899,0.830793,0.000000
82,410.000,0.537506,0.337322,0.125171,48.375571,30.359022,11.265406,1.072611,0.000000,0.010942,1.000000,0.00218838,1.385536,0.000000,15,0.304555,0.826444,,,114.484420,134.744611,0.849640,0.000000
83,415.000,0.539029,0.334331,0.126640,48.512645,30.089760,11.397596,1.034314,0.000000,0.037445,0.996416,0.00748894,1.386578,0.000000,15,0.305153,0.848777,,,108.789373,134.639626,0.808004,0.000000
84,420.000,0.540520,0.331339,0.128141,48.646795,29.820483,11.532723,1.036070,0.000000,0.006485,1.000000,0.00129709,1.387619,0.000000,15,0.305760,0.870696,,,104.935514,134.534961,0.779987,0.000000
85,425.000,0.541978,0.328347,0.129675,48.778000,29.551234,11.670766,1.064574,0.000000,0.024997,1.000000,0.00499935,1.388656,0.000000,15,0.306334,0.892173,,,111.690603,134.430633,0.830842,0.000000
86,430.000,0.543403,0.325356,0.131241,48.906241,29.282056,11.811703,1.012971,0.000000,0.050217,1.000000,0.01004334,1.389689,0.000000,15,0.306875,0.913185,,,107.103641,134.326659,0.797337,0.000000
87,435.000,0.544794,0.322367,0.132839,49.031495,29.012992,11.955513,1.021818,0.000000,0.007301,0.996416,0.00146027,1.390715,0.000000,15,0.307387,0.933709,,,108.333686,134.223053,0.807117,0.000000
88,440.000,0.546153,0.319379,0.134469,49.153745,28.744083,12.102172,1.045223,0.000000,0.020580,1.000000,0.00411601,1.391735,0.000000,15,0.307953,0.953721,,,115.103982,134.119834,0.858217,0.000000
89,445.000,0.547477,0.316393,0.136130,49.272970,28.475373,12.251657,1.046913,0.000000,0.006544,1.000000,0.00130883,1.392745,0.000000,15,0.308486,0.973201,,,109.532546,134.017017,0.817303,0.000000
90,450.000,0.548768,0.313410,0.137822,49.389151,28.206903,12.403946,0.986403,0.000000,0.059557,1.000000,0.01191140,1.393745,0.000000,15,0.308987,0.992130,,,113.473405,133.914618,0.847356,0.000000
91,455.000,0.550025,0.310430,0.139545,49.502271,27.938717,12.559012,0.993070,0.000000,0.007263,1.000000,0.00145256,1.394733,0.000000,15,0.309456,1.010489,,,104.778228,133.812653,0.783022,0.000000
92,460.000,0.551248,0.307454,0.141298,49.612311,27.670856,12.716833,0.994899,0.000000,0.006605,0.989247,0.00132095,1.395709,0.000000,15,0.310111,1.028261,,,108.665707,133.711140,0.812690,0.000000
93,465.000,0.552436,0.304482,0.143082,49.719254,27.403363,12.877383,1.052824,0.000000,0.053229,1.000000,0.01064584,1.396670,0.000000,15,0.310748,1.045431,,,113.495566,133.610093,0.849454,0.000000
94,470.000,0.553590,0.301514,0.144896,49.823083,27.136280,13.040637,1.048776,0.000000,0.007422,1.000000,0.00148443,1.397615,0.000000,15,0.311354,1.061983,,,107.333869,133.509529,0.803942,0.000000
95,475.000,0.554709,0.298552,0.146740,49.923782,26.869649,13.206569,1.075938,0.000000,0.023386,1.000000,0.00467716,1.398544,0.000000,15,0.311930,1.077906,,,108.553181,133.409463,0.813684,0.000000
96,480.000,0.555793,0.295595,0.148613,50.021334,26.603513,13.375153,1.054483,0.000000,0.021814,1.000000,0.00436270,1.399455,0.000000,15,0.312475,1.093186,,,109.635676,133.309912,0.822412,0.000000
97,485.000,0.556841,0.292643,0.150515,50.115726,26.337913,13.546362,1.002277,0.000000,0.051330,1.000000,0.01026603,1.400347,0.000000,15,0.312989,1.107814,,,107.067737,133.210890,0.803746,0.000000
98,490.000,0.557855,0.289699,0.152446,50.206940,26.072891,13.720169,1.052392,0.000000,0.045785,1.000000,0.00915705,1.401218,0.000000,15,0.313471,1.121779,,,113.894605,133.112415,0.855627,0.000000
99,495.000,0.558833,0.286761,0.154406,50.294964,25.808489,13.896547,1.073354,0.000000,0.017634,0.989247,0.00352684,1.402068,0.000000,15,0.314088,1.135073,,,105.473136,133.014500,0.792945,0.000000
100,500.000,0.559775,0.283831,0.156394,50.379782,25.544749,14.075468,1.008696,0.000000,0.062057,1.000000,0.01241140,1.402895,0.000000,15,0.314736,1.147689,,,105.427056,132.917163,0.793179,0.000000
101,505.000,0.560682,0.280908,0.158410,50.461383,25.281713,14.256904,0.973888,0.000000,0.036380,1.000000,0.00727593,1.403698,0.000000,15,0.315353,1.159621,,,104.212517,132.820417,0.784612,0.000000
102,510.000,0.561553,0.277994,0.160454,50.539753,25.019422,14.440825,1.009200,0.000000,0.033110,0.996416,0.00662201,1.404477,0.000000,15,0.316047,1.170865,,,107.611139,132.724279,0.810787,0.000000
103,515.000,0.562388,0.275088,0.162524,50.614879,24.757917,14.627204,0.998813,0.000000,0.012764,1.000000,0.00255273,1.405230,0.000000,15,0.316731,1.181415,,,110.547718,132.628764,0.833512,0.000000
104,520.000,0.563186,0.272192,0.164622,50.686749,24.497240,14.816010,0.987020,0.000000,0.013947,0.989247,0.00278944,1.405957,0.000000,15,0.317484,1.191271,,,106.499681,132.533886,0.803566,0.000000
105,525.000,0.563948,0.269305,0.166747,50.755353,24.237432,15.007214,0.972734,0.000000,0.016403,1.000000,0.00328050,1.406656,0.000000,15,0.318401,1.200429,,,108.315633,132.439660,0.817849,0.000000
106,530.000,0.564674,0.266428,0.168898,50.820680,23.978534,15.200786,0.979496,0.000000,0.007840,1.000000,0.00156794,1.407326,0.000000,15,0.319290,1.208889,,,108.717551,132.346103,0.821464,0.000000
107,535.000,0.565364,0.263562,0.171074,50.882719,23.720587,15.396694,1.052283,0.000000,0.067339,0.996416,0.01346782,1.407968,0.000000,15,0.320220,1.216652,,,108.951569,132.253227,0.823810,0.000000
108,540.000,0.566016,0.260707,0.173277,50.941460,23.463632,15.594908,0.969486,0.000000,0.080496,1.000000,0.01609922,1.408579,0.000000,15,0.321135,1.223719,,,110.840624,132.161048,0.838678,0.000000
109,545.000,0.566632,0.257863,0.175504,50.996894,23.207708,15.795398,1.024575,0.000000,0.051899,1.000000,0.01037982,1.409160,0.000000,15,0.322021,1.230092,,,106.183330,132.069581,0.803995,0.000000
110,550.000,0.567211,0.255032,0.177757,51.049013,22.952858,15.998130,0.982493,0.000000,0.042965,1.000000,0.00859302,1.409709,0.000000,15,0.322877,1.235774,,,108.816277,131.978840,0.824498,0.000000
111,555.000,0.567753,0.252212,0.180034,51.097807,22.699120,16.203073,0.979805,0.000000,0.007181,0.985663,0.00143627,1.410225,0.000000,15,0.323971,1.240770,,,109.524431,131.888839,0.830430,0.000000
112,560.000,0.568259,0.249406,0.182336,51.143270,22.446535,16.410195,1.041148,0.000000,0.057054,1.000000,0.01141077,1.410709,0.000000,15,0.325217,1.245083,,,110.157912,131.799593,0.835799,0.000000
113,565.000,0.568727,0.246613,0.184661,51.185395,22.195142,16.619463,0.987520,0.000000,0.053386,1.000000,0.01067716,1.411160,0.000000,15,0.326435,1.248719,,,108.664073,131.711115,0.825018,0.000000
114,570.000,0.569157,0.243833,0.187009,51.224173,21.944982,16.830844,0.974571,0.000000,0.015066,1.000000,0.00301320,1.411576,0.000000,15,0.327626,1.251686,,,104.065442,131.623419,0.790630,0.000000
115,575.000,0.569551,0.241068,0.189381,51.259601,21.696095,17.044305,1.000187,0.000000,0.023676,1.000000,0.00473524,1.411958,0.000000,15,0.328789,1.253989,,,105.278791,131.536520,0.800377,0.000000
116,580.000,0.569907,0.238317,0.191776,51.291671,21.448518,17.259811,1.022679,0.000000,0.020051,0.996416,0.00401017,1.412305,0.000000,15,0.329968,1.255637,,,105.209646,131.450431,0.800375,0.000000
117,585.000,0.570226,0.235581,0.194193,51.320379,21.202292,17.477329,1.004078,0.000000,0.020134,0.985663,0.00402688,1.412617,0.000000,15,0.331323,1.256638,,,102.300389,131.365166,0.778748,0.000000
118,590.000,0.570508,0.232861,0.196631,51.345720,20.957455,17.696825,1.036038,0.000000,0.028923,1.000000,0.00578461,1.412893,0.000000,15,0.332941,1.257001,,,108.327464,131.280738,0.825159,0.000000
119,595.000,0.570752,0.230156,0.199092,51.367691,20.714046,17.918263,0.988603,0.000000,0.047676,1.000000,0.00953525,1.413132,0.000000,15,0.334532,1.256736,,,105.707463,131.197161,0.805715,0.000000
120,600.000,0.570959,0.227468,0.201573,51.386287,20.472103,18.141610,0.999236,0.000000,0.009374,1.000000,0.00187482,1.413336,0.000000,15,0.336097,1.255854,,,105.578409,131.114447,0.805239,0.000000
121,605.000,0.571128,0.224796,0.204076,51.401506,20.231665,18.366829,1.016884,0.000000,0.015404,1.000000,0.00308080,1.413502,0.000000,15,0.337635,1.254364,,,105.090852,131.032610,0.802021,0.000000
122,610.000,0.571259,0.222142,0.206599,51.413346,19.992770,18.593884,0.989642,0.000000,0.028716,1.000000,0.00574321,1.413632,0.000000,15,0.339145,1.252278,,,105.213907,130.951663,0.803456,0.000000
123,615.000,0.571353,0.219505,0.209142,51.421804,19.755454,18.822742,1.013475,0.000000,0.021581,0.996416,0.00431620,1.413725,0.000000,15,0.340714,1.249609,,,104.215283,130.871618,0.796317,0.000000
124,620.000,0.571410,0.216886,0.211704,51.426880,19.519757,19.053364,0.986723,0.000000,0.028320,1.000000,0.00566402,1.413781,0.000000,15,0.342338,1.246368,,,100.999370,130.792488,0.772211,0.000000
125,625.000,0.571429,0.214286,0.214286,51.428571,19.285714,19.285714,0.951629,0.000000,0.037470,1.000000,0.00749390,1.413800,0.000000,15,0.343935,1.242568,,,106.399781,130.714286,0.813987,0.000000
126,630.000,0.571410,0.211704,0.216886,51.426880,19.053364,19.519757,0.948819,0.000000,0.007719,0.996416,0.00154375,1.413781,0.000000,15,0.345710,1.238222,,,99.735996,130.637023,0.763459,0.000000
127,635.000,0.571353,0.209142,0.219505,51.421804,18.822742,19.755454,1.012962,0.000000,0.061475,1.000000,0.01229504,1.413725,0.000000,15,0.347457,1.233343,,,107.597644,130.560713,0.824120,0.000000
128,640.000,0.571259,0.206599,0.222142,51.413346,18.593884,19.992770,1.007289,0.000000,0.009551,1.000000,0.00191018,1.413632,0.000000,15,0.349175,1.227946,,,106.073103,130.485368,0.812912,0.000000
129,645.000,0.571128,0.204076,0.224796,51.401506,18.366829,20.231665,1.025207,0.000000,0.015547,0.989247,0.00310938,1.413502,0.000000,15,0.350960,1.222045,,,102.367238,130.410998,0.784959,0.000000
130,650.000,0.570959,0.201573,0.227468,51.386287,18.141610,20.472103,0.998047,0.000000,0.028398,1.000000,0.00567964,1.413336,0.000000,15,0.352860,1.215653,,,102.415776,130.337616,0.785773,0.000000
131,655.000,0.570752,0.199092,0.230156,51.367691,17.918263,20.714046,0.985086,0.000000,0.014915,1.000000,0.00298290,1.413132,0.000000,15,0.354730,1.208787,,,103.516950,130.265233,0.794663,0.000000
132,660.000,0.570508,0.196631,0.232861,51.345720,17.696825,20.957455,0.941781,0.000000,0.045823,0.996416,0.00916470,1.412893,0.000000,15,0.356623,1.201459,,,106.671971,130.193862,0.819332,0.000000
133,665.000,0.570226,0.194193,0.235581,51.320379,17.477329,21.202292,1.008505,0.000000,0.064342,1.000000,0.01286847,1.412617,0.000000,15,0.358625,1.193687,,,106.791852,130.123512,0.820696,0.000000
134,670.000,0.569907,0.191776,0.238317,51.291671,17.259811,21.448518,0.933076,0.000000,0.076586,1.000000,0.01531716,1.412305,0.000000,15,0.360597,1.185485,,,100.278076,130.054196,0.771048,0.000000
135,675.000,0.569551,0.189381,0.241068,51.259601,17.044305,21.696095,0.961663,0.000000,0.027847,0.996416,0.00556933,1.411958,0.000000,15,0.362539,1.176869,,,100.502383,129.985924,0.773179,0.000000
136,680.000,0.569157,0.187009,0.243833,51.224173,16.830844,21.944982,0.931195,0.000000,0.033549,1.000000,0.00670972,1.411576,0.000000,15,0.364578,1.167854,,,102.699225,129.918707,0.790488,0.000000
137,685.000,0.568727,0.184661,0.246613,51.185395,16.619463,22.195142,0.953135,0.000000,0.021139,1.000000,0.00422778,1.411160,0.000000,15,0.366585,1.158457,,,101.953618,129.852555,0.785149,0.000000
138,690.000,0.568259,0.182336,0.249406,51.143270,16.410195,22.446535,0.943694,0.000000,0.012271,1.000000,0.00245420,1.410709,0.000000,15,0.368559,1.148694,,,98.243793,129.787479,0.756959,0.000000
139,695.000,0.567753,0.180034,0.252212,51.097807,16.203073,22.699120,0.953414,0.000000,0.009642,1.000000,0.00192844,1.410225,0.000000,15,0.370501,1.138580,,,101.198222,129.723490,0.780107,0.000000
140,700.000,0.567211,0.177757,0.255032,51.049013,15.998130,22.952858,0.979836,0.000000,0.025114,1.000000,0.00502287,1.409709,0.000000,15,0.372409,1.128133,,,100.166314,129.660597,0.772527,0.000000
141,705.000,0.566632,0.175504,0.257863,50.996894,15.795398,23.207708,0.960727,0.000000,0.021358,0.996416,0.00427165,1.409160,0.000000,15,0.374341,1.117367,,,98.135242,129.598811,0.757223,0.000000
142,710.000,0.566016,0.173277,0.260707,50.941460,15.594908,23.463632,0.928668,0.000000,0.035190,1.000000,0.00703807,1.408579,0.000000,15,0.376318,1.106301,,,99.969012,129.538141,0.771734,0.000000
143,715.000,0.565364,0.171074,0.263562,50.882719,15.396694,23.720587,0.980076,0.000000,0.050673,1.000000,0.01013466,1.407968,0.000000,15,0.378260,1.094949,,,100.981587,129.478596,0.779909,0.000000
144,720.000,0.564674,0.168898,0.266428,50.820680,15.200786,23.978534,0.973484,0.000000,0.010167,1.000000,0.00203345,1.407326,0.000000,15,0.380165,1.083329,,,101.342330,129.420186,0.783049,0.000000
145,725.000,0.563948,0.166747,0.269305,50.755353,15.007214,24.237432,0.980455,0.000000,0.008171,1.000000,0.00163411,1.406656,0.000000,15,0.382035,1.071457,,,98.728503,129.362921,0.763190,0.000000
146,730.000,0.563186,0.164622,0.272192,50.686749,14.816010,24.497240,0.898769,0.066667,0.101411,1.000000,0.02028226,1.405957,0.000000,14,0.365620,1.002889,,,102.344316,129.306809,0.791484,0.000000
147,735.000,0.562388,0.162524,0.275088,50.614879,14.627204,24.757917,0.954662,0.000000,0.057002,1.000000,0.01140030,1.405230,0.000000,14,0.367291,0.989720,,,102.782834,129.251859,0.795214,0.000000
148,740.000,0.561553,0.160454,0.277994,50.539753,14.440825,25.019422,0.980430,0.000000,0.024691,1.000000,0.00493824,1.404477,0.000000,14,0.368922,0.976324,,,100.546191,129.198080,0.778233,0.000000
149,745.000,0.560682,0.158410,0.280908,50.461383,14.256904,25.281713,0.914455,0.000000,0.068806,0.995585,0.01376110,1.403698,0.000000,14,0.370540,0.962720,,,98.775175,129.145481,0.764836,0.000000
150,750.000,0.559775,0.156394,0.283831,50.379782,14.075468,25.544749,0.906449,0.000000,0.011020,1.000000,0.00220398,1.402895,0.000000,14,0.372245,0.948926,,,91.786577,129.094069,0.711005,0.000000
151,755.000,0.558833,0.154406,0.286761,50.294964,13.896547,25.808489,0.965264,0.000000,0.059422,0.995585,0.01188438,1.402068,0.000000,14,0.374062,0.934959,,,102.142028,129.043853,0.791530,0.000000
152,760.000,0.557855,0.152446,0.289699,50.206940,13.720169,26.072891,0.917891,0.000000,0.050595,1.000000,0.01011908,1.401218,0.000000,14,0.375852,0.920838,,,101.683042,128.994841,0.788272,0.000000
153,765.000,0.556841,0.150515,0.292643,50.115726,13.546362,26.337913,0.919239,0.000000,0.005288,1.000000,0.00105758,1.400347,0.000000,14,0.377601,0.906579,,,97.316048,128.947040,0.754698,0.000000
154,770.000,0.555793,0.148613,0.295595,50.021334,13.375153,26.603513,0.958465,0.000000,0.039412,1.000000,0.00788240,1.399455,0.000000,14,0.379309,0.892200,,,103.992117,128.900458,0.806763,0.000000
155,775.000,0.554709,0.146740,0.298552,49.923782,13.206569,26.869649,0.912691,0.000000,0.049249,1.000000,0.00984983,1.398544,0.000000,14,0.380975,0.877720,,,96.165625,128.855103,0.746308,0.000000
156,780.000,0.553590,0.144896,0.301514,49.823083,13.040637,27.136280,0.891677,0.000000,0.024543,1.000000,0.00490868,1.397615,0.000000,14,0.382598,0.863155,,,102.400378,128.810981,0.794966,0.000000
157,785.000,0.552436,0.143082,0.304482,49.719254,12.877383,27.403363,0.890813,0.000000,0.006629,1.000000,0.00132571,1.396670,0.000000,14,0.384179,0.848522,,,95.774030,128.768099,0.743771,0.000000
158,790.000,0.551248,0.141298,0.307454,49.612311,12.716833,27.670856,0.901461,0.000000,0.010572,1.000000,0.00211433,1.395709,0.000000,14,0.385716,0.833840,,,95.100644,128.726465,0.738781,0.000000
159,795.000,0.550025,0.139545,0.310430,49.502271,12.559012,27.938717,0.934198,0.000000,0.033571,1.000000,0.00671419,1.394733,0.000000,14,0.387209,0.819124,,,97.736376,128.686085,0.759495,0.000000
160,800.000,0.548768,0.137822,0.313410,49.389151,12.403946,28.206903,0.898732,0.000000,0.039417,1.000000,0.00788341,1.393745,0.000000,14,0.388657,0.804392,,,101.922300,128.646965,0.792264,0.000000
161,805.000,0.547477,0.136130,0.316393,49.272970,12.251657,28.475373,0.936493,0.000000,0.038882,1.000000,0.00777635,1.392745,0.000000,14,0.390061,0.789661,,,103.000479,128.609111,0.800880,0.000000
162,810.000,0.546153,0.134469,0.319379,49.153745,12.102172,28.744083,0.863450,0.142857,0.115562,1.000000,0.02311247,1.391735,0.000000,12,0.349603,0.610227,,,100.331007,128.572530,0.780346,0.000000
163,815.000,0.544794,0.132839,0.322367,49.031495,11.955513,29.012992,0.879211,0.000000,0.016905,0.992982,0.00338102,1.390715,0.000000,12,0.350626,0.593198,,,94.774871,128.537227,0.737334,0.000000
164,820.000,0.543403,0.131241,0.325356,48.906241,11.811703,29.282056,0.914240,0.000000,0.037321,1.000000,0.00746411,1.389689,0.000000,12,0.351695,0.576182,,,97.610869,128.503208,0.759599,0.000000
165,825.000,0.541978,0.129675,0.328347,48.778000,11.670766,29.551234,0.897127,0.000000,0.019727,1.000000,0.00394537,1.388656,0.000000,12,0.352720,0.559197,,,96.346132,128.470477,0.749948,0.000000
166,830.000,0.540520,0.128141,0.331339,48.646795,11.532723,29.820483,0.896573,0.000000,0.006163,1.000000,0.00123261,1.387619,0.000000,12,0.353700,0.542266,,,97.853401,128.439041,0.761866,0.000000
167,835.000,0.539029,0.126640,0.334331,48.512645,11.397596,30.089760,0.937533,0.000000,0.042715,1.000000,0.00854306,1.386578,0.000000,12,0.354635,0.525408,,,100.918226,128.408905,0.785913,0.000000
168,840.000,0.537506,0.125171,0.337322,48.375571,11.265406,30.359022,0.869117,0.000000,0.073912,1.000000,0.01478247,1.385536,0.000000,12,0.355525,0.508644,,,97.302586,128.380072,0.757926,0.000000
169,845.000,0.535951,0.123735,0.340314,48.235596,11.136175,30.628229,0.856918,0.000000,0.015028,1.000000,0.00300553,1.384494,0.000000,12,0.356370,0.491994,,,96.228869,128.352548,0.749723,0.000000
170,850.000,0.534364,0.122332,0.343304,48.092741,11.009923,30.897335,0.839504,0.000000,0.021301,1.000000,0.00426016,1.383452,0.000000,12,0.357169,0.475478,,,94.341603,128.326337,0.735169,0.000000
171,855.000,0.532745,0.120963,0.346292,47.947029,10.886670,31.166301,0.881735,0.000000,0.046949,1.000000,0.00938974,1.382414,0.000000,12,0.357922,0.459115,,,97.666660,128.301442,0.761228,0.000000
172,860.000,0.531094,0.119627,0.349279,47.798484,10.766435,31.435082,0.860550,0.000000,0.024990,1.000000,0.00499794,1.381379,0.000000,12,0.358628,0.442926,,,94.861756,128.277869,0.739502,0.000000
173,865.000,0.529413,0.118325,0.352263,47.647127,10.649237,31.703636,0.875552,0.000000,0.016170,1.000000,0.00323393,1.380351,0.000000,12,0.359288,0.426930,,,100.901791,128.255620,0.786724,0.000000
174,870.000,0.527700,0.117057,0.355244,47.492984,10.535094,31.971922,0.826061,0.000000,0.057444,1.000000,0.01148882,1.379329,0.000000,12,0.359901,0.411145,,,96.514067,128.234700,0.752636,0.000000
175,875.000,0.525956,0.115823,0.358221,47.336078,10.424026,32.239896,0.822844,0.000000,0.007448,1.000000,0.00148957,1.378316,0.000000,12,0.360467,0.395591,,,92.172084,128.215111,0.718886,0.000000
176,880.000,0.524183,0.114623,0.361195,47.176435,10.316049,32.507516,0.858104,0.000000,0.040170,1.000000,0.00803393,1.377314,0.000000,12,0.360986,0.380286,,,92.685982,128.196857,0.722997,0.000000
177,885.000,0.522379,0.113458,0.364164,47.014080,10.211180,32.774740,0.893202,0.000000,0.038378,1.000000,0.00767565,1.376323,0.000000,12,0.361457,0.365250,,,101.813312,128.179940,0.794300,0.000000
178,890.000,0.520545,0.112327,0.367128,46.849038,10.109436,33.041527,0.844783,0.000000,0.055102,0.992982,0.01102048,1.375345,0.500000,12,0.362038,0.350499,,,94.558150,128.164363,0.737788,0.000000
179,895.000,0.518682,0.111231,0.370087,46.681335,10.010833,33.307832,0.903284,0.000000,0.063887,1.000000,0.01277748,1.374382,0.000000,12,0.362657,0.336052,,,98.693455,128.150129,0.770139,0.000000
180,900.000,0.516789,0.110171,0.373040,46.510998,9.915386,33.573616,0.867249,0.000000,0.040785,1.000000,0.00815705,1.373436,0.000000,12,0.363230,0.321927,,,100.327887,128.137240,0.782972,0.000000
181,905.000,0.514867,0.109146,0.375987,46.338054,9.823111,33.838835,0.846932,0.166667,0.068358,1.000000,0.01367167,1.372506,0.000000,10,0.304398,0.045908,,,96.397791,128.125698,0.752369,0.000000
182,910.000,0.512917,0.108156,0.378927,46.162530,9.734022,34.103448,0.881572,0.166667,0.081810,1.000000,0.01636203,1.371596,0.000000,12,0.364234,0.294710,,,95.305237,128.115504,0.743901,0.000000
183,915.000,0.510938,0.107201,0.381860,45.984453,9.648134,34.367413,0.824443,0.166667,0.107140,1.000000,0.02142807,1.370706,0.000000,10,0.304401,0.011423,,,90.893107,128.106661,0.709511,0.000000
184,920.000,0.508932,0.106283,0.384785,45.803853,9.565459,34.630689,0.858904,0.000000,0.039603,1.000000,0.00792050,1.369838,0.000000,10,0.304345,-0.005177,,,95.208844,128.099169,0.743243,0.000000
185,925.000,0.506897,0.105400,0.387703,45.620756,9.486011,34.893233,0.880292,0.166667,0.066460,1.000000,0.01329209,1.368993,0.000000,12,0.365383,0.256718,,,99.773431,128.093031,0.778914,0.000000
186,930.000,0.504835,0.104553,0.390611,45.435193,9.409802,35.155004,0.846986,0.166667,0.080426,1.000000,0.01608516,1.368173,0.000000,10,0.304118,-0.036952,,,96.236503,128.088246,0.751330,0.000000
187,935.000,0.502747,0.103743,0.393511,45.247193,9.336845,35.415962,0.822115,0.000000,0.029906,1.000000,0.00598119,1.367378,0.000000,10,0.303947,-0.052073,,,95.753199,128.084816,0.747577,0.000000
188,940.000,0.500631,0.102968,0.396401,45.056785,9.267151,35.676064,0.796987,0.000000,0.031112,1.000000,0.00622236,1.366611,0.000000,10,0.303737,-0.066648,,,92.175217,128.082741,0.719654,0.000000
189,945.000,0.498489,0.102230,0.399281,44.863999,9.200731,35.935270,0.842042,0.000000,0.052967,1.000000,0.01059337,1.365871,0.000000,10,0.303488,-0.080652,,,98.197843,128.082021,0.766679,0.000000
190,950.000,0.496321,0.101529,0.402150,44.668867,9.137595,36.193539,0.800629,0.000000,0.049729,1.000000,0.00994575,1.365161,0.000000,10,0.303201,-0.094058,,,96.826891,128.082658,0.755972,0.000000
191,955.000,0.494127,0.100864,0.405009,44.471417,9.077754,36.450829,0.816429,0.000000,0.018783,1.000000,0.00375656,1.364482,0.000000,10,0.302876,-0.106843,,,97.300424,128.084649,0.759657,0.000000
192,960.000,0.491908,0.100236,0.407857,44.271683,9.021216,36.707101,0.830590,0.000000,0.016473,0.987879,0.00329453,1.363835,0.000000,10,0.302682,-0.118983,,,95.193663,128.087996,0.743190,0.000000
193,965.000,0.489663,0.099644,0.410692,44.069695,8.967991,36.962314,0.867692,0.000000,0.042193,1.000000,0.00843854,1.363220,0.000000,10,0.302568,-0.130455,,,98.810108,128.092698,0.771395,0.000000
194,970.000,0.487394,0.099090,0.413516,43.865485,8.918088,37.216427,0.838155,0.000000,0.034618,1.000000,0.00692363,1.362639,0.000000,10,0.302417,-0.141236,,,96.560498,128.098753,0.753797,0.000000
195,975.000,0.485101,0.098572,0.416327,43.659085,8.871513,37.469401,0.819986,0.000000,0.022267,1.000000,0.00445343,1.362093,0.000000,10,0.302227,-0.151306,,,98.015944,128.106162,0.765115,0.000000
196,980.000,0.482784,0.098092,0.419124,43.450529,8.828276,37.721195,0.851124,0.000000,0.035999,1.000000,0.00719989,1.361582,0.000000,10,0.302000,-0.160644,,,97.641281,128.114922,0.762138,0.000000
197,985.000,0.480443,0.097649,0.421909,43.239849,8.788381,37.971770,0.793386,0.100000,0.091597,1.000000,0.01831941,1.361108,0.000000,9,0.258235,-0.358554,,,96.621702,128.125033,0.754120,0.000000
198,990.000,0.478079,0.097243,0.424679,43.027078,8.751836,38.221087,0.798527,0.000000,0.005915,1.000000,0.00118292,1.360671,0.000000,9,0.257766,-0.368598,,,94.798021,128.136492,0.739821,0.000000
199,995.000,0.475692,0.096874,0.427434,42.812250,8.718646,38.469105,0.824723,0.100000,0.055190,1.000000,0.01103804,1.360272,0.000000,10,0.301090,-0.184073,,,92.674907,128.149299,0.723179,0.000000
200,1000.000,0.473282,0.096542,0.430175,42.595398,8.688817,38.715785,0.809668,0.100000,0.043061,0.987879,0.00861211,1.359912,0.000000,9,0.257088,-0.385689,,,92.743308,128.163450,0.723633,0.000000
201,1005.000,0.470851,0.096248,0.432901,42.376558,8.662353,38.961090,0.773650,0.000000,0.045030,0.983333,0.00900596,1.359591,0.000000,9,0.257160,-0.392685,,,91.819441,128.178944,0.716338,0.000000
202,1010.000,0.468397,0.095992,0.435611,42.155763,8.639258,39.204979,0.789804,0.000000,0.019880,1.000000,0.00397605,1.359310,0.000000,9,0.257207,-0.398616,,,90.222605,128.195779,0.703788,0.000000
203,1015.000,0.465923,0.095773,0.438305,41.933049,8.619537,39.447414,0.828333,0.000000,0.045941,1.000000,0.00918821,1.359069,0.000000,9,0.257226,-0.403460,,,97.114226,128.213951,0.757439,0.000000
204,1020.000,0.463427,0.095591,0.440982,41.708450,8.603191,39.688358,0.767469,0.000000,0.074046,1.000000,0.01480918,1.358869,0.000000,9,0.257216,-0.407201,,,92.226046,128.233458,0.719204,0.000000
205,1025.000,0.460911,0.095447,0.443642,41.482003,8.590225,39.927772,0.811079,0.000000,0.053174,1.000000,0.01063472,1.358710,0.000000,9,0.257177,-0.409820,,,95.458996,128.254297,0.744295,0.000000
206,1030.000,0.458375,0.095340,0.446285,41.253742,8.580640,40.165618,0.742572,0.000000,0.085052,1.000000,0.01701035,1.358592,0.000000,9,0.257109,-0.411304,,,96.147752,128.276464,0.749535,0.000000
207,1035.000,0.455819,0.095272,0.448910,41.023704,8.574436,40.401859,0.830490,0.000000,0.105275,1.000000,0.02105509,1.358515,0.000000,9,0.257012,-0.411641,,,100.913982,128.299956,0.786547,0.000000
208,1040.000,0.453244,0.095240,0.451516,40.791926,8.571617,40.636458,0.800707,0.000000,0.036508,1.000000,0.00730155,1.358481,0.000000,9,0.256887,-0.410821,,,92.927125,128.324769,0.724156,0.000000
209,1045.000,0.450649,0.095246,0.454104,40.558443,8.572181,40.869376,0.761951,0.000000,0.049054,0.983333,0.00981079,1.358488,0.000000,9,0.257021,-0.408838,,,91.933348,128.350900,0.716266,0.000000
210,1050.000,0.448037,0.095290,0.456673,40.323293,8.576128,41.100579,0.825186,0.000000,0.075986,1.000000,0.01519726,1.358536,0.000000,9,0.257272,-0.405688,,,98.659774,128.378344,0.768508,0.000000
211,1055.000,0.445406,0.095372,0.459223,40.086513,8.583459,41.330028,0.803809,0.000000,0.026598,1.000000,0.00531961,1.358626,0.000000,9,0.257493,-0.401369,,,92.638890,128.407096,0.721447,0.000000
212,1060.000,0.442757,0.095491,0.461752,39.848140,8.594172,41.557688,0.727626,0.000000,0.095435,1.000000,0.01908696,1.358758,0.000000,9,0.257687,-0.395881,,,91.413060,128.437153,0.711734,0.000000
213,1065.000,0.440091,0.095647,0.464261,39.608212,8.608265,41.783524,0.743594,0.000000,0.020750,1.000000,0.00415009,1.358931,0.000000,9,0.257851,-0.389229,,,92.236799,128.468509,0.717972,0.000000
214,1070.000,0.437409,0.095842,0.466750,39.366766,8.625735,42.007498,0.765250,0.000000,0.027568,0.983333,0.00551354,1.359145,0.500000,9,0.258244,-0.381418,,,94.472129,128.501160,0.735185,0.000000
215,1075.000,0.434709,0.096073,0.469218,39.123842,8.646582,42.229576,0.813226,0.000000,0.058274,1.000000,0.01165480,1.359399,0.000000,9,0.258731,-0.372457,,,96.679480,128.535100,0.752164,0.000000
216,1080.000,0.431994,0.096342,0.471664,38.879477,8.670800,42.449724,0.724807,0.000000,0.109421,1.000000,0.02188419,1.359693,0.000000,9,0.259190,-0.362358,,,97.962157,128.570325,0.761934,0.000000
217,1085.000,0.429263,0.096649,0.474088,38.633709,8.698386,42.667905,0.712846,0.111111,0.046036,1.000000,0.00920710,1.360028,0.000000,8,0.206017,-0.523153,,,91.129044,128.606828,0.708586,0.000000
218,1090.000,0.426518,0.096993,0.476490,38.386579,8.729336,42.884086,0.736695,0.111111,0.059928,1.000000,0.01198558,1.360401,0.000000,9,0.260020,-0.338804,,,94.417728,128.644603,0.733942,0.000000
219,1095.000,0.423757,0.097374,0.478869,38.138123,8.763645,43.098232,0.707275,0.111111,0.069045,1.000000,0.01380907,1.360812,0.000000,8,0.207280,-0.487253,,,93.006988,128.683646,0.722757,0.000000
220,1100.000,0.420982,0.097792,0.481226,37.888383,8.801307,43.310310,0.741059,0.111111,0.072999,1.000000,0.01459987,1.361262,0.000000,9,0.260735,-0.310899,,,95.878253,128.723949,0.744836,0.000000
221,1105.000,0.418193,0.098248,0.483559,37.637397,8.842317,43.520286,0.751401,0.000000,0.012930,1.000000,0.00258599,1.361748,0.000000,9,0.261048,-0.295370,,,89.552384,128.765506,0.695469,0.000000
222,1110.000,0.415391,0.098741,0.485868,37.385205,8.886668,43.728127,0.738990,0.000000,0.017360,1.000000,0.00347200,1.362271,0.000000,9,0.261332,-0.278825,,,86.863707,128.808311,0.674364,0.000000
223,1115.000,0.412576,0.099271,0.488153,37.131847,8.934353,43.933800,0.706491,0.000000,0.044809,0.983333,0.00896171,1.362829,0.000000,9,0.261785,-0.261293,,,91.090913,128.852357,0.706940,0.000000
224,1120.000,0.409748,0.099837,0.490414,36.877363,8.985364,44.137273,0.692090,0.111111,0.051007,1.000000,0.01020147,1.363421,0.000000,8,0.210829,-0.374586,,,90.300443,128.897637,0.700559,0.000000
225,1125.000,0.406909,0.100441,0.492650,36.621793,9.039694,44.338513,0.767492,0.111111,0.124879,1.000000,0.02497582,1.364047,0.000000,9,0.263010,-0.223394,,,98.674175,128.944143,0.765247,0.000000
226,1130.000,0.404058,0.101081,0.494861,36.365177,9.097334,44.537489,0.728654,0.000000,0.051465,1.000000,0.01029297,1.364705,0.000000,9,0.263577,-0.203094,,,89.371109,128.991869,0.692843,0.000000
227,1135.000,0.401195,0.101759,0.497046,36.107556,9.158275,44.734170,0.730114,0.000000,0.005929,1.000000,0.00118588,1.365395,0.000000,9,0.264114,-0.181944,,,87.688247,129.040808,0.679539,0.000000
228,1140.000,0.398322,0.102472,0.499206,35.848970,9.222506,44.928524,0.727387,0.000000,0.005655,1.000000,0.00113101,1.366115,0.000000,9,0.264621,-0.159983,,,88.252056,129.090950,0.683642,0.000000
229,1145.000,0.395438,0.103222,0.501339,35.589461,9.290019,45.120520,0.745634,0.000000,0.023551,1.000000,0.00471013,1.366863,0.000000,9,0.265098,-0.137250,,,88.142782,129.142288,0.682525,0.000000
230,1150.000,0.392545,0.104009,0.503446,35.329069,9.360802,45.310129,0.764646,0.100000,0.050396,0.987879,0.01007926,1.367640,0.000000,10,0.305553,0.028141,,,94.333414,129.194815,0.730164,0.000000
231,1155.000,0.389643,0.104832,0.505526,35.067836,9.434844,45.497320,0.754798,0.100000,0.040573,1.000000,0.00811453,1.368444,0.000000,9,0.266410,-0.089643,,,93.821830,129.248522,0.725903,0.000000
232,1160.000,0.386731,0.105690,0.507578,34.805802,9.512134,45.682064,0.742337,0.000000,0.017470,1.000000,0.00349400,1.369272,0.000000,9,0.267065,-0.064857,,,91.377931,129.303400,0.706694,0.000000
233,1165.000,0.383811,0.106585,0.509604,34.543009,9.592659,45.864331,0.701054,0.000000,0.056547,1.000000,0.01130948,1.370125,0.000000,9,0.267690,-0.039478,,,92.004912,129.359441,0.711235,0.000000
234,1170.000,0.380883,0.107516,0.511601,34.279500,9.676407,46.044094,0.681607,0.000000,0.028713,1.000000,0.00574258,1.371001,0.000000,9,0.268282,-0.013553,,,87.412362,129.416636,0.675434,0.000000
235,1175.000,0.377948,0.108482,0.513570,34.015314,9.763363,46.221323,0.671288,0.000000,0.016136,1.000000,0.00322723,1.371897,0.000000,9,0.268844,0.012869,,,94.576224,129.474975,0.730459,0.000000
236,1180.000,0.375005,0.109484,0.515511,33.750494,9.853516,46.395990,0.745814,0.100000,0.124832,1.000000,0.02496638,1.372814,0.000000,10,0.306820,0.156510,,,98.477010,129.534450,0.760238,0.000000
237,1185.000,0.372056,0.110521,0.517423,33.485082,9.946850,46.568068,0.663214,0.100000,0.137137,1.000000,0.02742740,1.373749,0.000000,9,0.269871,0.067010,,,95.651016,129.595052,0.738076,0.000000
238,1190.000,0.369101,0.111593,0.519306,33.219120,10.043350,46.737530,0.712084,0.100000,0.094936,1.000000,0.01898722,1.374702,0.000000,10,0.306922,0.203469,,,91.989841,129.656770,0.709487,0.000000
239,1195.000,0.366141,0.112700,0.521159,32.952649,10.143002,46.904349,0.743784,0.000000,0.041916,1.000000,0.00838323,1.375670,0.000000,10,0.306913,0.227582,,,96.538918,129.719595,0.744212,0.000000
240,1200.000,0.363175,0.113842,0.522983,32.685712,10.245790,47.068498,0.682704,0.100000,0.110216,1.000000,0.02204313,1.376652,0.000000,9,0.271172,0.150704,,,95.157778,129.783517,0.733204,0.000000
241,1205.000,0.360204,0.115019,0.524777,32.418351,10.351697,47.229952,0.687082,0.000000,0.006871,1.000000,0.00137417,1.377647,0.000000,9,0.271541,0.179062,,,91.604434,129.848526,0.705471,0.000000
242,1210.000,0.357229,0.116230,0.526541,32.150608,10.460706,47.388686,0.687674,0.100000,0.036442,1.000000,0.00728837,1.378653,0.000000,10,0.306643,0.302030,,,87.752602,129.914612,0.675464,0.000000
243,1215.000,0.354250,0.117476,0.528274,31.882526,10.572801,47.544673,0.738048,0.000000,0.067566,1.000000,0.01351321,1.379669,0.000000,10,0.306471,0.327425,,,95.587415,129.981764,0.735391,0.000000
244,1220.000,0.351268,0.118755,0.529977,31.614146,10.687964,47.697890,0.709766,0.000000,0.039028,1.000000,0.00780564,1.380693,0.000000,10,0.306259,0.353047,,,93.927359,130.049972,0.722241,0.000000
245,1225.000,0.348283,0.120069,0.531648,31.345511,10.806177,47.848312,0.723002,0.000000,0.017583,1.000000,0.00351663,1.381723,0.000000,10,0.306007,0.378858,,,87.373112,130.119224,0.671485,0.000000
246,1230.000,0.345296,0.121416,0.533288,31.076664,10.927420,47.995916,0.640790,0.100000,0.142726,1.000000,0.02854518,1.382759,0.000000,9,0.272894,0.322008,,,98.440791,130.189511,0.756135,0.000000
247,1235.000,0.342307,0.122796,0.534896,30.807647,11.051675,48.140678,0.707752,0.100000,0.122963,1.000000,0.02459259,1.383799,0.000000,10,0.305379,0.430888,,,96.409633,130.260820,0.740128,0.000000
248,1240.000,0.339317,0.124210,0.536473,30.538502,11.178922,48.282575,0.677642,0.000000,0.043248,1.000000,0.00864963,1.384841,0.000000,10,0.305004,0.457028,,,88.783879,130.333141,0.681207,0.000000
249,1245.000,0.336325,0.125657,0.538018,30.269272,11.309142,48.421586,0.670545,0.000000,0.011446,1.000000,0.00228925,1.385884,0.000000,10,0.304587,0.483199,,,91.404367,130.406461,0.700919,0.000000
250,1250.000,0.333333,0.127137,0.539530,30.000000,11.442313,48.557687,0.709932,0.000000,0.054784,1.000000,0.01095688,1.386925,0.000000,10,0.304130,0.509360,,,92.291060,130.480771,0.707315,0.000000
251,1255.000,0.330341,0.128649,0.541010,29.730728,11.578414,48.690858,0.699701,0.000000,0.015135,0.987879,0.00302695,1.387965,0.000000,10,0.303651,0.535472,,,89.729222,130.556057,0.687285,0.000000
252,1260.000,0.327350,0.130194,0.542456,29.461498,11.717425,48.821078,0.715135,0.166667,0.075528,1.000000,0.01510566,1.389001,0.000000,12,0.349537,0.733220,,,95.086682,130.632308,0.727896,0.000000
253,1265.000,0.324359,0.131770,0.543870,29.192353,11.859322,48.948325,0.695884,0.166667,0.081919,1.000000,0.01638382,1.390032,0.000000,10,0.303059,0.587388,,,90.773069,130.709512,0.694464,0.000000
254,1270.000,0.321370,0.133379,0.545251,28.923336,12.004084,49.072580,0.710997,0.166667,0.076561,1.000000,0.01531229,1.391056,0.000000,12,0.347293,0.779304,,,91.724037,130.787657,0.701320,0.000000
255,1275.000,0.318383,0.135019,0.546598,28.654489,12.151688,49.193823,0.660799,0.166667,0.124401,1.000000,0.02488013,1.392072,0.000000,10,0.302299,0.638629,,,92.517510,130.866730,0.706960,0.000000
256,1280.000,0.315398,0.136690,0.547912,28.385854,12.302110,49.312036,0.671610,0.000000,0.015380,1.000000,0.00307591,1.393079,0.000000,10,0.301856,0.663899,,,90.563459,130.946720,0.691605,0.000000
257,1285.000,0.312416,0.138393,0.549191,28.117474,12.455327,49.427199,0.692514,0.166667,0.087070,1.000000,0.01741405,1.394076,0.000000,12,0.343565,0.848554,,,96.494510,131.027612,0.736444,0.000000
258,1290.000,0.309438,0.140126,0.550437,27.849392,12.611314,49.539294,0.657459,0.166667,0.107605,1.000000,0.02152108,1.395060,0.000000,10,0.300843,0.713542,,,94.002795,131.109395,0.716980,0.000000
259,1295.000,0.306463,0.141889,0.551648,27.581649,12.770048,49.648303,0.623916,0.000000,0.051706,1.000000,0.01034130,1.396031,0.000000,10,0.300274,0.737840,,,90.110112,131.192055,0.686856,0.000000
260,1300.000,0.303492,0.143683,0.552825,27.314288,12.931502,49.754210,0.666846,0.166667,0.121372,0.992982,0.02427450,1.396987,0.500000,12,0.339441,0.917199,,,94.208156,131.275580,0.717637,0.000000
261,1305.000,0.300526,0.145507,0.553967,27.047351,13.095651,49.856998,0.693560,0.000000,0.038618,1.000000,0.00772368,1.397927,0.000000,12,0.338176,0.939794,,,94.725483,131.359956,0.721114,0.000000
262,1310.000,0.297565,0.147361,0.555074,26.780880,13.262470,49.956650,0.691658,0.000000,0.006441,1.000000,0.00128821,1.398850,0.000000,12,0.336862,0.962192,,,92.819602,131.445170,0.706147,0.000000
263,1315.000,0.294610,0.149244,0.556146,26.514918,13.431932,50.053150,0.615309,0.166667,0.167169,0.992982,0.03343371,1.399754,0.000000,10,0.298582,0.830694,,,93.850286,131.531209,0.713521,0.000000
264,1320.000,0.291661,0.151156,0.557183,26.249506,13.604010,50.146484,0.639118,0.166667,0.098961,1.000000,0.01979223,1.400639,0.000000,12,0.334408,1.006261,,,94.713275,131.618058,0.719607,0.000000
265,1325.000,0.288719,0.153096,0.558185,25.984686,13.778677,50.236637,0.622111,0.000000,0.026449,1.000000,0.00528972,1.401503,0.000000,12,0.333155,1.027866,,,89.373060,131.705705,0.678582,0.000000
266,1330.000,0.285783,0.155066,0.559151,25.720500,13.955906,50.323593,0.631624,0.000000,0.015238,1.000000,0.00304761,1.402346,0.000000,12,0.331856,1.049139,,,91.142161,131.794135,0.691549,0.000000
267,1335.000,0.282855,0.157063,0.560082,25.456991,14.135669,50.407341,0.691770,0.000000,0.087124,1.000000,0.01742474,1.403165,0.000000,12,0.330512,1.070049,,,92.679814,131.883335,0.702741,0.000000
268,1340.000,0.279936,0.159088,0.560976,25.194198,14.317936,50.487866,0.636254,0.000000,0.080059,1.000000,0.01601176,1.403961,0.000000,12,0.329124,1.090562,,,91.841282,131.973290,0.695908,0.000000
269,1345.000,0.277024,0.161141,0.561835,24.932164,14.502680,50.565156,0.623819,0.000000,0.019324,1.000000,0.00386472,1.404731,0.000000,12,0.327690,1.110644,,,93.427062,132.063986,0.707438,0.000000
270,1350.000,0.274121,0.163221,0.562658,24.670931,14.689871,50.639198,0.618135,0.000000,0.010431,1.000000,0.00208612,1.405475,0.000000,12,0.326213,1.130263,,,91.745020,132.155409,0.694221,0.000000
271,1355.000,0.271228,0.165328,0.563444,24.410539,14.879480,50.709981,0.633325,0.000000,0.024233,1.000000,0.00484658,1.406193,0.000000,12,0.324692,1.149387,,,86.242703,132.247545,0.652131,0.000000
272,1360.000,0.268345,0.167461,0.564194,24.151030,15.071476,50.777494,0.654696,0.000000,0.032903,1.000000,0.00658068,1.406883,0.000000,12,0.323127,1.167983,,,90.504639,132.340378,0.683878,0.000000
273,1365.000,0.265472,0.169620,0.564908,23.892444,15.265830,50.841725,0.620447,0.000000,0.052043,0.992982,0.01040870,1.407544,0.000000,12,0.321695,1.186021,,,91.258554,132.433894,0.689088,0.000000
274,1370.000,0.262609,0.171806,0.565585,23.634823,15.462511,50.902666,0.603314,0.000000,0.027324,1.000000,0.00546487,1.408175,0.000000,12,0.320233,1.203469,,,87.786130,132.528079,0.662396,0.000000
275,1375.000,0.259758,0.174017,0.566226,23.378207,15.661487,50.960306,0.605822,0.000000,0.008330,1.000000,0.00166609,1.408776,0.000000,12,0.318730,1.220296,,,91.698495,132.622917,0.691423,0.000000
276,1380.000,0.256918,0.176253,0.566829,23.122637,15.862727,51.014636,0.607759,0.000000,0.007936,1.000000,0.00158723,1.409346,0.000000,12,0.317185,1.236473,,,91.017797,132.718394,0.685796,0.000000
277,1385.000,0.254091,0.178513,0.567396,22.868153,16.066200,51.065647,0.670973,0.000000,0.094521,0.992982,0.01890410,1.409884,0.000000,12,0.315637,1.251971,,,95.829108,132.814494,0.721526,0.000000
278,1390.000,0.251275,0.180799,0.567926,22.614795,16.271873,51.113332,0.595907,0.000000,0.111559,0.992982,0.02231184,1.410390,0.000000,12,0.314318,1.266760,,,94.023670,132.911203,0.707417,0.000000
279,1395.000,0.248473,0.183108,0.568419,22.362603,16.479714,51.157683,0.653009,0.000000,0.087782,1.000000,0.01755648,1.410863,0.000000,12,0.313083,1.280814,,,92.485236,133.008505,0.695333,0.000000
280,1400.000,0.245685,0.185441,0.568874,22.111617,16.689690,51.198693,0.587101,0.000000,0.100585,1.000000,0.02011698,1.411302,0.000000,12,0.311809,1.294106,,,93.167623,133.106384,0.699949,0.000000
281,1405.000,0.242910,0.187797,0.569293,21.861877,16.901768,51.236355,0.653579,0.000000,0.102071,1.000000,0.02041423,1.411707,0.000000,12,0.310497,1.306611,,,95.340999,133.204825,0.715747,0.000000
282,1410.000,0.240149,0.190177,0.569674,21.613421,17.115914,51.270664,0.600321,0.000000,0.081107,1.000000,0.01622137,1.412078,0.000000,12,0.309146,1.318302,,,95.213983,133.303814,0.714263,0.000000
283,1415.000,0.237403,0.192579,0.570018,21.366291,17.332095,51.301614,0.650448,0.142857,0.130938,1.000000,0.02618760,1.412413,0.000000,14,0.333388,1.448572,,,100.192222,133.403333,0.751047,0.000000
284,1420.000,0.234672,0.195003,0.570324,21.120523,17.550276,51.329200,0.614498,0.142857,0.109644,1.000000,0.02192876,1.412713,0.000000,12,0.306332,1.339155,,,91.097461,133.503367,0.682361,0.000000
285,1425.000,0.231957,0.197449,0.570594,20.876158,17.770424,51.353418,0.577938,0.000000,0.059068,0.978947,0.01181359,1.412977,0.000000,12,0.305164,1.348271,,,87.494863,133.603901,0.654883,0.000000
286,1430.000,0.229258,0.199917,0.570825,20.633234,17.992502,51.374265,0.578428,0.000000,0.006796,1.000000,0.00135930,1.413204,0.000000,12,0.303998,1.356488,,,91.254435,133.704919,0.682506,0.000000
287,1435.000,0.226575,0.202405,0.571019,20.391788,18.216476,51.391735,0.647859,0.142857,0.161717,0.995585,0.03234342,1.413395,0.000000,14,0.326173,1.490070,,,98.359992,133.806405,0.735092,0.000000
288,1440.000,0.223910,0.204915,0.571176,20.151860,18.442312,51.405828,0.620991,0.000000,0.040305,0.995585,0.00806095,1.413550,0.000000,14,0.324669,1.498517,,,92.581391,133.908342,0.691379,0.000000
289,1445.000,0.221261,0.207444,0.571295,19.913487,18.669972,51.416541,0.614351,0.000000,0.010420,1.000000,0.00208399,1.413667,0.000000,14,0.323205,1.506148,,,85.841452,134.010714,0.640557,0.000000
290,1450.000,0.218630,0.209994,0.571376,19.676707,18.899421,51.423872,0.599961,0.000000,0.022202,1.000000,0.00444037,1.413748,0.000000,14,0.321710,1.512945,,,89.775777,134.113506,0.669401,0.000000
291,1455.000,0.216017,0.212562,0.571420,19.441557,19.130624,51.427819,0.632898,0.000000,0.053242,1.000000,0.01064841,1.413791,0.000000,14,0.320184,1.518887,,,96.225541,134.216702,0.716942,0.000000
292,1460.000,0.213423,0.215150,0.571426,19.208074,19.363542,51.428383,0.611050,0.000000,0.033281,0.991170,0.00665612,1.413797,0.000000,14,0.318765,1.523956,,,91.322887,134.320284,0.679889,0.000000
293,1465.000,0.210848,0.217757,0.571395,18.976296,19.598141,51.425564,0.568104,0.000000,0.069073,1.000000,0.01381456,1.413767,0.000000,14,0.317594,1.528137,,,92.332529,134.424236,0.686874,0.000000
294,1470.000,0.208292,0.220382,0.571326,18.746258,19.834382,51.419360,0.621118,0.000000,0.086557,1.000000,0.01731131,1.413698,0.000000,14,0.316391,1.531412,,,93.257675,134.528543,0.693219,0.000000
295,1475.000,0.205756,0.223025,0.571220,18.517997,20.072228,51.409775,0.591541,0.000000,0.046351,1.000000,0.00927017,1.413593,0.000000,14,0.315158,1.533768,,,92.154560,134.633187,0.684486,0.000000
296,1480.000,0.203239,0.225685,0.571076,18.291550,20.311642,51.396809,0.644026,0.000000,0.082732,1.000000,0.01654631,1.413451,0.000000,14,0.313894,1.535192,,,93.779483,134.738153,0.696013,0.000000
297,1485.000,0.200744,0.228362,0.570894,18.066951,20.552586,51.380463,0.613480,0.000000,0.046131,0.982340,0.00922620,1.413272,0.000000,14,0.312921,1.535672,,,92.229489,134.843423,0.683975,0.000000
298,1490.000,0.198269,0.231056,0.570675,17.844237,20.795021,51.360742,0.635211,0.000000,0.035540,1.000000,0.00710804,1.413056,0.000000,14,0.312033,1.535198,,,90.644884,134.948981,0.671697,0.000000
299,1495.000,0.195816,0.233766,0.570418,17.623442,21.038910,51.337647,0.569135,0.000000,0.102775,0.986755,0.02055492,1.412805,0.000000,14,0.311413,1.533761,,,92.347306,135.054810,0.683777,0.000000
300,1500.000,0.193384,0.236491,0.570124,17.404602,21.284215,51.311183,0.627143,0.000000,0.093772,1.000000,0.01875436,1.412517,0.000000,14,0.310775,1.531354,,,96.471939,135.160894,0.713756,0.000000
301,1505.000,0.190975,0.239232,0.569793,17.187750,21.530895,51.281354,0.616837,0.000000,0.015035,0.995585,0.00300697,1.412193,0.000000,14,0.310125,1.527972,,,91.173895,135.267215,0.674028,0.000000
302,1510.000,0.188588,0.241988,0.569424,16.972922,21.778913,51.248164,0.640267,0.000000,0.037975,1.000000,0.00759494,1.411835,0.000000,14,0.309638,1.523610,,,95.540140,135.373758,0.705751,0.000000
303,1515.000,0.186224,0.244758,0.569018,16.760151,22.028230,51.211619,0.643012,0.000000,0.008845,0.995585,0.00176898,1.411441,0.000000,14,0.309293,1.518267,,,92.271503,135.480504,0.681068,0.000000
304,1520.000,0.183883,0.247542,0.568575,16.549471,22.278805,51.171724,0.609196,0.000000,0.051204,1.000000,0.01024085,1.411013,0.000000,14,0.308930,1.511940,,,92.195681,135.587438,0.679972,0.000000
305,1525.000,0.181566,0.250340,0.568094,16.340915,22.530599,51.128487,0.612750,0.000000,0.009771,1.000000,0.00195417,1.410552,0.000000,14,0.308535,1.504632,,,93.648403,135.694542,0.690141,0.000000
306,1530.000,0.179272,0.253151,0.567577,16.134515,22.783573,51.081912,0.629769,0.066667,0.055616,1.000000,0.01112315,1.410057,0.000000,15,0.318256,1.550252,,,95.337903,135.801800,0.702037,0.000000
307,1535.000,0.177003,0.255974,0.567022,15.930305,23.037686,51.032009,0.578999,0.133333,0.130624,0.995516,0.02612488,1.409529,0.000000,13,0.293793,1.446973,,,89.450613,135.909195,0.658165,0.000000
308,1540.000,0.174759,0.258810,0.566431,15.728317,23.292899,50.978784,0.606705,0.000000,0.047505,1.000000,0.00950096,1.408970,0.000000,13,0.292890,1.440307,,,97.094293,136.016709,0.713841,0.000000
309,1545.000,0.172540,0.261657,0.565803,15.528583,23.549171,50.922246,0.630523,0.071429,0.067991,0.986755,0.01359830,1.408379,0.000000,14,0.305160,1.477025,,,99.754744,136.124326,0.732821,0.000000
310,1550.000,0.170346,0.264516,0.565138,15.331133,23.806461,50.862405,0.610945,0.000000,0.028910,1.000000,0.00578208,1.407757,0.000000,14,0.304307,1.469492,,,93.091257,136.232028,0.683329,0.000000
311,1555.000,0.168178,0.267386,0.564436,15.136001,24.064730,50.799269,0.605443,0.000000,0.008275,0.986755,0.00165507,1.407106,0.000000,14,0.303664,1.461052,,,90.081425,136.339799,0.660713,0.000000
312,1560.000,0.166036,0.270266,0.563698,14.943215,24.323936,50.732849,0.636505,0.000000,0.050907,1.000000,0.01018147,1.406426,0.000000,14,0.303010,1.451705,,,96.911448,136.447621,0.710247,0.000000
313,1565.000,0.163920,0.273156,0.562924,14.752807,24.584038,50.663155,0.648218,0.000000,0.020250,1.000000,0.00405002,1.405718,0.000000,14,0.302326,1.441454,,,94.912089,136.555479,0.695044,0.000000
314,1570.000,0.161831,0.276056,0.562113,14.564807,24.844996,50.590198,0.576386,0.000000,0.108833,0.986755,0.02176654,1.404982,0.000000,14,0.301960,1.430302,,,97.032707,136.663353,0.710013,0.000000
315,1575.000,0.159769,0.278964,0.561267,14.379244,25.106767,50.513989,0.557803,0.071429,0.060208,1.000000,0.01204158,1.404220,0.000000,13,0.290306,1.366316,,,87.910290,136.771229,0.642754,0.000000
316,1580.000,0.157735,0.281881,0.560384,14.196147,25.369311,50.434541,0.611531,0.071429,0.118165,1.000000,0.02363303,1.403433,0.000000,14,0.301134,1.405323,,,99.537176,136.879087,0.727191,0.000000
317,1585.000,0.155728,0.284807,0.559465,14.015547,25.632587,50.351866,0.564939,0.000000,0.074119,1.000000,0.01482384,1.402622,0.000000,14,0.300673,1.391511,,,91.035359,136.986913,0.664555,0.000000
318,1590.000,0.153750,0.287739,0.558511,13.837470,25.896552,50.265978,0.646993,0.000000,0.128777,1.000000,0.02575543,1.401787,0.000000,14,0.300180,1.376832,,,97.793804,137.094687,0.713330,0.000000
319,1595.000,0.151799,0.290680,0.557521,13.661946,26.161165,50.176889,0.597461,0.000000,0.074483,1.000000,0.01489668,1.400930,0.000000,14,0.299655,1.361297,,,98.477040,137.202394,0.717750,0.000000
320,1600.000,0.149878,0.293626,0.556496,13.489002,26.426384,50.084614,0.603421,0.000000,0.012784,1.000000,0.00255685,1.400052,0.000000,14,0.299100,1.344920,,,91.820378,137.310017,0.668709,0.000000
321,1605.000,0.147985,0.296580,0.555435,13.318665,26.692168,49.989167,0.631787,0.000000,0.047042,0.982340,0.00940850,1.399153,0.000000,14,0.298548,1.327717,,,87.886213,137.417538,0.639556,0.000000
322,1610.000,0.146122,0.299539,0.554340,13.150962,26.958473,49.890564,0.637106,0.000000,0.011593,1.000000,0.00231861,1.398236,0.000000,14,0.298305,1.309706,,,94.180088,137.524940,0.684822,0.000000
323,1615.000,0.144288,0.302503,0.553209,12.985920,27.225260,49.788820,0.564470,0.000000,0.112013,1.000000,0.02240266,1.397302,0.000000,14,0.298027,1.290905,,,101.322579,137.632207,0.736184,0.000000
324,1620.000,0.142484,0.305472,0.552044,12.823565,27.492484,49.683951,0.595721,0.000000,0.054590,0.995585,0.01091793,1.396351,0.500000,14,0.297797,1.271336,,,94.628193,137.739321,0.687009,0.000000
325,1625.000,0.140710,0.308446,0.550844,12.663922,27.760104,49.575974,0.568607,0.000000,0.043364,1.000000,0.00867273,1.395385,0.000000,14,0.297612,1.251019,,,95.252354,137.846266,0.691004,0.000000
326,1630.000,0.138967,0.311423,0.549610,12.507016,28.028078,49.464906,0.596826,0.000000,0.049423,0.986755,0.00988466,1.394405,0.000000,14,0.297497,1.229980,,,98.130021,137.953024,0.711329,0.000000
327,1635.000,0.137254,0.314404,0.548342,12.352873,28.296364,49.350763,0.564356,0.071429,0.080471,1.000000,0.01609426,1.393413,0.000000,13,0.283968,1.167117,,,96.289705,138.059580,0.697450,0.000000
328,1640.000,0.135572,0.317388,0.547040,12.201516,28.564918,49.233565,0.639016,0.071429,0.145038,1.000000,0.02900758,1.392409,0.000000,14,0.297495,1.185839,,,101.788804,138.165915,0.736714,0.000000
329,1645.000,0.133922,0.320374,0.545704,12.052971,28.833699,49.113330,0.587205,0.071429,0.105627,1.000000,0.02112549,1.391396,0.000000,13,0.282689,1.128030,,,99.062362,138.272014,0.716431,0.000000
330,1650.000,0.132303,0.323363,0.544334,11.907259,29.102665,48.990077,0.590912,0.000000,0.009857,1.000000,0.00197138,1.390374,0.000000,13,0.282007,1.107436,,,93.070115,138.377859,0.672580,0.000000
331,1655.000,0.130716,0.326353,0.542931,11.764404,29.371771,48.863825,0.642126,0.071429,0.107977,1.000000,0.02159548,1.389345,0.000000,14,0.297217,1.114896,,,102.090097,138.483435,0.737201,0.000000
332,1660.000,0.129160,0.329344,0.541495,11.624429,29.640978,48.734594,0.635135,0.000000,0.008666,1.000000,0.00173318,1.388311,0.000000,14,0.297052,1.090111,,,93.831300,138.588723,0.677049,0.000000
333,1665.000,0.127637,0.332336,0.540027,11.487355,29.910240,48.602404,0.586856,0.071429,0.099221,0.995585,0.01984426,1.387272,0.000000,13,0.279868,1.041707,,,98.692533,138.693707,0.711586,0.000000
334,1670.000,0.126147,0.335328,0.538525,11.353205,30.179517,48.467277,0.603744,0.000000,0.030522,1.000000,0.00610439,1.386231,0.000000,13,0.279193,1.018562,,,89.255930,138.798372,0.643062,0.000000
335,1675.000,0.124689,0.338320,0.536991,11.222000,30.448766,48.329234,0.620590,0.000000,0.029687,1.000000,0.00593735,1.385188,0.000000,13,0.278490,0.994844,,,100.066003,138.902700,0.720404,0.000000
336,1680.000,0.123264,0.341310,0.535426,11.093759,30.717944,48.188297,0.573613,0.000000,0.073290,1.000000,0.01465793,1.384146,0.000000,13,0.277759,0.970582,,,96.782600,139.006675,0.696244,0.000000
337,1685.000,0.121872,0.344300,0.533828,10.968505,30.987008,48.044487,0.569041,0.000000,0.006153,1.000000,0.00123063,1.383106,0.000000,13,0.277000,0.945808,,,94.780781,139.110280,0.681336,0.000000
338,1690.000,0.120514,0.347288,0.532198,10.846255,31.255917,47.897828,0.641795,0.000000,0.115641,0.994475,0.02312822,1.382068,0.000000,13,0.276263,0.920556,,,99.851385,139.213500,0.717254,0.000000
339,1695.000,0.119189,0.350274,0.530537,10.727030,31.524627,47.748343,0.572919,0.000000,0.105027,1.000000,0.02100533,1.381036,0.000000,13,0.275562,0.894859,,,96.986618,139.316317,0.696161,0.000000
340,1700.000,0.117898,0.353257,0.528845,10.610849,31.793097,47.596054,0.628185,0.000000,0.090298,1.000000,0.01805968,1.380009,0.000000,13,0.274833,0.868754,,,99.719619,139.418716,0.715253,0.000000
341,1705.000,0.116641,0.356236,0.527122,10.497729,32.061283,47.440988,0.631931,0.000000,0.009094,1.000000,0.00181877,1.378990,0.000000,13,0.274074,0.842279,,,94.591024,139.520680,0.677971,0.000000
342,1710.000,0.115419,0.359213,0.525369,10.387689,32.329144,47.283167,0.618051,0.000000,0.019496,1.000000,0.00389928,1.377981,0.000000,13,0.273288,0.815475,,,99.877011,139.622194,0.715338,0.000000
343,1715.000,0.114231,0.362185,0.523585,10.280746,32.596637,47.122617,0.594271,0.000000,0.036063,0.994475,0.00721265,1.376982,0.000000,13,0.272557,0.788381,,,93.362302,139.723240,0.668195,0.000000
344,1720.000,0.113077,0.365152,0.521771,10.176917,32.863720,46.959363,0.646286,0.000000,0.082769,1.000000,0.01655380,1.375996,0.000000,13,0.271873,0.761041,,,102.401598,139.823805,0.732362,0.000000
345,1725.000,0.111958,0.368115,0.519927,10.076218,33.130351,46.793431,0.640030,0.000000,0.007226,1.000000,0.00144523,1.375023,0.000000,13,0.271161,0.733499,,,98.924501,139.923870,0.706988,0.000000
346,1730.000,0.110874,0.371072,0.518054,9.978666,33.396487,46.624847,0.569380,0.000000,0.108195,1.000000,0.02163907,1.374065,0.000000,13,0.270422,0.705799,,,101.755461,140.023422,0.726703,0.000000
347,1735.000,0.109825,0.374023,0.516152,9.884274,33.662087,46.453638,0.652926,0.000000,0.130085,1.000000,0.02601705,1.373124,0.000000,13,0.269656,0.677989,,,103.679433,140.122443,0.739920,0.000000
348,1740.000,0.108812,0.376968,0.514220,9.793060,33.927109,46.279831,0.627822,0.000000,0.036113,1.000000,0.00722266,1.372201,0.000000,13,0.268864,0.650114,,,101.196405,140.220919,0.721693,0.000000
349,1745.000,0.107834,0.379906,0.512261,9.705036,34.191511,46.103453,0.594084,0.000000,0.051454,1.000000,0.01029085,1.371297,0.000000,13,0.268045,0.622225,,,94.671521,140.318833,0.674689,0.000000
350,1750.000,0.106891,0.382836,0.510273,9.620218,34.455251,45.924532,0.583033,0.000000,0.016250,1.000000,0.00325005,1.370414,0.000000,13,0.267200,0.594369,,,98.536433,140.416170,0.701746,0.000000
351,1755.000,0.105985,0.385759,0.508257,9.538617,34.718287,45.743096,0.577036,0.076923,0.036342,1.000000,0.00726847,1.369554,0.000000,12,0.243179,0.559954,,,94.086482,140.512916,0.669593,0.000000
352,1760.000,0.105114,0.388673,0.506213,9.460247,34.980578,45.559175,0.649456,0.076923,0.138988,1.000000,0.02779760,1.368717,0.000000,13,0.265432,0.538959,,,105.531200,140.609054,0.750529,0.000000
353,1765.000,0.104279,0.391579,0.504142,9.385121,35.242083,45.372796,0.654228,0.000000,0.009692,1.000000,0.00193849,1.367905,0.000000,13,0.264511,0.511507,,,101.227984,140.704570,0.719436,0.000000
354,1770.000,0.103481,0.394475,0.502044,9.313251,35.502760,45.183990,0.605368,0.000000,0.072531,0.994475,0.01450621,1.367119,0.000000,13,0.263565,0.484290,,,104.542773,140.799448,0.742494,0.000000
355,1775.000,0.102718,0.397362,0.499920,9.244647,35.762568,44.992786,0.589773,0.076923,0.050364,1.000000,0.01007275,1.366361,0.000000,12,0.237625,0.456808,,,100.447270,140.893673,0.712930,0.000000
356,1780.000,0.101992,0.400239,0.497769,9.179320,36.021466,44.799214,0.580317,0.000000,0.013520,1.000000,0.00270399,1.365631,0.000000,12,0.236330,0.431294,,,96.262482,140.987231,0.682774,0.000000
357,1785.000,0.101303,0.403105,0.495592,9.117281,36.279413,44.603306,0.615636,0.076923,0.085127,1.000000,0.01702544,1.364932,0.000000,13,0.261015,0.404574,,,97.554909,141.080106,0.691486,0.000000
358,1790.000,0.100650,0.405960,0.493390,9.058540,36.536368,44.405092,0.605296,0.076923,0.040952,1.000000,0.00819050,1.364263,0.000000,12,0.233706,0.380991,,,101.324234,141.172285,0.717735,0.000000
359,1795.000,0.100035,0.408803,0.491162,9.003106,36.792292,44.204602,0.582014,0.000000,0.036096,1.000000,0.00721915,1.363626,0.000000,12,0.232378,0.356318,,,101.098752,141.263752,0.715674,0.000000
360,1800.000,0.099455,0.411635,0.488910,8.950987,37.047142,44.001870,0.607928,0.000000,0.044949,1.000000,0.00898979,1.363022,0.000000,12,0.231039,0.332045,,,96.473821,141.354493,0.682496,0.000000
361,1805.000,0.098913,0.414454,0.486633,8.902193,37.300880,43.796927,0.661644,0.076923,0.107334,0.994475,0.02146682,1.362453,0.000000,13,0.257316,0.304694,,,110.542012,141.444494,0.781522,0.000000
362,1810.000,0.098408,0.417261,0.484331,8.856730,37.553465,43.589805,0.587436,0.076923,0.133303,1.000000,0.02666069,1.361918,0.000000,12,0.228610,0.284940,,,102.998460,141.533741,0.727731,0.000000
363,1815.000,0.097940,0.420054,0.482006,8.814605,37.804858,43.380537,0.622750,0.000000,0.058907,1.000000,0.01178141,1.361420,0.000000,12,0.227478,0.262230,,,100.141972,141.622219,0.707106,0.000000
364,1820.000,0.097509,0.422834,0.479657,8.775827,38.055018,43.169156,0.635236,0.076923,0.046940,1.000000,0.00938794,1.360958,0.000000,13,0.254912,0.236317,,,100.113271,141.709914,0.706466,0.000000
365,1825.000,0.097116,0.425599,0.477286,8.740399,38.303905,42.955695,0.601481,0.076923,0.075268,1.000000,0.01505352,1.360534,0.000000,12,0.225182,0.218798,,,102.372659,141.796813,0.721967,0.000000
366,1830.000,0.096759,0.428350,0.474891,8.708329,38.551482,42.740189,0.590459,0.000000,0.016122,1.000000,0.00322438,1.360148,0.000000,12,0.224018,0.198196,,,100.119242,141.882902,0.705647,0.000000
367,1835.000,0.096440,0.431086,0.472474,8.679621,38.797708,42.522671,0.595784,0.000000,0.011123,1.000000,0.00222468,1.359800,0.000000,12,0.222844,0.178413,,,100.139281,141.968167,0.705364,0.000000
368,1840.000,0.096159,0.433806,0.470035,8.654280,39.042545,42.303175,0.604316,0.000000,0.016263,0.978873,0.00325257,1.359493,0.000000,12,0.221835,0.159506,,,101.846658,142.052595,0.716964,0.000000
369,1845.000,0.095915,0.436511,0.467575,8.632309,39.285954,42.081737,0.688981,0.076923,0.146566,1.000000,0.02931330,1.359225,0.000000,13,0.250870,0.138411,,,111.214726,142.136173,0.782452,0.000000
370,1850.000,0.095708,0.439199,0.465093,8.613713,39.527897,41.858390,0.679350,0.000000,0.011999,1.000000,0.00239977,1.358998,0.000000,13,0.250175,0.121598,,,100.203041,142.218886,0.704569,0.000000
371,1855.000,0.095539,0.441870,0.462591,8.598494,39.768335,41.633171,0.665342,0.000000,0.018674,1.000000,0.00373485,1.358811,0.000000,13,0.249456,0.105789,,,108.470241,142.300723,0.762261,0.000000
372,1860.000,0.095407,0.444525,0.460068,8.586654,40.007230,41.406116,0.686468,0.000000,0.032675,1.000000,0.00653507,1.358666,0.000000,13,0.248716,0.091015,,,104.568513,142.381671,0.734424,0.000000
373,1865.000,0.095313,0.447162,0.457525,8.578196,40.244546,41.177258,0.630769,0.076923,0.101965,1.000000,0.02039303,1.358562,0.000000,12,0.217226,0.079949,,,105.534056,142.461716,0.740789,0.000000
374,1870.000,0.095257,0.449780,0.454963,8.573120,40.480243,40.946636,0.624909,0.000000,0.007325,1.000000,0.00146505,1.358499,0.000000,12,0.216273,0.067361,,,98.150864,142.540845,0.688581,0.000000
375,1875.000,0.095238,0.452381,0.452381,8.571429,40.714286,40.714286,0.688723,0.076923,0.116561,1.000000,0.02331216,1.358478,0.000000,13,0.246363,0.053166,,,111.022422,142.619048,0.778454,0.000000
376,1880.000,0.095257,0.454963,0.449780,8.573120,40.946636,40.480243,0.664158,0.000000,0.033858,0.994475,0.00677169,1.358499,0.000000,13,0.245762,0.042783,,,102.359572,142.696310,0.717325,0.000000
377,1885.000,0.095313,0.457525,0.447162,8.578196,41.177258,40.244546,0.697688,0.000000,0.049819,1.000000,0.00996378,1.358562,0.000000,13,0.245140,0.033547,,,100.881111,142.772620,0.706586,0.000000
378,1890.000,0.095407,0.460068,0.444525,8.586654,41.406116,40.007230,0.643099,0.076923,0.099049,1.000000,0.01980979,1.358666,0.000000,12,0.213113,0.029350,,,103.326415,142.847966,0.723331,0.000000
379,1895.000,0.095539,0.462591,0.441870,8.598494,41.633171,39.768335,0.650374,0.076923,0.037009,1.000000,0.00740174,1.358811,0.000000,13,0.243829,0.018569,,,104.068482,142.922336,0.728147,0.000000
380,1900.000,0.095708,0.465093,0.439199,8.613713,41.858390,39.527897,0.682751,0.000000,0.049117,1.000000,0.00982348,1.358998,0.000000,13,0.243141,0.012847,,,107.353250,142.995718,0.750745,0.000000
381,1905.000,0.095915,0.467575,0.436511,8.632309,42.081737,39.285954,0.701130,0.000000,0.027924,0.994475,0.00558475,1.359225,0.500000,13,0.242563,0.008309,,,105.766951,143.068100,0.739277,0.000000
382,1910.000,0.096159,0.470035,0.433806,8.654280,42.303175,39.042545,0.631400,0.076923,0.119880,1.000000,0.02397596,1.359493,0.000000,12,0.210386,0.012200,,,108.373729,143.139472,0.757120,0.000000
383,1915.000,0.096440,0.472474,0.431086,8.679621,42.522671,38.797708,0.643121,0.076923,0.043793,1.000000,0.00875866,1.359800,0.000000,13,0.241450,0.002796,,,103.751417,143.209821,0.724471,0.000000
384,1920.000,0.096759,0.474891,0.428350,8.708329,42.740189,38.551482,0.620173,0.076923,0.057666,1.000000,0.01153310,1.360148,0.000000,12,0.209194,0.011655,,,106.486544,143.279138,0.743210,0.000000
385,1925.000,0.097116,0.477286,0.425599,8.740399,42.955695,38.303905,0.676785,0.076923,0.107532,1.000000,0.02150650,1.360534,0.000000,13,0.240250,0.002008,,,108.369384,143.347410,0.755991,0.000000
386,1930.000,0.097509,0.479657,0.422834,8.775827,43.169156,38.055018,0.715232,0.000000,0.055303,1.000000,0.01106052,1.360958,0.000000,13,0.239618,0.003367,,,107.152499,143.414627,0.747152,0.000000
387,1935.000,0.097940,0.482006,0.420054,8.814605,43.380537,37.804858,0.681721,0.000000,0.045314,1.000000,0.00906281,1.361420,0.000000,13,0.238965,0.005878,,,111.902658,143.480778,0.779914,0.000000
388,1940.000,0.098408,0.484331,0.417261,8.856730,43.589805,37.553465,0.641888,0.000000,0.056932,1.000000,0.01138640,1.361918,0.000000,13,0.238291,0.009526,,,103.605197,143.545854,0.721757,0.000000
389,1945.000,0.098913,0.486633,0.414454,8.902193,43.796927,37.300880,0.698258,0.000000,0.082167,1.000000,0.01643334,1.362453,0.000000,13,0.237596,0.014292,,,109.842719,143.609843,0.764869,0.000000
390,1950.000,0.099455,0.488910,0.411635,8.950987,44.001870,37.047142,0.696259,0.000000,0.004012,1.000000,0.00080240,1.363022,0.000000,13,0.236881,0.020154,,,107.732320,143.672736,0.749845,0.000000
391,1955.000,0.100035,0.491162,0.408803,9.003106,44.204602,36.792292,0.643950,0.000000,0.073726,1.000000,0.01474511,1.363626,0.000000,13,0.236145,0.027088,,,109.276251,143.734522,0.760264,0.000000
392,1960.000,0.100650,0.493390,0.405960,9.058540,44.405092,36.536368,0.727031,0.000000,0.115592,0.994475,0.02311849,1.364263,0.000000,13,0.235401,0.035069,,,111.288669,143.795193,0.773939,0.000000
393,1965.000,0.101303,0.495592,0.403105,9.117281,44.603306,36.279413,0.703801,0.000000,0.030532,0.983425,0.00610638,1.364932,0.000000,13,0.234905,0.044067,,,106.103939,143.854737,0.737577,0.000000
394,1970.000,0.101992,0.497769,0.400239,9.179320,44.799214,36.021466,0.689091,0.000000,0.019491,1.000000,0.00389820,1.365631,0.000000,13,0.234494,0.054051,,,109.486619,143.913147,0.760783,0.000000
395,1975.000,0.102718,0.499920,0.397362,9.244647,44.992786,35.762568,0.676675,0.000000,0.016628,0.994475,0.00332560,1.366361,0.000000,13,0.234170,0.064988,,,105.867313,143.970412,0.735341,0.000000
396,1980.000,0.103481,0.502044,0.394475,9.313251,45.183990,35.502760,0.660577,0.000000,0.022432,1.000000,0.00448636,1.367119,0.000000,13,0.233909,0.076841,,,110.393955,144.026524,0.766484,0.000000
397,1985.000,0.104279,0.504142,0.391579,9.385121,45.372796,35.242083,0.693585,0.000000,0.048888,1.000000,0.00977759,1.367905,0.000000,13,0.233626,0.089573,,,111.558042,144.081474,0.774271,0.000000
398,1990.000,0.105114,0.506213,0.388673,9.460247,45.559175,34.980578,0.685680,0.000000,0.010074,1.000000,0.00201477,1.368717,0.000000,13,0.233320,0.103146,,,110.330157,144.135253,0.765463,0.000000
399,1995.000,0.105985,0.508257,0.385759,9.538617,45.743096,34.718287,0.674724,0.000000,0.014688,1.000000,0.00293750,1.369554,0.000000,13,0.232992,0.117517,,,100.396395,144.187852,0.696289,0.000000
400,2000.000,0.106891,0.510273,0.382836,9.620218,45.924532,34.455251,0.718406,0.000000,0.062011,1.000000,0.01240222,1.370414,0.000000,13,0.232642,0.132645,,,108.019649,144.239264,0.748892,0.000000
401,2005.000,0.107834,0.512261,0.379906,9.705036,46.103453,34.191511,0.722303,0.000000,0.007780,1.000000,0.00155597,1.371297,0.000000,13,0.232270,0.148485,,,105.063121,144.289480,0.728141,0.000000
402,2010.000,0.108812,0.514220,0.376968,9.793060,46.279831,33.927109,0.753933,0.071429,0.062658,1.000000,0.01253164,1.372201,0.000000,14,0.261944,0.155336,,,111.052996,144.338493,0.769393,0.000000
403,2015.000,0.109825,0.516152,0.374023,9.884274,46.453638,33.662087,0.757737,0.000000,0.007731,1.000000,0.00154618,1.373124,0.000000,14,0.261369,0.169767,,,109.269336,144.386293,0.756785,0.000000
404,2020.000,0.110874,0.518054,0.371072,9.978666,46.624847,33.396487,0.709893,0.071429,0.081324,1.000000,0.01626484,1.374065,0.000000,13,0.231021,0.199823,,,109.656736,144.432875,0.759223,0.000000
405,2025.000,0.111958,0.519927,0.368115,10.076218,46.793431,33.130351,0.737344,0.071429,0.058448,1.000000,0.01168960,1.375023,0.000000,14,0.260135,0.200347,,,110.944714,144.478231,0.767899,0.000000
406,2030.000,0.113077,0.521771,0.365152,10.176917,46.959363,32.863720,0.705674,0.000000,0.041694,0.982340,0.00833878,1.375996,0.500000,14,0.259685,0.216429,,,108.231143,144.522353,0.748889,0.000000
407,2035.000,0.114231,0.523585,0.362185,10.280746,47.122617,32.596637,0.713971,0.000000,0.012898,1.000000,0.00257970,1.376982,0.000000,14,0.259436,0.232993,,,107.104565,144.565234,0.740874,0.000000
408,2040.000,0.115419,0.525369,0.359213,10.387689,47.283167,32.329144,0.729799,0.000000,0.022933,1.000000,0.00458665,1.377981,0.000000,14,0.259157,0.250004,,,109.695504,144.606868,0.758577,0.000000
409,2045.000,0.116641,0.527122,0.356236,10.497729,47.440988,32.061283,0.773718,0.000000,0.057943,1.000000,0.01158864,1.378990,0.000000,14,0.258848,0.267426,,,110.340643,144.647248,0.762826,0.000000
410,2050.000,0.117898,0.528845,0.353257,10.610849,47.596054,31.793097,0.682290,0.000000,0.117080,1.000000,0.02341592,1.380009,0.000000,14,0.258510,0.285222,,,110.458428,144.686368,0.763434,0.000000
411,2055.000,0.119189,0.530537,0.350274,10.727030,47.748343,31.524627,0.726912,0.000000,0.062522,1.000000,0.01250436,1.381036,0.000000,14,0.258142,0.303356,,,112.025523,144.724222,0.774062,0.000000
412,2060.000,0.120514,0.532198,0.347288,10.846255,47.897828,31.255917,0.716788,0.000000,0.012752,1.000000,0.00255045,1.382068,0.000000,14,0.257746,0.321792,,,107.556116,144.760803,0.742992,0.000000
413,2065.000,0.121872,0.533828,0.344300,10.968505,48.044487,30.987008,0.766178,0.000000,0.065557,1.000000,0.01311136,1.383106,0.000000,14,0.257320,0.340492,,,113.793931,144.796106,0.785891,0.000000
414,2070.000,0.123264,0.535426,0.341310,11.093759,48.188297,30.717944,0.783306,0.000000,0.022990,1.000000,0.00459798,1.384146,0.000000,14,0.256865,0.359419,,,110.491182,144.830126,0.762902,0.000000
415,2075.000,0.124689,0.536991,0.338320,11.222000,48.329234,30.448766,0.738032,0.000000,0.056735,0.995585,0.01134696,1.385188,0.000000,14,0.256453,0.378536,,,108.804025,144.862856,0.751083,0.000000
416,2080.000,0.126147,0.538525,0.335328,11.353205,48.467277,30.179517,0.701388,0.000000,0.048598,1.000000,0.00971954,1.386231,0.000000,14,0.256023,0.397805,,,107.551124,144.894292,0.742273,0.000000
417,2085.000,0.127637,0.540027,0.332336,11.487355,48.602404,29.910240,0.755448,0.000000,0.072568,1.000000,0.01451356,1.387272,0.000000,14,0.255564,0.417190,,,111.406971,144.924429,0.768725,0.000000
418,2090.000,0.129160,0.541495,0.329344,11.624429,48.734594,29.640978,0.757371,0.000000,0.006300,1.000000,0.00126002,1.388311,0.000000,14,0.255076,0.436652,,,109.102349,144.953261,0.752673,0.000000
419,2095.000,0.130716,0.542931,0.326353,11.764404,48.863825,29.371771,0.769320,0.000000,0.016559,1.000000,0.00331172,1.389345,0.000000,14,0.254560,0.456155,,,109.794382,144.980786,0.757303,0.000000
420,2100.000,0.132303,0.544334,0.323363,11.907259,48.990077,29.102665,0.781530,0.000000,0.016628,0.986755,0.00332561,1.390374,0.000000,14,0.254257,0.475662,,,114.730404,145.006997,0.791206,0.000000
421,2105.000,0.133922,0.545704,0.320374,12.052971,49.113330,28.833699,0.752842,0.000000,0.035745,1.000000,0.00714893,1.391396,0.000000,14,0.253968,0.495136,,,113.376239,145.031891,0.781733,0.000000
422,2110.000,0.135572,0.547040,0.317388,12.201516,49.233565,28.564918,0.764095,0.000000,0.015690,1.000000,0.00313807,1.392409,0.000000,14,0.253649,0.514541,,,112.433761,145.055464,0.775109,0.000000
423,2115.000,0.137254,0.548342,0.314404,12.352873,49.350763,28.296364,0.788562,0.000000,0.031954,1.000000,0.00639082,1.393413,0.000000,14,0.253299,0.533840,,,106.355090,145.077713,0.733090,0.000000
424,2120.000,0.138967,0.549610,0.311423,12.507016,49.464906,28.028078,0.717237,0.000000,0.089599,1.000000,0.01791980,1.394405,0.000000,14,0.252919,0.552999,,,104.228162,145.098633,0.718326,0.000000
425,2125.000,0.140710,0.550844,0.308446,12.663922,49.575974,27.760104,0.741180,0.000000,0.033187,1.000000,0.00663740,1.395385,0.000000,14,0.252509,0.571981,,,111.357346,145.118222,0.767356,0.000000
426,2130.000,0.142484,0.552044,0.305472,12.823565,49.683951,27.492484,0.788628,0.066667,0.078121,1.000000,0.01562420,1.396351,0.000000,15,0.279409,0.536245,,,109.450448,145.136477,0.754121,0.000000
427,2135.000,0.144288,0.553209,0.302503,12.985920,49.788820,27.225260,0.820323,0.000000,0.039678,1.000000,0.00793566,1.397302,0.000000,15,0.278718,0.553272,,,112.365118,145.153393,0.774113,0.000000
428,2140.000,0.146122,0.554340,0.299539,13.150962,49.890564,26.958473,0.819591,0.000000,0.004128,1.000000,0.00082560,1.398236,0.000000,15,0.277995,0.570169,,,111.933124,145.168970,0.771054,0.000000
429,2145.000,0.147985,0.555435,0.296580,13.318665,49.989167,26.692168,0.756152,0.000000,0.076438,1.000000,0.01528759,1.399153,0.000000,15,0.277241,0.586909,,,113.017508,145.183204,0.778448,0.000000
430,2150.000,0.149878,0.556496,0.293626,13.489002,50.084614,26.426384,0.827908,0.000000,0.087610,0.989247,0.01752204,1.400052,0.000000,15,0.276512,0.603464,,,116.238737,145.196093,0.800564,0.000000
431,2155.000,0.151799,0.557521,0.290680,13.661946,50.176889,26.161165,0.761315,0.000000,0.079508,1.000000,0.01590164,1.400930,0.000000,15,0.275897,0.619808,,,111.058652,145.207636,0.764827,0.000000
432,2160.000,0.153750,0.558511,0.287739,13.837470,50.265978,25.896552,0.781419,0.000000,0.026692,1.000000,0.00533840,1.401787,0.000000,15,0.275248,0.635913,,,110.419783,145.217829,0.760373,0.000000
433,2165.000,0.155728,0.559465,0.284807,14.015547,50.351866,25.632587,0.754757,0.000000,0.033183,1.000000,0.00663654,1.402622,0.000000,15,0.274567,0.651754,,,111.036127,145.226673,0.764571,0.000000
434,2170.000,0.157735,0.560384,0.281881,14.196147,50.434541,25.369311,0.801882,0.000000,0.059664,0.996416,0.01193279,1.403433,0.000000,15,0.273945,0.667304,,,113.247855,145.234164,0.779760,0.000000
435,2175.000,0.159769,0.561267,0.278964,14.379244,50.513989,25.106767,0.783532,0.000000,0.021972,1.000000,0.00439442,1.404220,0.000000,15,0.273323,0.682537,,,117.289338,145.240303,0.807554,0.000000
436,2180.000,0.161831,0.562113,0.276056,14.564807,50.590198,24.844996,0.815615,0.000000,0.040213,1.000000,0.00804262,1.404982,0.000000,15,0.272668,0.697430,,,115.786164,145.245087,0.797178,0.000000
437,2185.000,0.163920,0.562924,0.273156,14.752807,50.663155,24.584038,0.845571,0.000000,0.036289,1.000000,0.00725777,1.405718,0.000000,15,0.271982,0.711955,,,113.948360,145.248518,0.784506,0.000000
438,2190.000,0.166036,0.563698,0.270266,14.943215,50.732849,24.323936,0.765392,0.000000,0.094031,0.996416,0.01880628,1.406426,0.000000,15,0.271292,0.726090,,,113.912130,145.250592,0.784246,0.000000
439,2195.000,0.168178,0.564436,0.267386,15.136001,50.799269,24.064730,0.821109,0.000000,0.068653,1.000000,0.01373066,1.407106,0.000000,15,0.270662,0.739811,,,117.453490,145.251312,0.808623,0.000000
440,2200.000,0.170346,0.565138,0.264516,15.331133,50.862405,23.806461,0.818292,0.000000,0.005074,1.000000,0.00101475,1.407757,0.000000,15,0.270001,0.753094,,,113.244322,145.250676,0.779647,0.000000
441,2205.000,0.172540,0.565803,0.261657,15.528583,50.922246,23.549171,0.788313,0.000000,0.035850,1.000000,0.00717004,1.408379,0.000000,15,0.269310,0.765916,,,119.898129,145.248684,0.825468,0.000000
442,2210.000,0.174759,0.566431,0.258810,15.728317,50.978784,23.292899,0.767175,0.000000,0.026039,1.000000,0.00520770,1.408970,0.000000,15,0.268589,0.778255,,,114.985883,145.245337,0.791667,0.000000
443,2215.000,0.177003,0.567022,0.255974,15.930305,51.032009,23.037686,0.860319,0.000000,0.108958,1.000000,0.02179156,1.409529,0.000000,15,0.267837,0.790090,,,119.112575,145.240636,0.820105,0.000000
444,2220.000,0.179272,0.567577,0.253151,16.134515,51.081912,22.783573,0.838697,0.000000,0.024395,0.989247,0.00487896,1.410057,0.000000,15,0.267207,0.801400,,,114.679862,145.234580,0.789618,0.000000
445,2225.000,0.181566,0.568094,0.250340,16.340915,51.128487,22.530599,0.834467,0.000000,0.006454,1.000000,0.00129075,1.410552,0.000000,15,0.266600,0.812164,,,118.356674,145.227172,0.814976,0.000000
446,2230.000,0.183883,0.568575,0.247542,16.549471,51.171724,22.278805,0.784952,0.000000,0.058664,1.000000,0.01173278,1.411013,0.000000,15,0.265961,0.822362,,,117.413463,145.218411,0.808530,0.000000
447,2235.000,0.186224,0.569018,0.244758,16.760151,51.211619,22.028230,0.867466,0.000000,0.095750,1.000000,0.01914991,1.411441,0.000000,15,0.265289,0.831976,,,119.515097,145.208301,0.823060,0.000000
448,2240.000,0.188588,0.569424,0.241988,16.972922,51.248164,21.778913,0.820141,0.000000,0.053917,1.000000,0.01078334,1.411835,0.000000,15,0.264586,0.840988,,,113.966749,145.196841,0.784912,0.000000
449,2245.000,0.190975,0.569793,0.239232,17.187750,51.281354,21.530895,0.829518,0.000000,0.011976,0.996416,0.00239527,1.412193,0.000000,15,0.263922,0.849379,,,117.233526,145.184035,0.807482,0.000000
450,2250.000,0.193384,0.570124,0.236491,17.404602,51.311183,21.284215,0.841388,0.000000,0.014733,1.000000,0.00294666,1.412517,0.000000,15,0.263263,0.857134,,,113.906713,145.169883,0.784644,0.000000
451,2255.000,0.195816,0.570418,0.233766,17.623442,51.337647,21.038910,0.833114,0.000000,0.010007,0.996416,0.00200143,1.412805,0.000000,15,0.262604,0.864237,,,114.574470,145.154389,0.789328,0.000000
452,2260.000,0.198269,0.570675,0.231056,17.844237,51.360742,20.795021,0.886622,0.000000,0.060908,0.996416,0.01218155,1.413056,0.000000,15,0.262025,0.870672,,,116.148351,145.137554,0.800264,0.000000
453,2265.000,0.200744,0.570894,0.228362,18.066951,51.380463,20.552586,0.840755,0.000000,0.051188,0.996416,0.01023766,1.413272,0.000000,15,0.261541,0.876426,,,119.955233,145.119382,0.826597,0.000000
454,2270.000,0.203239,0.571076,0.225685,18.291550,51.396809,20.311642,0.864516,0.000000,0.028023,1.000000,0.00560451,1.413451,0.000000,15,0.261075,0.881485,,,116.216864,145.099875,0.800944,0.000000
455,2275.000,0.205756,0.571220,0.223025,18.517997,51.409775,20.072228,0.876788,0.000000,0.014520,1.000000,0.00290410,1.413593,0.000000,15,0.260579,0.885838,,,113.084254,145.079036,0.779467,0.000000
456,2280.000,0.208292,0.571326,0.220382,18.746258,51.419360,19.834382,0.895529,0.000000,0.021429,0.996416,0.00428573,1.413698,0.000000,15,0.260057,0.889472,,,119.539447,145.056869,0.824087,0.000000
457,2285.000,0.210848,0.571395,0.217757,18.976296,51.425564,19.598141,0.822009,0.000000,0.081646,1.000000,0.01632921,1.413767,0.000000,15,0.259650,0.892378,,,118.189791,145.033377,0.814914,0.000000
458,2290.000,0.213423,0.571426,0.215150,19.208074,51.428383,19.363542,0.841665,0.000000,0.023812,1.000000,0.00476242,1.413797,0.000000,15,0.259214,0.894547,,,114.887705,145.008564,0.792282,0.000000
459,2295.000,0.216017,0.571420,0.212562,19.441557,51.427819,19.130624,0.905416,0.000000,0.070828,0.996416,0.01416569,1.413791,0.000000,15,0.258861,0.895969,,,122.209350,144.982433,0.842925,0.000000
460,2300.000,0.218630,0.571376,0.209994,19.676707,51.423872,18.899421,0.873746,0.000000,0.034565,1.000000,0.00691305,1.413748,0.000000,15,0.258536,0.896639,,,119.060351,144.954990,0.821361,0.000000
461,2305.000,0.221261,0.571295,0.207444,19.913487,51.416541,18.669972,0.853102,0.000000,0.023229,1.000000,0.00464589,1.413667,0.000000,15,0.258181,0.896549,,,116.576735,144.926237,0.804387,0.000000
462,2310.000,0.223910,0.571176,0.204915,20.151860,51.405828,18.442312,0.906681,0.000000,0.059458,0.996416,0.01189154,1.413550,0.000000,15,0.257848,0.895696,,,122.665545,144.896181,0.846575,0.000000
463,2315.000,0.226575,0.571019,0.202405,20.391788,51.391735,18.216476,0.833108,0.000000,0.080810,0.992832,0.01616201,1.413395,0.000000,15,0.257629,0.894075,,,118.015539,144.864824,0.814660,0.000000
464,2320.000,0.229258,0.570825,0.199917,20.633234,51.374265,17.992502,0.849247,0.000000,0.019342,1.000000,0.00386842,1.413204,0.000000,15,0.257518,0.891684,,,117.239940,144.832173,0.809488,0.000000
465,2325.000,0.231957,0.570594,0.197449,20.876158,51.353418,17.770424,0.833510,0.000000,0.018214,0.996416,0.00364274,1.412977,0.000000,15,0.257452,0.888522,,,114.785882,144.798233,0.792730,0.000000
466,2330.000,0.234672,0.570324,0.195003,21.120523,51.329200,17.550276,0.896316,0.000000,0.070353,1.000000,0.01407063,1.412713,0.000000,15,0.257359,0.884588,,,117.217670,144.763009,0.809721,0.000000
467,2335.000,0.237403,0.570018,0.192579,21.366291,51.301614,17.332095,0.880594,0.000000,0.017265,0.996416,0.00345296,1.412413,0.000000,15,0.257319,0.879883,,,117.781717,144.726506,0.813823,0.000000
468,2340.000,0.240149,0.569674,0.190177,21.613421,51.270664,17.115914,0.865011,0.000000,0.017440,1.000000,0.00348809,1.412078,0.000000,15,0.257296,0.874410,,,114.285285,144.688730,0.789870,0.000000
469,2345.000,0.242910,0.569293,0.187797,21.861877,51.236355,16.901768,0.881157,0.000000,0.018558,1.000000,0.00371155,1.411707,0.000000,15,0.257242,0.868173,,,115.432739,144.649688,0.798016,0.000000
470,2350.000,0.245685,0.568874,0.185441,22.111617,51.198693,16.689690,0.865161,0.000000,0.017939,1.000000,0.00358783,1.411302,0.000000,15,0.257158,0.861176,,,118.886637,144.609385,0.822123,0.000000
471,2355.000,0.248473,0.568419,0.183108,22.362603,51.157683,16.479714,0.913370,0.000000,0.052967,1.000000,0.01059344,1.410863,0.000000,15,0.257042,0.853426,,,118.956610,144.567827,0.822843,0.000000
472,2360.000,0.251275,0.567926,0.180799,22.614795,51.113332,16.271873,0.921022,0.000000,0.009417,1.000000,0.00188347,1.410390,0.000000,15,0.256895,0.844930,,,116.436742,144.525022,0.805651,0.000000
473,2365.000,0.254091,0.567396,0.178513,22.868153,51.065647,16.066200,0.885803,0.000000,0.038091,1.000000,0.00761814,1.409884,0.000000,15,0.256717,0.835698,,,121.199396,144.480977,0.838861,0.000000
474,2370.000,0.256918,0.566829,0.176253,23.122637,51.014636,15.862727,0.937096,0.000000,0.054861,0.985663,0.01097217,1.409346,0.000000,15,0.256750,0.825740,,,121.693426,144.435697,0.842544,0.000000
475,2375.000,0.259758,0.566226,0.174017,23.378207,50.960306,15.661487,0.857269,0.000000,0.085083,1.000000,0.01701668,1.408776,0.000000,15,0.256856,0.815067,,,117.601204,144.389190,0.814474,0.000000
476,2380.000,0.262609,0.565585,0.171806,23.634823,50.902666,15.462511,0.911917,0.000000,0.060011,1.000000,0.01200228,1.408175,0.000000,15,0.256933,0.803693,,,118.802067,144.341464,0.823063,0.000000
477,2385.000,0.265472,0.564908,0.169620,23.892444,50.841725,15.265830,0.873237,0.000000,0.042351,1.000000,0.00847015,1.407544,0.000000,15,0.256980,0.791632,,,117.671736,144.292526,0.815508,0.000000
478,2390.000,0.268345,0.564194,0.167461,24.151030,50.777494,15.071476,0.872158,0.000000,0.005092,1.000000,0.00101832,1.406883,0.000000,15,0.256998,0.778900,,,113.051758,144.242383,0.783762,0.000000
479,2395.000,0.271228,0.563444,0.165328,24.410539,50.709981,14.879480,0.918759,0.000000,0.050746,1.000000,0.01014926,1.406193,0.000000,15,0.256986,0.765514,,,119.624933,144.191045,0.829628,0.000000
480,2400.000,0.274121,0.562658,0.163221,24.670931,50.639198,14.689871,0.874128,0.000000,0.048573,1.000000,0.00971455,1.405475,0.000000,15,0.256944,0.751494,,,112.902923,144.138518,0.783295,0.000000
481,2405.000,0.277024,0.561835,0.161141,24.932164,50.565156,14.502680,0.875336,0.000000,0.003684,0.996416,0.00073675,1.404731,0.000000,15,0.256924,0.736858,,,114.082911,144.084811,0.791776,0.000000
482,2410.000,0.279936,0.560976,0.159088,25.194198,50.487866,14.317936,0.883791,0.000000,0.010135,1.000000,0.00202703,1.403961,0.000000,15,0.256929,0.721629,,,116.212787,144.029933,0.806866,0.000000
483,2415.000,0.282855,0.560082,0.157063,25.456991,50.407341,14.135669,0.910483,0.000000,0.029259,0.985663,0.00585180,1.403165,0.000000,15,0.257137,0.705829,,,117.153893,143.973892,0.813716,0.000000
484,2420.000,0.285783,0.559151,0.155066,25.720500,50.323593,13.955906,0.958299,0.000000,0.049821,1.000000,0.00996413,1.402346,0.000000,15,0.257362,0.689482,,,117.959373,143.916698,0.819636,0.000000
485,2425.000,0.288719,0.558185,0.153096,25.984686,50.236637,13.778677,0.906590,0.000000,0.054055,1.000000,0.01081094,1.401503,0.000000,15,0.257560,0.672614,,,116.064683,143.858358,0.806798,0.000000
486,2430.000,0.291661,0.557183,0.151156,26.249506,50.146484,13.604010,0.892319,0.000000,0.015863,1.000000,0.00317263,1.400639,0.000000,15,0.257729,0.655251,,,115.033924,143.798883,0.799964,0.000000
487,2435.000,0.294610,0.556146,0.149244,26.514918,50.053150,13.431932,0.959238,0.000000,0.069629,1.000000,0.01392583,1.399754,0.000000,15,0.257871,0.637422,,,121.600626,143.738281,0.845986,0.000000
488,2440.000,0.297565,0.555074,0.147361,26.780880,49.956650,13.262470,0.966555,0.000000,0.008301,0.996416,0.00166015,1.398850,0.000000,15,0.258031,0.619155,,,120.240849,143.676563,0.836886,0.000000
489,2445.000,0.300526,0.553967,0.145507,27.047351,49.856998,13.095651,0.986804,0.000000,0.020337,1.000000,0.00406732,1.397927,0.000000,15,0.258227,0.600482,,,120.411520,143.613738,0.838440,0.000000
490,2450.000,0.303492,0.552825,0.143683,27.314288,49.754210,12.931502,0.894435,0.000000,0.093793,1.000000,0.01875851,1.396987,0.000000,15,0.258393,0.581433,,,119.711893,143.549816,0.833940,0.000000
491,2455.000,0.306463,0.551648,0.141889,27.581649,49.648303,12.770048,0.908337,0.000000,0.015079,1.000000,0.00301588,1.396031,0.000000,15,0.258531,0.562043,,,116.318994,143.484807,0.810671,0.000000
492,2460.000,0.309438,0.550437,0.140126,27.849392,49.539294,12.611314,0.937481,0.000000,0.030846,1.000000,0.00616911,1.395060,0.000000,15,0.258639,0.542343,,,117.089359,143.418721,0.816416,0.000000
493,2465.000,0.312416,0.549191,0.138393,28.117474,49.427199,12.455327,0.995533,0.000000,0.058056,1.000000,0.01161126,1.394076,0.000000,15,0.258718,0.522370,,,121.857797,143.351569,0.850063,0.000000
494,2470.000,0.315398,0.547912,0.136690,28.385854,49.312036,12.302110,0.952628,0.000000,0.043377,1.000000,0.00867541,1.393079,0.000000,15,0.258768,0.502159,,,120.217967,143.283362,0.839023,0.000000
495,2475.000,0.318383,0.546598,0.135019,28.654489,49.193823,12.151688,0.989239,0.000000,0.036707,1.000000,0.00734148,1.392072,0.000000,15,0.258789,0.481748,,,121.429804,143.214109,0.847890,0.000000
496,2480.000,0.321370,0.545251,0.133379,28.923336,49.072580,12.004084,0.925517,0.000000,0.064729,1.000000,0.01294583,1.391056,0.000000,15,0.258780,0.461173,,,121.577348,143.143823,0.849337,0.000000
497,2485.000,0.324359,0.543870,0.131770,29.192353,48.948325,11.859322,0.952352,0.000000,0.027832,1.000000,0.00556648,1.390032,0.000000,15,0.258743,0.440473,,,114.904593,143.072513,0.803121,0.000000
498,2490.000,0.327350,0.542456,0.130194,29.461498,48.821078,11.717425,0.976138,0.000000,0.024000,0.989247,0.00480000,1.389001,0.000000,15,0.258800,0.419687,,,122.569718,143.000193,0.857130,0.000000
499,2495.000,0.330341,0.541010,0.128649,29.730728,48.690858,11.578414,0.932262,0.000000,0.045328,1.000000,0.00906567,1.387965,0.000000,15,0.258961,0.398856,,,118.069836,142.926872,0.826086,0.000000
