request_id,status,latency_ms,experts,hot_expert,expert_popularity,cache_key,error
0,200,55.946115,"3,2",0,0.464307;0.202101;0.124240;0.087970;0.067304;0.054078,prompt-0,
1,200,42.863040,"0,4",0,0.464307;0.202101;0.124240;0.087970;0.067304;0.054078,prompt-1,
2,200,46.477905,"5,4",0,0.464307;0.202101;0.124240;0.087970;0.067304;0.054078,prompt-2,
3,200,42.429273,"0,2",0,0.464307;0.202101;0.124240;0.087970;0.067304;0.054078,prompt-3,
4,200,41.925946,"0,1",0,0.464307;0.202101;0.124240;0.087970;0.067304;0.054078,prompt-4,
5,200,41.924803,"1,3",0,0.464307;0.202101;0.124240;0.087970;0.067304;0.054078,prompt-5,
6,200,47.400994,"3,2",0,0.464307;0.202101;0.124240;0.087970;0.067304;0.054078,prompt-6,
7,200,41.485936,"0,1",0,0.464307;0.202101;0.124240;0.087970;0.067304;0.054078,prompt-7,
8,200,41.506323,"0,5",0,0.464307;0.202101;0.124240;0.087970;0.067304;0.054078,prompt-8,
9,200,40.327116,"0,1",0,0.464307;0.202101;0.124240;0.087970;0.067304;0.054078,prompt-9,
10,200,39.665249,"1,0",0,0.464307;0.202101;0.124240;0.087970;0.067304;0.054078,prompt-10,
11,200,41.494994,"0,2",0,0.464307;0.202101;0.124240;0.087970;0.067304;0.054078,prompt-11,
12,200,42.784110,"1,2",0,0.464307;0.202101;0.124240;0.087970;0.067304;0.054078,prompt-12,
13,200,40.943987,"0,3",0,0.464307;0.202101;0.124240;0.087970;0.067304;0.054078,prompt-13,
14,200,40.987378,"0,3",0,0.464307;0.202101;0.124240;0.087970;0.067304;0.054078,prompt-14,
15,200,40.459464,"5,0",0,0.464307;0.202101;0.124240;0.087970;0.067304;0.054078,prompt-15,
16,200,39.498443,"0,2",0,0.464307;0.202101;0.124240;0.087970;0.067304;0.054078,prompt-16,
17,200,40.321704,"1,3",0,0.464307;0.202101;0.124240;0.087970;0.067304;0.054078,prompt-17,
18,200,39.642406,"0,3",0,0.464307;0.202101;0.124240;0.087970;0.067304;0.054078,prompt-18,
19,200,40.793413,"2,3",0,0.464307;0.202101;0.124240;0.087970;0.067304;0.054078,prompt-19,
20,200,40.017222,"3,0",5,0.202101;0.124240;0.087970;0.067304;0.054078;0.464307,prompt-20,
21,200,41.185371,"5,0",5,0.202101;0.124240;0.087970;0.067304;0.054078;0.464307,prompt-21,
22,200,41.419121,"5,4",5,0.202101;0.124240;0.087970;0.067304;0.054078;0.464307,prompt-22,
23,200,40.038042,"5,1",5,0.202101;0.124240;0.087970;0.067304;0.054078;0.464307,prompt-23,
24,200,40.949928,"2,0",5,0.202101;0.124240;0.087970;0.067304;0.054078;0.464307,prompt-24,
25,200,40.229933,"0,5",5,0.202101;0.124240;0.087970;0.067304;0.054078;0.464307,prompt-25,
26,200,43.610358,"0,4",5,0.202101;0.124240;0.087970;0.067304;0.054078;0.464307,prompt-26,
27,200,40.717700,"5,0",5,0.202101;0.124240;0.087970;0.067304;0.054078;0.464307,prompt-27,
28,200,42.203638,"5,4",5,0.202101;0.124240;0.087970;0.067304;0.054078;0.464307,prompt-28,
29,200,41.610481,"3,0",5,0.202101;0.124240;0.087970;0.067304;0.054078;0.464307,prompt-29,
30,200,41.894378,"5,4",5,0.202101;0.124240;0.087970;0.067304;0.054078;0.464307,prompt-30,
31,200,48.669413,"5,2",5,0.202101;0.124240;0.087970;0.067304;0.054078;0.464307,prompt-31,
32,200,43.853385,"5,3",5,0.202101;0.124240;0.087970;0.067304;0.054078;0.464307,prompt-32,
33,200,44.271432,"2,0",5,0.202101;0.124240;0.087970;0.067304;0.054078;0.464307,prompt-33,
34,200,43.647657,"1,3",5,0.202101;0.124240;0.087970;0.067304;0.054078;0.464307,prompt-34,
35,200,43.201267,"5,0",5,0.202101;0.124240;0.087970;0.067304;0.054078;0.464307,prompt-35,
36,200,41.637041,"4,2",5,0.202101;0.124240;0.087970;0.067304;0.054078;0.464307,prompt-36,
37,200,42.467886,"5,3",5,0.202101;0.124240;0.087970;0.067304;0.054078;0.464307,prompt-37,
38,200,41.759131,"5,1",5,0.202101;0.124240;0.087970;0.067304;0.054078;0.464307,prompt-38,
39,200,43.653107,"1,0",5,0.202101;0.124240;0.087970;0.067304;0.054078;0.464307,prompt-39,
40,200,43.469110,"4,2",4,0.124240;0.087970;0.067304;0.054078;0.464307;0.202101,prompt-40,
41,200,40.755711,"4,0",4,0.124240;0.087970;0.067304;0.054078;0.464307;0.202101,prompt-41,
42,200,40.648670,"4,1",4,0.124240;0.087970;0.067304;0.054078;0.464307;0.202101,prompt-42,
43,200,40.662036,"0,4",4,0.124240;0.087970;0.067304;0.054078;0.464307;0.202101,prompt-43,
44,200,43.563808,"4,0",4,0.124240;0.087970;0.067304;0.054078;0.464307;0.202101,prompt-44,
45,200,41.670275,"4,3",4,0.124240;0.087970;0.067304;0.054078;0.464307;0.202101,prompt-45,
46,200,45.924484,"4,5",4,0.124240;0.087970;0.067304;0.054078;0.464307;0.202101,prompt-46,
47,200,41.948177,"0,4",4,0.124240;0.087970;0.067304;0.054078;0.464307;0.202101,prompt-47,
48,200,43.320501,"1,2",4,0.124240;0.087970;0.067304;0.054078;0.464307;0.202101,prompt-48,
49,200,46.801206,"5,2",4,0.124240;0.087970;0.067304;0.054078;0.464307;0.202101,prompt-49,
50,200,44.568300,"5,4",4,0.124240;0.087970;0.067304;0.054078;0.464307;0.202101,prompt-50,
51,200,45.805140,"5,4",4,0.124240;0.087970;0.067304;0.054078;0.464307;0.202101,prompt-51,
52,200,42.676689,"4,1",4,0.124240;0.087970;0.067304;0.054078;0.464307;0.202101,prompt-52,
53,200,45.917231,"5,4",4,0.124240;0.087970;0.067304;0.054078;0.464307;0.202101,prompt-53,
54,200,41.963456,"4,0",4,0.124240;0.087970;0.067304;0.054078;0.464307;0.202101,prompt-54,
55,200,41.545509,"1,5",4,0.124240;0.087970;0.067304;0.054078;0.464307;0.202101,prompt-55,
56,200,41.122132,"1,0",4,0.124240;0.087970;0.067304;0.054078;0.464307;0.202101,prompt-56,
57,200,43.114154,"5,4",4,0.124240;0.087970;0.067304;0.054078;0.464307;0.202101,prompt-57,
58,200,43.262702,"5,3",4,0.124240;0.087970;0.067304;0.054078;0.464307;0.202101,prompt-58,
59,200,43.745663,"4,1",4,0.124240;0.087970;0.067304;0.054078;0.464307;0.202101,prompt-59,
60,200,44.122321,"3,4",3,0.087970;0.067304;0.054078;0.464307;0.202101;0.124240,prompt-60,
61,200,42.060458,"3,0",3,0.087970;0.067304;0.054078;0.464307;0.202101;0.124240,prompt-61,
62,200,42.607118,"3,4",3,0.087970;0.067304;0.054078;0.464307;0.202101;0.124240,prompt-62,
63,200,43.154989,"3,5",3,0.087970;0.067304;0.054078;0.464307;0.202101;0.124240,prompt-63,
64,200,43.178232,"0,2",3,0.087970;0.067304;0.054078;0.464307;0.202101;0.124240,prompt-64,
65,200,42.569177,"3,4",3,0.087970;0.067304;0.054078;0.464307;0.202101;0.124240,prompt-65,
66,200,45.097607,"4,3",3,0.087970;0.067304;0.054078;0.464307;0.202101;0.124240,prompt-66,
67,200,41.385489,"4,5",3,0.087970;0.067304;0.054078;0.464307;0.202101;0.124240,prompt-67,
68,200,42.361194,"4,3",3,0.087970;0.067304;0.054078;0.464307;0.202101;0.124240,prompt-68,
69,200,46.406020,"0,3",3,0.087970;0.067304;0.054078;0.464307;0.202101;0.124240,prompt-69,
70,200,44.091463,"0,3",3,0.087970;0.067304;0.054078;0.464307;0.202101;0.124240,prompt-70,
71,200,43.905723,"4,3",3,0.087970;0.067304;0.054078;0.464307;0.202101;0.124240,prompt-71,
72,200,42.405598,"1,3",3,0.087970;0.067304;0.054078;0.464307;0.202101;0.124240,prompt-72,
73,200,42.463798,"4,3",3,0.087970;0.067304;0.054078;0.464307;0.202101;0.124240,prompt-73,
74,200,42.691026,"5,3",3,0.087970;0.067304;0.054078;0.464307;0.202101;0.124240,prompt-74,
75,200,42.211893,"4,0",3,0.087970;0.067304;0.054078;0.464307;0.202101;0.124240,prompt-75,
76,200,43.458981,"4,3",3,0.087970;0.067304;0.054078;0.464307;0.202101;0.124240,prompt-76,
77,200,43.189034,"3,4",3,0.087970;0.067304;0.054078;0.464307;0.202101;0.124240,prompt-77,
78,200,42.886294,"3,5",3,0.087970;0.067304;0.054078;0.464307;0.202101;0.124240,prompt-78,
79,200,43.387087,"4,3",3,0.087970;0.067304;0.054078;0.464307;0.202101;0.124240,prompt-79,
80,200,43.283852,"2,5",2,0.067304;0.054078;0.464307;0.202101;0.124240;0.087970,prompt-80,
81,200,42.252200,"2,4",2,0.067304;0.054078;0.464307;0.202101;0.124240;0.087970,prompt-81,
82,200,40.995313,"2,1",2,0.067304;0.054078;0.464307;0.202101;0.124240;0.087970,prompt-82,
83,200,42.048807,"2,4",2,0.067304;0.054078;0.464307;0.202101;0.124240;0.087970,prompt-83,
84,200,41.533797,"5,2",2,0.067304;0.054078;0.464307;0.202101;0.124240;0.087970,prompt-84,
85,200,42.095965,"2,3",2,0.067304;0.054078;0.464307;0.202101;0.124240;0.087970,prompt-85,
86,200,43.438604,"2,4",2,0.067304;0.054078;0.464307;0.202101;0.124240;0.087970,prompt-86,
87,200,51.928050,"2,3",2,0.067304;0.054078;0.464307;0.202101;0.124240;0.087970,prompt-87,
88,200,41.497490,"2,4",2,0.067304;0.054078;0.464307;0.202101;0.124240;0.087970,prompt-88,
89,200,41.927657,"2,5",2,0.067304;0.054078;0.464307;0.202101;0.124240;0.087970,prompt-89,
90,200,43.018230,"3,0",2,0.067304;0.054078;0.464307;0.202101;0.124240;0.087970,prompt-90,
91,200,41.777306,"2,3",2,0.067304;0.054078;0.464307;0.202101;0.124240;0.087970,prompt-91,
92,200,41.983363,"3,4",2,0.067304;0.054078;0.464307;0.202101;0.124240;0.087970,prompt-92,
93,200,42.221200,"5,2",2,0.067304;0.054078;0.464307;0.202101;0.124240;0.087970,prompt-93,
94,200,40.922094,"1,2",2,0.067304;0.054078;0.464307;0.202101;0.124240;0.087970,prompt-94,
95,200,43.106928,"2,5",2,0.067304;0.054078;0.464307;0.202101;0.124240;0.087970,prompt-95,
96,200,44.359447,"2,5",2,0.067304;0.054078;0.464307;0.202101;0.124240;0.087970,prompt-96,
97,200,42.346388,"2,3",2,0.067304;0.054078;0.464307;0.202101;0.124240;0.087970,prompt-97,
98,200,40.935720,"2,3",2,0.067304;0.054078;0.464307;0.202101;0.124240;0.087970,prompt-98,
99,200,40.826494,"2,4",2,0.067304;0.054078;0.464307;0.202101;0.124240;0.087970,prompt-99,
100,200,39.301815,"1,4",1,0.054078;0.464307;0.202101;0.124240;0.087970;0.067304,prompt-100,
101,200,40.135484,"2,1",1,0.054078;0.464307;0.202101;0.124240;0.087970;0.067304,prompt-101,
102,200,52.585887,"1,2",1,0.054078;0.464307;0.202101;0.124240;0.087970;0.067304,prompt-102,
103,200,40.413176,"0,3",1,0.054078;0.464307;0.202101;0.124240;0.087970;0.067304,prompt-103,
104,200,41.001655,"0,4",1,0.054078;0.464307;0.202101;0.124240;0.087970;0.067304,prompt-104,
105,200,41.857345,"5,1",1,0.054078;0.464307;0.202101;0.124240;0.087970;0.067304,prompt-105,
106,200,40.484702,"1,2",1,0.054078;0.464307;0.202101;0.124240;0.087970;0.067304,prompt-106,
107,200,39.110194,"1,2",1,0.054078;0.464307;0.202101;0.124240;0.087970;0.067304,prompt-107,
108,200,40.217749,"1,0",1,0.054078;0.464307;0.202101;0.124240;0.087970;0.067304,prompt-108,
109,200,40.021939,"2,4",1,0.054078;0.464307;0.202101;0.124240;0.087970;0.067304,prompt-109,
110,200,39.659138,"1,2",1,0.054078;0.464307;0.202101;0.124240;0.087970;0.067304,prompt-110,
111,200,40.115997,"2,1",1,0.054078;0.464307;0.202101;0.124240;0.087970;0.067304,prompt-111,
112,200,39.808809,"2,4",1,0.054078;0.464307;0.202101;0.124240;0.087970;0.067304,prompt-112,
113,200,39.640713,"2,3",1,0.054078;0.464307;0.202101;0.124240;0.087970;0.067304,prompt-113,
114,200,41.453235,"2,3",1,0.054078;0.464307;0.202101;0.124240;0.087970;0.067304,prompt-114,
115,200,40.582375,"2,3",1,0.054078;0.464307;0.202101;0.124240;0.087970;0.067304,prompt-115,
116,200,43.551856,"1,4",1,0.054078;0.464307;0.202101;0.124240;0.087970;0.067304,prompt-116,
117,200,41.772447,"1,2",1,0.054078;0.464307;0.202101;0.124240;0.087970;0.067304,prompt-117,
118,200,40.863614,"1,0",1,0.054078;0.464307;0.202101;0.124240;0.087970;0.067304,prompt-118,
119,200,40.819272,"1,2",1,0.054078;0.464307;0.202101;0.124240;0.087970;0.067304,prompt-119,
