mode,step,p_read_home,p_compose_post,p_read_user
step,0,0.7,0.15,0.15
step,1,0.7,0.15,0.15
step,2,0.7,0.15,0.15
step,3,0.7,0.15,0.15
step,4,0.7,0.15,0.15
step,5,0.7,0.15,0.15
step,6,0.7,0.15,0.15
step,7,0.7,0.15,0.15
step,8,0.7,0.15,0.15
step,9,0.7,0.15,0.15
step,10,0.7,0.15,0.15
step,11,0.7,0.15,0.15
step,12,0.15,0.7,0.15
step,13,0.15,0.7,0.15
step,14,0.15,0.7,0.15
step,15,0.15,0.7,0.15
step,16,0.15,0.7,0.15
step,17,0.15,0.7,0.15
step,18,0.15,0.7,0.15
step,19,0.15,0.7,0.15
step,20,0.15,0.7,0.15
step,21,0.15,0.7,0.15
step,22,0.15,0.7,0.15
step,23,0.15,0.7,0.15
step,24,0.15,0.15,0.7
step,25,0.15,0.15,0.7
step,26,0.15,0.15,0.7
step,27,0.15,0.15,0.7
step,28,0.15,0.15,0.7
step,29,0.15,0.15,0.7
step,30,0.15,0.15,0.7
step,31,0.15,0.15,0.7
step,32,0.15,0.15,0.7
step,33,0.15,0.15,0.7
step,34,0.15,0.15,0.7
step,35,0.15,0.15,0.7
linear,0,0.7000000000000001,0.20000000000000004,0.10000000000000002
linear,1,0.6736374073843981,0.2140896913848689,0.11227290123073304
linear,2,0.6482776814743089,0.22758403909444036,0.12413827943125066
linear,3,0.6239444162796609,0.2404154932247607,0.13564009049557843
linear,4,0.6006467160217098,0.2525285311729832,0.14682475280530685
linear,5,0.5783813739392831,0.26387825135000315,0.1577403747107136
linear,6,0.5571348970616113,0.27442897126859916,0.16843613166978952
linear,7,0.5368853426801262,0.2841528764264984,0.17896178089337542
linear,8,0.5176039491458135,0.2930287523862058,0.1893672984679806
linear,9,0.4992565564777219,0.3010408209311893,0.19970262259108876
linear,10,0.48180482156238447,0.30817769211555057,0.21001748632206502
linear,11,0.4652072390306416,0.3144314372180019,0.22036132375135653
linear,12,0.44941998281298,0.3197967827695436,0.2307832344174763
linear,13,0.4343975854547309,0.3242704226259743,0.24133199191929497
linear,14,0.4200934730084502,0.32785044318647966,0.25205608380507016
linear,15,0.40646037312349825,0.33053585603188523,0.2630037708446165
linear,16,0.39345061315407565,0.33232623222338686,0.2742231546225376
linear,17,0.3810163239665321,0.3332214330585688,0.28576224297489916
linear,18,0.36910956384257804,0.3332214330585688,0.29766900309885325
linear,19,0.35768237559461413,0.33232623222338686,0.30999139218199895
linear,20,0.34668678884063087,0.33053585603188523,0.3227773551274839
linear,21,0.3360747784067601,0.3278504431864796,0.33607477840676014
linear,22,0.32579818909104813,0.3242704226259743,0.3499313882829776
linear,23,0.3158086365712833,0.3197967827695436,0.3643945806591731
linear,24,0.30605739409910626,0.3144314372180019,0.3795111686828918
linear,25,0.29649527480762117,0.3081776921155506,0.3953270330768283
linear,26,0.2870725199746901,0.3010408209311893,0.4118866590941206
linear,27,0.27773870441970483,0.2930287523862058,0.4292325431940894
linear,28,0.26844267134006305,0.28415287642649845,0.4474044522334385
linear,29,0.2591325102612145,0.2744289712685991,0.46643851847018625
linear,30,0.2497555932919632,0.2638782513500032,0.4863661553580337
linear,31,0.24025868640868395,0.2525285311729832,0.5072127824183328
linear,32,0.23058815384248332,0.24041549322476075,0.5289963529327559
linear,33,0.2206902745444456,0.22758403909444044,0.5517256863611141
linear,34,0.21051168980762439,0.21408969138486894,0.5753986188075068
linear,35,0.19999999999999996,0.20000000000000004,0.6
sinusoidal,0,0.3333333333333333,0.539529858043914,0.12713680862275273
sinusoidal,1,0.37467813753974527,0.5157248674092805,0.10959699505097421
sinusoidal,2,0.4147667007918258,0.48637800230631884,0.09885529690185524
sinusoidal,3,0.45238095238095233,0.45238095238095244,0.09523809523809522
sinusoidal,4,0.48637800230631895,0.414766700791826,0.0988552969018552
sinusoidal,5,0.5157248674092804,0.3746781375397454,0.10959699505097413
sinusoidal,6,0.539529858043914,0.33333333333333337,0.1271368086227526
sinusoidal,7,0.5570696716156925,0.2919885291269214,0.15094179925738604
sinusoidal,8,0.5678113697648114,0.25189996587484087,0.18028866436034768
sinusoidal,9,0.5714285714285715,0.21428571428571436,0.2142857142857142
sinusoidal,10,0.5678113697648115,0.1802886643603478,0.25189996587484065
sinusoidal,11,0.5570696716156925,0.1509417992573862,0.2919885291269212
sinusoidal,12,0.539529858043914,0.12713680862275273,0.33333333333333326
sinusoidal,13,0.5157248674092805,0.10959699505097419,0.37467813753974527
sinusoidal,14,0.48637800230631895,0.09885529690185522,0.41476670079182576
sinusoidal,15,0.45238095238095255,0.09523809523809523,0.4523809523809523
sinusoidal,16,0.414766700791826,0.0988552969018552,0.4863780023063187
sinusoidal,17,0.3746781375397453,0.10959699505097416,0.5157248674092805
sinusoidal,18,0.3333333333333334,0.12713680862275262,0.539529858043914
sinusoidal,19,0.2919885291269214,0.15094179925738604,0.5570696716156924
sinusoidal,20,0.2518999658748408,0.18028866436034774,0.5678113697648115
sinusoidal,21,0.21428571428571422,0.21428571428571433,0.5714285714285714
sinusoidal,22,0.18028866436034788,0.25189996587484065,0.5678113697648115
sinusoidal,23,0.15094179925738618,0.2919885291269213,0.5570696716156924
sinusoidal,24,0.12713680862275273,0.33333333333333326,0.5395298580439141
sinusoidal,25,0.1095969950509742,0.3746781375397453,0.5157248674092805
sinusoidal,26,0.09885529690185522,0.41476670079182576,0.48637800230631895
sinusoidal,27,0.09523809523809525,0.4523809523809524,0.4523809523809525
sinusoidal,28,0.09885529690185522,0.48637800230631884,0.414766700791826
sinusoidal,29,0.10959699505097419,0.5157248674092805,0.3746781375397453
sinusoidal,30,0.12713680862275262,0.5395298580439138,0.3333333333333335
sinusoidal,31,0.15094179925738613,0.5570696716156924,0.2919885291269214
sinusoidal,32,0.18028866436034768,0.5678113697648114,0.2518999658748409
sinusoidal,33,0.2142857142857143,0.5714285714285713,0.2142857142857144
sinusoidal,34,0.2518999658748407,0.5678113697648113,0.18028866436034793
sinusoidal,35,0.2919885291269213,0.5570696716156924,0.15094179925738638
markov,0,0.76,0.12,0.12
markov,1,0.76,0.12,0.12
markov,2,0.76,0.12,0.12
markov,3,0.76,0.12,0.12
markov,4,0.76,0.12,0.12
markov,5,0.76,0.12,0.12
markov,6,0.12,0.12,0.76
markov,7,0.76,0.12,0.12
markov,8,0.12,0.12,0.76
markov,9,0.12,0.12,0.76
markov,10,0.12,0.12,0.76
markov,11,0.12,0.12,0.76
markov,12,0.76,0.12,0.12
markov,13,0.76,0.12,0.12
markov,14,0.76,0.12,0.12
markov,15,0.76,0.12,0.12
markov,16,0.12,0.76,0.12
markov,17,0.12,0.76,0.12
markov,18,0.12,0.76,0.12
markov,19,0.76,0.12,0.12
markov,20,0.76,0.12,0.12
markov,21,0.76,0.12,0.12
markov,22,0.76,0.12,0.12
markov,23,0.76,0.12,0.12
markov,24,0.76,0.12,0.12
markov,25,0.12,0.76,0.12
markov,26,0.12,0.12,0.76
markov,27,0.12,0.12,0.76
markov,28,0.12,0.12,0.76
markov,29,0.12,0.12,0.76
markov,30,0.12,0.76,0.12
markov,31,0.12,0.76,0.12
markov,32,0.12,0.12,0.76
markov,33,0.12,0.12,0.76
markov,34,0.12,0.12,0.76
markov,35,0.12,0.12,0.76
